<gpx version="1.1" creator="Apple Watch" xsi:schemaLocation="http://www.topografix.com/GPX/1/1 http://www.topografix.com/GPX/1/1/gpx.xsd http://www.garmin.com/xmlschemas/GpxExtensions/v3 http://www.garmin.com/xmlschemas/GpxExtensionsv3.xsd http://www.garmin.com/xmlschemas/TrackPointExtension/v1 http://www.garmin.com/xmlschemas/TrackPointExtensionv1.xsd" xmlns="http://www.topografix.com/GPX/1/1" xmlns:gpxtpx="http://www.garmin.com/xmlschemas/TrackPointExtension/v1" xmlns:gpxx="http://www.garmin.com/xmlschemas/GpxExtensions/v3" xmlns:xsi="http://www.w3.org/2001/XMLSchema-instance"><metadata><name>Cerro San Gabriel</name></metadata>
<trk><name>Cerro San Gabriel</name><type>hiking</type>
<trkseg>
<trkpt lat="-33.7897702" lon="-70.2096653">
<ele>1379</ele><time>2026-09-26T14:52:01.715Z</time><extensions><gpxtpx:TrackPointExtension><gpxtpx:cad>0</gpxtpx:cad></gpxtpx:TrackPointExtension></extensions></trkpt>
<trkpt lat="-33.7897648" lon="-70.2096056">
<ele>1379</ele><time>2026-09-26T14:52:32.984Z</time><extensions><gpxtpx:TrackPointExtension><gpxtpx:hr>91</gpxtpx:hr><gpxtpx:cad>13</gpxtpx:cad></gpxtpx:TrackPointExtension></extensions></trkpt>
<trkpt lat="-33.7897465" lon="-70.2095495">
<ele>1379</ele><time>2026-09-26T14:52:37.984Z</time><extensions><gpxtpx:TrackPointExtension><gpxtpx:hr>95</gpxtpx:hr><gpxtpx:cad>15</gpxtpx:cad></gpxtpx:TrackPointExtension></extensions></trkpt>
<trkpt lat="-33.7897028" lon="-70.2095113">
<ele>1379</ele><time>2026-09-26T14:52:44.984Z</time><extensions><gpxtpx:TrackPointExtension><gpxtpx:hr>98</gpxtpx:hr><gpxtpx:cad>15</gpxtpx:cad></gpxtpx:TrackPointExtension></extensions></trkpt>
<trkpt lat="-33.7896756" lon="-70.2094581">
<ele>1379</ele><time>2026-09-26T14:54:02.984Z</time><extensions><gpxtpx:TrackPointExtension><gpxtpx:hr>76</gpxtpx:hr><gpxtpx:cad>15</gpxtpx:cad></gpxtpx:TrackPointExtension></extensions></trkpt>
<trkpt lat="-33.7896768" lon="-70.2093987">
<ele>1380</ele><time>2026-09-26T14:54:18.984Z</time><extensions><gpxtpx:TrackPointExtension><gpxtpx:hr>87</gpxtpx:hr><gpxtpx:cad>15</gpxtpx:cad></gpxtpx:TrackPointExtension></extensions></trkpt>
<trkpt lat="-33.7896351" lon="-70.2094213">
<ele>1381</ele><time>2026-09-26T14:54:34.985Z</time><extensions><gpxtpx:TrackPointExtension><gpxtpx:hr>93</gpxtpx:hr><gpxtpx:cad>16</gpxtpx:cad></gpxtpx:TrackPointExtension></extensions></trkpt>
<trkpt lat="-33.7896185" lon="-70.2093698">
<ele>1382</ele><time>2026-09-26T14:54:49.985Z</time><extensions><gpxtpx:TrackPointExtension><gpxtpx:hr>99</gpxtpx:hr><gpxtpx:cad>17</gpxtpx:cad></gpxtpx:TrackPointExtension></extensions></trkpt>
<trkpt lat="-33.7896250" lon="-70.2092961">
<ele>1384</ele><time>2026-09-26T14:54:57.985Z</time><extensions><gpxtpx:TrackPointExtension><gpxtpx:hr>107</gpxtpx:hr><gpxtpx:cad>19</gpxtpx:cad></gpxtpx:TrackPointExtension></extensions></trkpt>
<trkpt lat="-33.7895749" lon="-70.2092955">
<ele>1386</ele><time>2026-09-26T14:55:04.985Z</time><extensions><gpxtpx:TrackPointExtension><gpxtpx:hr>107</gpxtpx:hr><gpxtpx:cad>21</gpxtpx:cad></gpxtpx:TrackPointExtension></extensions></trkpt>
<trkpt lat="-33.7895231" lon="-70.2093159">
<ele>1387</ele><time>2026-09-26T14:55:14.985Z</time><extensions><gpxtpx:TrackPointExtension><gpxtpx:hr>130</gpxtpx:hr><gpxtpx:cad>20</gpxtpx:cad></gpxtpx:TrackPointExtension></extensions></trkpt>
<trkpt lat="-33.7895104" lon="-70.2092543">
<ele>1389</ele><time>2026-09-26T14:55:33.985Z</time><extensions><gpxtpx:TrackPointExtension><gpxtpx:hr>132</gpxtpx:hr><gpxtpx:cad>19</gpxtpx:cad></gpxtpx:TrackPointExtension></extensions></trkpt>
<trkpt lat="-33.7895433" lon="-70.2092024">
<ele>1391</ele><time>2026-09-26T14:55:45.985Z</time><extensions><gpxtpx:TrackPointExtension><gpxtpx:hr>133</gpxtpx:hr><gpxtpx:cad>27</gpxtpx:cad></gpxtpx:TrackPointExtension></extensions></trkpt>
<trkpt lat="-33.7895364" lon="-70.2091457">
<ele>1393</ele><time>2026-09-26T14:55:51.985Z</time><extensions><gpxtpx:TrackPointExtension><gpxtpx:hr>134</gpxtpx:hr><gpxtpx:cad>32</gpxtpx:cad></gpxtpx:TrackPointExtension></extensions></trkpt>
<trkpt lat="-33.7894816" lon="-70.2091424">
<ele>1395</ele><time>2026-09-26T14:56:01.985Z</time><extensions><gpxtpx:TrackPointExtension><gpxtpx:hr>142</gpxtpx:hr><gpxtpx:cad>34</gpxtpx:cad></gpxtpx:TrackPointExtension></extensions></trkpt>
<trkpt lat="-33.7894570" lon="-70.2090810">
<ele>1397</ele><time>2026-09-26T14:56:09.985Z</time><extensions><gpxtpx:TrackPointExtension><gpxtpx:hr>144</gpxtpx:hr><gpxtpx:cad>33</gpxtpx:cad></gpxtpx:TrackPointExtension></extensions></trkpt>
<trkpt lat="-33.7894084" lon="-70.2090820">
<ele>1399</ele><time>2026-09-26T14:56:22.984Z</time><extensions><gpxtpx:TrackPointExtension><gpxtpx:hr>145</gpxtpx:hr><gpxtpx:cad>29</gpxtpx:cad></gpxtpx:TrackPointExtension></extensions></trkpt>
<trkpt lat="-33.7893548" lon="-70.2090757">
<ele>1401</ele><time>2026-09-26T14:56:36.984Z</time><extensions><gpxtpx:TrackPointExtension><gpxtpx:hr>146</gpxtpx:hr><gpxtpx:cad>29</gpxtpx:cad></gpxtpx:TrackPointExtension></extensions></trkpt>
<trkpt lat="-33.7893111" lon="-70.2091062">
<ele>1403</ele><time>2026-09-26T14:56:47.978Z</time><extensions><gpxtpx:TrackPointExtension><gpxtpx:hr>149</gpxtpx:hr><gpxtpx:cad>30</gpxtpx:cad></gpxtpx:TrackPointExtension></extensions></trkpt>
<trkpt lat="-33.7892753" lon="-70.2091480">
<ele>1405</ele><time>2026-09-26T14:57:03.964Z</time><extensions><gpxtpx:TrackPointExtension><gpxtpx:hr>149</gpxtpx:hr><gpxtpx:cad>32</gpxtpx:cad></gpxtpx:TrackPointExtension></extensions></trkpt>
<trkpt lat="-33.7892365" lon="-70.2091834">
<ele>1408</ele><time>2026-09-26T14:57:12.961Z</time><extensions><gpxtpx:TrackPointExtension><gpxtpx:hr>149</gpxtpx:hr><gpxtpx:cad>32</gpxtpx:cad></gpxtpx:TrackPointExtension></extensions></trkpt>
<trkpt lat="-33.7891935" lon="-70.2091416">
<ele>1410</ele><time>2026-09-26T14:57:28.958Z</time><extensions><gpxtpx:TrackPointExtension><gpxtpx:hr>150</gpxtpx:hr><gpxtpx:cad>31</gpxtpx:cad></gpxtpx:TrackPointExtension></extensions></trkpt>
<trkpt lat="-33.7891859" lon="-70.2090827">
<ele>1412</ele><time>2026-09-26T14:57:39.957Z</time><extensions><gpxtpx:TrackPointExtension><gpxtpx:hr>149</gpxtpx:hr><gpxtpx:cad>29</gpxtpx:cad></gpxtpx:TrackPointExtension></extensions></trkpt>
<trkpt lat="-33.7891353" lon="-70.2091035">
<ele>1414</ele><time>2026-09-26T14:58:02.956Z</time><extensions><gpxtpx:TrackPointExtension><gpxtpx:hr>148</gpxtpx:hr><gpxtpx:cad>28</gpxtpx:cad></gpxtpx:TrackPointExtension></extensions></trkpt>
<trkpt lat="-33.7891040" lon="-70.2091448">
<ele>1417</ele><time>2026-09-26T14:58:14.956Z</time><extensions><gpxtpx:TrackPointExtension><gpxtpx:hr>145</gpxtpx:hr><gpxtpx:cad>28</gpxtpx:cad></gpxtpx:TrackPointExtension></extensions></trkpt>
<trkpt lat="-33.7890772" lon="-70.2091013">
<ele>1419</ele><time>2026-09-26T14:58:30.956Z</time><extensions><gpxtpx:TrackPointExtension><gpxtpx:hr>149</gpxtpx:hr><gpxtpx:cad>30</gpxtpx:cad></gpxtpx:TrackPointExtension></extensions></trkpt>
<trkpt lat="-33.7890543" lon="-70.2090532">
<ele>1421</ele><time>2026-09-26T14:58:40.956Z</time><extensions><gpxtpx:TrackPointExtension><gpxtpx:hr>150</gpxtpx:hr><gpxtpx:cad>29</gpxtpx:cad></gpxtpx:TrackPointExtension></extensions></trkpt>
<trkpt lat="-33.7890209" lon="-70.2090155">
<ele>1423</ele><time>2026-09-26T14:58:50.956Z</time><extensions><gpxtpx:TrackPointExtension><gpxtpx:hr>150</gpxtpx:hr><gpxtpx:cad>29</gpxtpx:cad></gpxtpx:TrackPointExtension></extensions></trkpt>
<trkpt lat="-33.7889840" lon="-70.2089755">
<ele>1424</ele><time>2026-09-26T14:59:04.956Z</time><extensions><gpxtpx:TrackPointExtension><gpxtpx:hr>147</gpxtpx:hr><gpxtpx:cad>28</gpxtpx:cad></gpxtpx:TrackPointExtension></extensions></trkpt>
<trkpt lat="-33.7891314" lon="-70.2089418">
<ele>1425</ele><time>2026-09-26T14:59:11.148Z</time><extensions><gpxtpx:TrackPointExtension><gpxtpx:hr>147</gpxtpx:hr><gpxtpx:cad>28</gpxtpx:cad></gpxtpx:TrackPointExtension></extensions></trkpt>
<trkpt lat="-33.7890802" lon="-70.2089398">
<ele>1425</ele><time>2026-09-26T14:59:12.148Z</time><extensions><gpxtpx:TrackPointExtension><gpxtpx:hr>147</gpxtpx:hr><gpxtpx:cad>28</gpxtpx:cad></gpxtpx:TrackPointExtension></extensions></trkpt>
<trkpt lat="-33.7889210" lon="-70.2089432">
<ele>1426</ele><time>2026-09-26T14:59:15.170Z</time><extensions><gpxtpx:TrackPointExtension><gpxtpx:hr>147</gpxtpx:hr><gpxtpx:cad>32</gpxtpx:cad></gpxtpx:TrackPointExtension></extensions></trkpt>
<trkpt lat="-33.7888891" lon="-70.2089006">
<ele>1426</ele><time>2026-09-26T14:59:27.000Z</time><extensions><gpxtpx:TrackPointExtension><gpxtpx:hr>144</gpxtpx:hr><gpxtpx:cad>26</gpxtpx:cad></gpxtpx:TrackPointExtension></extensions></trkpt>
<trkpt lat="-33.7888743" lon="-70.2088482">
<ele>1426</ele><time>2026-09-26T14:59:35.000Z</time><extensions><gpxtpx:TrackPointExtension><gpxtpx:hr>146</gpxtpx:hr><gpxtpx:cad>21</gpxtpx:cad></gpxtpx:TrackPointExtension></extensions></trkpt>
<trkpt lat="-33.7888295" lon="-70.2088057">
<ele>1427</ele><time>2026-09-26T14:59:45.000Z</time><extensions><gpxtpx:TrackPointExtension><gpxtpx:hr>142</gpxtpx:hr><gpxtpx:cad>21</gpxtpx:cad></gpxtpx:TrackPointExtension></extensions></trkpt>
<trkpt lat="-33.7887847" lon="-70.2087726">
<ele>1428</ele><time>2026-09-26T14:59:59.000Z</time><extensions><gpxtpx:TrackPointExtension><gpxtpx:hr>140</gpxtpx:hr><gpxtpx:cad>19</gpxtpx:cad></gpxtpx:TrackPointExtension></extensions></trkpt>
<trkpt lat="-33.7887450" lon="-70.2087380">
<ele>1430</ele><time>2026-09-26T15:00:08.000Z</time><extensions><gpxtpx:TrackPointExtension><gpxtpx:hr>141</gpxtpx:hr><gpxtpx:cad>18</gpxtpx:cad></gpxtpx:TrackPointExtension></extensions></trkpt>
<trkpt lat="-33.7887120" lon="-70.2087012">
<ele>1431</ele><time>2026-09-26T15:00:24.000Z</time><extensions><gpxtpx:TrackPointExtension><gpxtpx:hr>149</gpxtpx:hr><gpxtpx:cad>18</gpxtpx:cad></gpxtpx:TrackPointExtension></extensions></trkpt>
<trkpt lat="-33.7886989" lon="-70.2086327">
<ele>1433</ele><time>2026-09-26T15:00:37.000Z</time><extensions><gpxtpx:TrackPointExtension><gpxtpx:hr>147</gpxtpx:hr><gpxtpx:cad>19</gpxtpx:cad></gpxtpx:TrackPointExtension></extensions></trkpt>
<trkpt lat="-33.7886791" lon="-70.2085780">
<ele>1434</ele><time>2026-09-26T15:00:47.000Z</time><extensions><gpxtpx:TrackPointExtension><gpxtpx:hr>145</gpxtpx:hr><gpxtpx:cad>19</gpxtpx:cad></gpxtpx:TrackPointExtension></extensions></trkpt>
<trkpt lat="-33.7886686" lon="-70.2085184">
<ele>1436</ele><time>2026-09-26T15:01:03.000Z</time><extensions><gpxtpx:TrackPointExtension><gpxtpx:hr>142</gpxtpx:hr><gpxtpx:cad>19</gpxtpx:cad></gpxtpx:TrackPointExtension></extensions></trkpt>
<trkpt lat="-33.7886258" lon="-70.2085001">
<ele>1438</ele><time>2026-09-26T15:01:25.000Z</time><extensions><gpxtpx:TrackPointExtension><gpxtpx:hr>137</gpxtpx:hr><gpxtpx:cad>19</gpxtpx:cad></gpxtpx:TrackPointExtension></extensions></trkpt>
<trkpt lat="-33.7885877" lon="-70.2084605">
<ele>1439</ele><time>2026-09-26T15:01:38.000Z</time><extensions><gpxtpx:TrackPointExtension><gpxtpx:hr>136</gpxtpx:hr><gpxtpx:cad>18</gpxtpx:cad></gpxtpx:TrackPointExtension></extensions></trkpt>
<trkpt lat="-33.7885618" lon="-70.2084148">
<ele>1441</ele><time>2026-09-26T15:01:51.000Z</time><extensions><gpxtpx:TrackPointExtension><gpxtpx:hr>139</gpxtpx:hr><gpxtpx:cad>16</gpxtpx:cad></gpxtpx:TrackPointExtension></extensions></trkpt>
<trkpt lat="-33.7885667" lon="-70.2083544">
<ele>1442</ele><time>2026-09-26T15:02:05.000Z</time><extensions><gpxtpx:TrackPointExtension><gpxtpx:hr>138</gpxtpx:hr><gpxtpx:cad>16</gpxtpx:cad></gpxtpx:TrackPointExtension></extensions></trkpt>
<trkpt lat="-33.7885796" lon="-70.2082985">
<ele>1444</ele><time>2026-09-26T15:02:12.000Z</time><extensions><gpxtpx:TrackPointExtension><gpxtpx:hr>138</gpxtpx:hr><gpxtpx:cad>16</gpxtpx:cad></gpxtpx:TrackPointExtension></extensions></trkpt>
<trkpt lat="-33.7886035" lon="-70.2082443">
<ele>1445</ele><time>2026-09-26T15:02:24.000Z</time><extensions><gpxtpx:TrackPointExtension><gpxtpx:hr>141</gpxtpx:hr><gpxtpx:cad>16</gpxtpx:cad></gpxtpx:TrackPointExtension></extensions></trkpt>
<trkpt lat="-33.7886291" lon="-70.2081995">
<ele>1447</ele><time>2026-09-26T15:02:32.000Z</time><extensions><gpxtpx:TrackPointExtension><gpxtpx:hr>137</gpxtpx:hr><gpxtpx:cad>15</gpxtpx:cad></gpxtpx:TrackPointExtension></extensions></trkpt>
<trkpt lat="-33.7886383" lon="-70.2081445">
<ele>1448</ele><time>2026-09-26T15:02:42.000Z</time><extensions><gpxtpx:TrackPointExtension><gpxtpx:hr>139</gpxtpx:hr><gpxtpx:cad>16</gpxtpx:cad></gpxtpx:TrackPointExtension></extensions></trkpt>
<trkpt lat="-33.7886558" lon="-70.2080847">
<ele>1450</ele><time>2026-09-26T15:02:51.000Z</time><extensions><gpxtpx:TrackPointExtension><gpxtpx:hr>139</gpxtpx:hr><gpxtpx:cad>19</gpxtpx:cad></gpxtpx:TrackPointExtension></extensions></trkpt>
<trkpt lat="-33.7886381" lon="-70.2080292">
<ele>1452</ele><time>2026-09-26T15:03:03.000Z</time><extensions><gpxtpx:TrackPointExtension><gpxtpx:hr>139</gpxtpx:hr><gpxtpx:cad>19</gpxtpx:cad></gpxtpx:TrackPointExtension></extensions></trkpt>
<trkpt lat="-33.7886059" lon="-70.2079900">
<ele>1454</ele><time>2026-09-26T15:03:42.000Z</time><extensions><gpxtpx:TrackPointExtension><gpxtpx:hr>134</gpxtpx:hr><gpxtpx:cad>20</gpxtpx:cad></gpxtpx:TrackPointExtension></extensions></trkpt>
<trkpt lat="-33.7885774" lon="-70.2079412">
<ele>1456</ele><time>2026-09-26T15:03:56.998Z</time><extensions><gpxtpx:TrackPointExtension><gpxtpx:hr>128</gpxtpx:hr><gpxtpx:cad>22</gpxtpx:cad></gpxtpx:TrackPointExtension></extensions></trkpt>
<trkpt lat="-33.7885523" lon="-70.2078948">
<ele>1457</ele><time>2026-09-26T15:04:13.998Z</time><extensions><gpxtpx:TrackPointExtension><gpxtpx:hr>135</gpxtpx:hr><gpxtpx:cad>21</gpxtpx:cad></gpxtpx:TrackPointExtension></extensions></trkpt>
<trkpt lat="-33.7885136" lon="-70.2078658">
<ele>1459</ele><time>2026-09-26T15:04:24.998Z</time><extensions><gpxtpx:TrackPointExtension><gpxtpx:hr>136</gpxtpx:hr><gpxtpx:cad>21</gpxtpx:cad></gpxtpx:TrackPointExtension></extensions></trkpt>
<trkpt lat="-33.7885099" lon="-70.2079231">
<ele>1461</ele><time>2026-09-26T15:04:32.997Z</time><extensions><gpxtpx:TrackPointExtension><gpxtpx:hr>139</gpxtpx:hr><gpxtpx:cad>19</gpxtpx:cad></gpxtpx:TrackPointExtension></extensions></trkpt>
<trkpt lat="-33.7884575" lon="-70.2079415">
<ele>1462</ele><time>2026-09-26T15:04:42.997Z</time><extensions><gpxtpx:TrackPointExtension><gpxtpx:hr>139</gpxtpx:hr><gpxtpx:cad>19</gpxtpx:cad></gpxtpx:TrackPointExtension></extensions></trkpt>
<trkpt lat="-33.7884355" lon="-70.2079914">
<ele>1464</ele><time>2026-09-26T15:04:57.997Z</time><extensions><gpxtpx:TrackPointExtension><gpxtpx:hr>140</gpxtpx:hr><gpxtpx:cad>19</gpxtpx:cad></gpxtpx:TrackPointExtension></extensions></trkpt>
<trkpt lat="-33.7884039" lon="-70.2080372">
<ele>1465</ele><time>2026-09-26T15:05:08.997Z</time><extensions><gpxtpx:TrackPointExtension><gpxtpx:hr>142</gpxtpx:hr><gpxtpx:cad>19</gpxtpx:cad></gpxtpx:TrackPointExtension></extensions></trkpt>
<trkpt lat="-33.7883545" lon="-70.2080731">
<ele>1467</ele><time>2026-09-26T15:05:18.997Z</time><extensions><gpxtpx:TrackPointExtension><gpxtpx:hr>142</gpxtpx:hr><gpxtpx:cad>21</gpxtpx:cad></gpxtpx:TrackPointExtension></extensions></trkpt>
<trkpt lat="-33.7883101" lon="-70.2080884">
<ele>1468</ele><time>2026-09-26T15:05:26.997Z</time><extensions><gpxtpx:TrackPointExtension><gpxtpx:hr>143</gpxtpx:hr><gpxtpx:cad>22</gpxtpx:cad></gpxtpx:TrackPointExtension></extensions></trkpt>
<trkpt lat="-33.7882591" lon="-70.2081085">
<ele>1470</ele><time>2026-09-26T15:05:35.998Z</time><extensions><gpxtpx:TrackPointExtension><gpxtpx:hr>144</gpxtpx:hr><gpxtpx:cad>21</gpxtpx:cad></gpxtpx:TrackPointExtension></extensions></trkpt>
<trkpt lat="-33.7882116" lon="-70.2081347">
<ele>1471</ele><time>2026-09-26T15:05:43.998Z</time><extensions><gpxtpx:TrackPointExtension><gpxtpx:hr>142</gpxtpx:hr><gpxtpx:cad>23</gpxtpx:cad></gpxtpx:TrackPointExtension></extensions></trkpt>
<trkpt lat="-33.7881765" lon="-70.2081732">
<ele>1473</ele><time>2026-09-26T15:05:57.999Z</time><extensions><gpxtpx:TrackPointExtension><gpxtpx:hr>142</gpxtpx:hr><gpxtpx:cad>23</gpxtpx:cad></gpxtpx:TrackPointExtension></extensions></trkpt>
<trkpt lat="-33.7881215" lon="-70.2081844">
<ele>1475</ele><time>2026-09-26T15:06:14.000Z</time><extensions><gpxtpx:TrackPointExtension><gpxtpx:hr>141</gpxtpx:hr><gpxtpx:cad>20</gpxtpx:cad></gpxtpx:TrackPointExtension></extensions></trkpt>
<trkpt lat="-33.7880897" lon="-70.2082316">
<ele>1476</ele><time>2026-09-26T15:06:26.999Z</time><extensions><gpxtpx:TrackPointExtension><gpxtpx:hr>143</gpxtpx:hr><gpxtpx:cad>20</gpxtpx:cad></gpxtpx:TrackPointExtension></extensions></trkpt>
<trkpt lat="-33.7880479" lon="-70.2082563">
<ele>1478</ele><time>2026-09-26T15:06:34.999Z</time><extensions><gpxtpx:TrackPointExtension><gpxtpx:hr>143</gpxtpx:hr><gpxtpx:cad>20</gpxtpx:cad></gpxtpx:TrackPointExtension></extensions></trkpt>
<trkpt lat="-33.7880079" lon="-70.2082936">
<ele>1480</ele><time>2026-09-26T15:06:55.999Z</time><extensions><gpxtpx:TrackPointExtension><gpxtpx:hr>146</gpxtpx:hr><gpxtpx:cad>18</gpxtpx:cad></gpxtpx:TrackPointExtension></extensions></trkpt>
<trkpt lat="-33.7879817" lon="-70.2082472">
<ele>1481</ele><time>2026-09-26T15:07:02.999Z</time><extensions><gpxtpx:TrackPointExtension><gpxtpx:hr>146</gpxtpx:hr><gpxtpx:cad>18</gpxtpx:cad></gpxtpx:TrackPointExtension></extensions></trkpt>
<trkpt lat="-33.7879426" lon="-70.2082882">
<ele>1483</ele><time>2026-09-26T15:07:19.999Z</time><extensions><gpxtpx:TrackPointExtension><gpxtpx:hr>141</gpxtpx:hr><gpxtpx:cad>18</gpxtpx:cad></gpxtpx:TrackPointExtension></extensions></trkpt>
<trkpt lat="-33.7879134" lon="-70.2083294">
<ele>1484</ele><time>2026-09-26T15:07:28.999Z</time><extensions><gpxtpx:TrackPointExtension><gpxtpx:hr>143</gpxtpx:hr><gpxtpx:cad>18</gpxtpx:cad></gpxtpx:TrackPointExtension></extensions></trkpt>
<trkpt lat="-33.7878668" lon="-70.2082939">
<ele>1486</ele><time>2026-09-26T15:07:37.999Z</time><extensions><gpxtpx:TrackPointExtension><gpxtpx:hr>143</gpxtpx:hr><gpxtpx:cad>19</gpxtpx:cad></gpxtpx:TrackPointExtension></extensions></trkpt>
<trkpt lat="-33.7878370" lon="-70.2082430">
<ele>1488</ele><time>2026-09-26T15:07:48.999Z</time><extensions><gpxtpx:TrackPointExtension><gpxtpx:hr>142</gpxtpx:hr><gpxtpx:cad>20</gpxtpx:cad></gpxtpx:TrackPointExtension></extensions></trkpt>
<trkpt lat="-33.7878668" lon="-70.2081989">
<ele>1490</ele><time>2026-09-26T15:07:58.999Z</time><extensions><gpxtpx:TrackPointExtension><gpxtpx:hr>146</gpxtpx:hr><gpxtpx:cad>18</gpxtpx:cad></gpxtpx:TrackPointExtension></extensions></trkpt>
<trkpt lat="-33.7878556" lon="-70.2081358">
<ele>1492</ele><time>2026-09-26T15:08:08.999Z</time><extensions><gpxtpx:TrackPointExtension><gpxtpx:hr>148</gpxtpx:hr><gpxtpx:cad>18</gpxtpx:cad></gpxtpx:TrackPointExtension></extensions></trkpt>
<trkpt lat="-33.7878626" lon="-70.2080823">
<ele>1493</ele><time>2026-09-26T15:08:30.999Z</time><extensions><gpxtpx:TrackPointExtension><gpxtpx:hr>146</gpxtpx:hr><gpxtpx:cad>19</gpxtpx:cad></gpxtpx:TrackPointExtension></extensions></trkpt>
<trkpt lat="-33.7878548" lon="-70.2080277">
<ele>1495</ele><time>2026-09-26T15:08:39.999Z</time><extensions><gpxtpx:TrackPointExtension><gpxtpx:hr>144</gpxtpx:hr><gpxtpx:cad>17</gpxtpx:cad></gpxtpx:TrackPointExtension></extensions></trkpt>
<trkpt lat="-33.7878775" lon="-70.2079793">
<ele>1496</ele><time>2026-09-26T15:08:48.999Z</time><extensions><gpxtpx:TrackPointExtension><gpxtpx:hr>144</gpxtpx:hr><gpxtpx:cad>17</gpxtpx:cad></gpxtpx:TrackPointExtension></extensions></trkpt>
<trkpt lat="-33.7878861" lon="-70.2079177">
<ele>1498</ele><time>2026-09-26T15:08:57.999Z</time><extensions><gpxtpx:TrackPointExtension><gpxtpx:hr>148</gpxtpx:hr><gpxtpx:cad>15</gpxtpx:cad></gpxtpx:TrackPointExtension></extensions></trkpt>
<trkpt lat="-33.7879260" lon="-70.2078881">
<ele>1499</ele><time>2026-09-26T15:09:05.999Z</time><extensions><gpxtpx:TrackPointExtension><gpxtpx:hr>149</gpxtpx:hr><gpxtpx:cad>15</gpxtpx:cad></gpxtpx:TrackPointExtension></extensions></trkpt>
<trkpt lat="-33.7879333" lon="-70.2078279">
<ele>1500</ele><time>2026-09-26T15:09:16.999Z</time><extensions><gpxtpx:TrackPointExtension><gpxtpx:hr>149</gpxtpx:hr><gpxtpx:cad>13</gpxtpx:cad></gpxtpx:TrackPointExtension></extensions></trkpt>
<trkpt lat="-33.7878995" lon="-70.2077704">
<ele>1502</ele><time>2026-09-26T15:09:41.999Z</time><extensions><gpxtpx:TrackPointExtension><gpxtpx:hr>142</gpxtpx:hr><gpxtpx:cad>12</gpxtpx:cad></gpxtpx:TrackPointExtension></extensions></trkpt>
<trkpt lat="-33.7878933" lon="-70.2077078">
<ele>1503</ele><time>2026-09-26T15:09:52.999Z</time><extensions><gpxtpx:TrackPointExtension><gpxtpx:hr>138</gpxtpx:hr><gpxtpx:cad>11</gpxtpx:cad></gpxtpx:TrackPointExtension></extensions></trkpt>
<trkpt lat="-33.7878662" lon="-70.2076639">
<ele>1505</ele><time>2026-09-26T15:10:04.999Z</time><extensions><gpxtpx:TrackPointExtension><gpxtpx:hr>140</gpxtpx:hr><gpxtpx:cad>11</gpxtpx:cad></gpxtpx:TrackPointExtension></extensions></trkpt>
<trkpt lat="-33.7878341" lon="-70.2076186">
<ele>1506</ele><time>2026-09-26T15:10:15.999Z</time><extensions><gpxtpx:TrackPointExtension><gpxtpx:hr>145</gpxtpx:hr><gpxtpx:cad>10</gpxtpx:cad></gpxtpx:TrackPointExtension></extensions></trkpt>
<trkpt lat="-33.7878196" lon="-70.2075666">
<ele>1508</ele><time>2026-09-26T15:10:22.999Z</time><extensions><gpxtpx:TrackPointExtension><gpxtpx:hr>144</gpxtpx:hr><gpxtpx:cad>9</gpxtpx:cad></gpxtpx:TrackPointExtension></extensions></trkpt>
<trkpt lat="-33.7877847" lon="-70.2075177">
<ele>1510</ele><time>2026-09-26T15:10:35.999Z</time><extensions><gpxtpx:TrackPointExtension><gpxtpx:hr>140</gpxtpx:hr><gpxtpx:cad>9</gpxtpx:cad></gpxtpx:TrackPointExtension></extensions></trkpt>
<trkpt lat="-33.7877598" lon="-70.2074709">
<ele>1512</ele><time>2026-09-26T15:10:49.999Z</time><extensions><gpxtpx:TrackPointExtension><gpxtpx:hr>142</gpxtpx:hr><gpxtpx:cad>9</gpxtpx:cad></gpxtpx:TrackPointExtension></extensions></trkpt>
<trkpt lat="-33.7877454" lon="-70.2074188">
<ele>1514</ele><time>2026-09-26T15:11:15.999Z</time><extensions><gpxtpx:TrackPointExtension><gpxtpx:hr>142</gpxtpx:hr><gpxtpx:cad>8</gpxtpx:cad></gpxtpx:TrackPointExtension></extensions></trkpt>
<trkpt lat="-33.7877111" lon="-70.2073783">
<ele>1516</ele><time>2026-09-26T15:11:29.999Z</time><extensions><gpxtpx:TrackPointExtension><gpxtpx:hr>146</gpxtpx:hr><gpxtpx:cad>8</gpxtpx:cad></gpxtpx:TrackPointExtension></extensions></trkpt>
<trkpt lat="-33.7876809" lon="-70.2074236">
<ele>1518</ele><time>2026-09-26T15:11:46.999Z</time><extensions><gpxtpx:TrackPointExtension><gpxtpx:hr>146</gpxtpx:hr><gpxtpx:cad>8</gpxtpx:cad></gpxtpx:TrackPointExtension></extensions></trkpt>
<trkpt lat="-33.7876466" lon="-70.2074618">
<ele>1520</ele><time>2026-09-26T15:11:55.999Z</time><extensions><gpxtpx:TrackPointExtension><gpxtpx:hr>149</gpxtpx:hr><gpxtpx:cad>8</gpxtpx:cad></gpxtpx:TrackPointExtension></extensions></trkpt>
<trkpt lat="-33.7876119" lon="-70.2074994">
<ele>1522</ele><time>2026-09-26T15:12:25.998Z</time><extensions><gpxtpx:TrackPointExtension><gpxtpx:hr>142</gpxtpx:hr><gpxtpx:cad>7</gpxtpx:cad></gpxtpx:TrackPointExtension></extensions></trkpt>
<trkpt lat="-33.7875651" lon="-70.2074978">
<ele>1524</ele><time>2026-09-26T15:12:34.998Z</time><extensions><gpxtpx:TrackPointExtension><gpxtpx:hr>139</gpxtpx:hr><gpxtpx:cad>9</gpxtpx:cad></gpxtpx:TrackPointExtension></extensions></trkpt>
<trkpt lat="-33.7875326" lon="-70.2075355">
<ele>1526</ele><time>2026-09-26T15:12:53.998Z</time><extensions><gpxtpx:TrackPointExtension><gpxtpx:hr>138</gpxtpx:hr><gpxtpx:cad>10</gpxtpx:cad></gpxtpx:TrackPointExtension></extensions></trkpt>
<trkpt lat="-33.7875023" lon="-70.2075801">
<ele>1528</ele><time>2026-09-26T15:13:07.998Z</time><extensions><gpxtpx:TrackPointExtension><gpxtpx:hr>141</gpxtpx:hr><gpxtpx:cad>11</gpxtpx:cad></gpxtpx:TrackPointExtension></extensions></trkpt>
<trkpt lat="-33.7874707" lon="-70.2076247">
<ele>1530</ele><time>2026-09-26T15:13:18.998Z</time><extensions><gpxtpx:TrackPointExtension><gpxtpx:hr>141</gpxtpx:hr><gpxtpx:cad>12</gpxtpx:cad></gpxtpx:TrackPointExtension></extensions></trkpt>
<trkpt lat="-33.7874540" lon="-70.2076768">
<ele>1532</ele><time>2026-09-26T15:13:36.998Z</time><extensions><gpxtpx:TrackPointExtension><gpxtpx:hr>149</gpxtpx:hr><gpxtpx:cad>13</gpxtpx:cad></gpxtpx:TrackPointExtension></extensions></trkpt>
<trkpt lat="-33.7874033" lon="-70.2076971">
<ele>1533</ele><time>2026-09-26T15:13:48.998Z</time><extensions><gpxtpx:TrackPointExtension><gpxtpx:hr>147</gpxtpx:hr><gpxtpx:cad>13</gpxtpx:cad></gpxtpx:TrackPointExtension></extensions></trkpt>
<trkpt lat="-33.7873920" lon="-70.2077499">
<ele>1535</ele><time>2026-09-26T15:14:10.998Z</time><extensions><gpxtpx:TrackPointExtension><gpxtpx:hr>136</gpxtpx:hr><gpxtpx:cad>14</gpxtpx:cad></gpxtpx:TrackPointExtension></extensions></trkpt>
<trkpt lat="-33.7873552" lon="-70.2077139">
<ele>1536</ele><time>2026-09-26T15:14:24.999Z</time><extensions><gpxtpx:TrackPointExtension><gpxtpx:hr>140</gpxtpx:hr><gpxtpx:cad>15</gpxtpx:cad></gpxtpx:TrackPointExtension></extensions></trkpt>
<trkpt lat="-33.7873437" lon="-70.2076594">
<ele>1538</ele><time>2026-09-26T15:14:33.999Z</time><extensions><gpxtpx:TrackPointExtension><gpxtpx:hr>140</gpxtpx:hr><gpxtpx:cad>17</gpxtpx:cad></gpxtpx:TrackPointExtension></extensions></trkpt>
<trkpt lat="-33.7873296" lon="-70.2076071">
<ele>1539</ele><time>2026-09-26T15:14:40.999Z</time><extensions><gpxtpx:TrackPointExtension><gpxtpx:hr>137</gpxtpx:hr><gpxtpx:cad>18</gpxtpx:cad></gpxtpx:TrackPointExtension></extensions></trkpt>
<trkpt lat="-33.7873127" lon="-70.2075541">
<ele>1540</ele><time>2026-09-26T15:14:49.999Z</time><extensions><gpxtpx:TrackPointExtension><gpxtpx:hr>137</gpxtpx:hr><gpxtpx:cad>18</gpxtpx:cad></gpxtpx:TrackPointExtension></extensions></trkpt>
<trkpt lat="-33.7872981" lon="-70.2074989">
<ele>1541</ele><time>2026-09-26T15:14:58.999Z</time><extensions><gpxtpx:TrackPointExtension><gpxtpx:hr>137</gpxtpx:hr><gpxtpx:cad>18</gpxtpx:cad></gpxtpx:TrackPointExtension></extensions></trkpt>
<trkpt lat="-33.7872884" lon="-70.2074412">
<ele>1542</ele><time>2026-09-26T15:15:09.999Z</time><extensions><gpxtpx:TrackPointExtension><gpxtpx:hr>140</gpxtpx:hr><gpxtpx:cad>19</gpxtpx:cad></gpxtpx:TrackPointExtension></extensions></trkpt>
<trkpt lat="-33.7872924" lon="-70.2073871">
<ele>1544</ele><time>2026-09-26T15:15:16.999Z</time><extensions><gpxtpx:TrackPointExtension><gpxtpx:hr>140</gpxtpx:hr><gpxtpx:cad>20</gpxtpx:cad></gpxtpx:TrackPointExtension></extensions></trkpt>
<trkpt lat="-33.7872939" lon="-70.2073262">
<ele>1545</ele><time>2026-09-26T15:15:26.999Z</time><extensions><gpxtpx:TrackPointExtension><gpxtpx:hr>140</gpxtpx:hr><gpxtpx:cad>23</gpxtpx:cad></gpxtpx:TrackPointExtension></extensions></trkpt>
<trkpt lat="-33.7872939" lon="-70.2072713">
<ele>1546</ele><time>2026-09-26T15:15:55.999Z</time><extensions><gpxtpx:TrackPointExtension><gpxtpx:hr>137</gpxtpx:hr><gpxtpx:cad>23</gpxtpx:cad></gpxtpx:TrackPointExtension></extensions></trkpt>
<trkpt lat="-33.7872975" lon="-70.2072172">
<ele>1547</ele><time>2026-09-26T15:16:03.999Z</time><extensions><gpxtpx:TrackPointExtension><gpxtpx:hr>137</gpxtpx:hr><gpxtpx:cad>21</gpxtpx:cad></gpxtpx:TrackPointExtension></extensions></trkpt>
<trkpt lat="-33.7872997" lon="-70.2071621">
<ele>1548</ele><time>2026-09-26T15:16:12.999Z</time><extensions><gpxtpx:TrackPointExtension><gpxtpx:hr>128</gpxtpx:hr><gpxtpx:cad>19</gpxtpx:cad></gpxtpx:TrackPointExtension></extensions></trkpt>
<trkpt lat="-33.7872840" lon="-70.2071065">
<ele>1549</ele><time>2026-09-26T15:16:20.999Z</time><extensions><gpxtpx:TrackPointExtension><gpxtpx:hr>129</gpxtpx:hr><gpxtpx:cad>18</gpxtpx:cad></gpxtpx:TrackPointExtension></extensions></trkpt>
<trkpt lat="-33.7873006" lon="-70.2070522">
<ele>1550</ele><time>2026-09-26T15:16:31.999Z</time><extensions><gpxtpx:TrackPointExtension><gpxtpx:hr>131</gpxtpx:hr><gpxtpx:cad>17</gpxtpx:cad></gpxtpx:TrackPointExtension></extensions></trkpt>
<trkpt lat="-33.7872926" lon="-70.2069981">
<ele>1551</ele><time>2026-09-26T15:16:37.999Z</time><extensions><gpxtpx:TrackPointExtension><gpxtpx:hr>132</gpxtpx:hr><gpxtpx:cad>17</gpxtpx:cad></gpxtpx:TrackPointExtension></extensions></trkpt>
<trkpt lat="-33.7872898" lon="-70.2069438">
<ele>1552</ele><time>2026-09-26T15:16:59.999Z</time><extensions><gpxtpx:TrackPointExtension><gpxtpx:hr>135</gpxtpx:hr><gpxtpx:cad>18</gpxtpx:cad></gpxtpx:TrackPointExtension></extensions></trkpt>
<trkpt lat="-33.7873110" lon="-70.2068891">
<ele>1553</ele><time>2026-09-26T15:17:11.999Z</time><extensions><gpxtpx:TrackPointExtension><gpxtpx:hr>128</gpxtpx:hr><gpxtpx:cad>18</gpxtpx:cad></gpxtpx:TrackPointExtension></extensions></trkpt>
<trkpt lat="-33.7873320" lon="-70.2068392">
<ele>1554</ele><time>2026-09-26T15:17:21.999Z</time><extensions><gpxtpx:TrackPointExtension><gpxtpx:hr>129</gpxtpx:hr><gpxtpx:cad>19</gpxtpx:cad></gpxtpx:TrackPointExtension></extensions></trkpt>
<trkpt lat="-33.7873174" lon="-70.2067881">
<ele>1556</ele><time>2026-09-26T15:17:31.999Z</time><extensions><gpxtpx:TrackPointExtension><gpxtpx:hr>128</gpxtpx:hr><gpxtpx:cad>16</gpxtpx:cad></gpxtpx:TrackPointExtension></extensions></trkpt>
<trkpt lat="-33.7873162" lon="-70.2067284">
<ele>1557</ele><time>2026-09-26T15:17:44.999Z</time><extensions><gpxtpx:TrackPointExtension><gpxtpx:hr>127</gpxtpx:hr><gpxtpx:cad>15</gpxtpx:cad></gpxtpx:TrackPointExtension></extensions></trkpt>
<trkpt lat="-33.7873199" lon="-70.2066741">
<ele>1558</ele><time>2026-09-26T15:17:59.999Z</time><extensions><gpxtpx:TrackPointExtension><gpxtpx:hr>131</gpxtpx:hr><gpxtpx:cad>15</gpxtpx:cad></gpxtpx:TrackPointExtension></extensions></trkpt>
<trkpt lat="-33.7873291" lon="-70.2066169">
<ele>1560</ele><time>2026-09-26T15:18:05.999Z</time><extensions><gpxtpx:TrackPointExtension><gpxtpx:hr>134</gpxtpx:hr><gpxtpx:cad>14</gpxtpx:cad></gpxtpx:TrackPointExtension></extensions></trkpt>
<trkpt lat="-33.7873387" lon="-70.2065614">
<ele>1561</ele><time>2026-09-26T15:18:15.999Z</time><extensions><gpxtpx:TrackPointExtension><gpxtpx:hr>137</gpxtpx:hr><gpxtpx:cad>14</gpxtpx:cad></gpxtpx:TrackPointExtension></extensions></trkpt>
<trkpt lat="-33.7873345" lon="-70.2064935">
<ele>1562</ele><time>2026-09-26T15:18:24.999Z</time><extensions><gpxtpx:TrackPointExtension><gpxtpx:hr>136</gpxtpx:hr><gpxtpx:cad>12</gpxtpx:cad></gpxtpx:TrackPointExtension></extensions></trkpt>
<trkpt lat="-33.7873355" lon="-70.2064358">
<ele>1563</ele><time>2026-09-26T15:18:36.999Z</time><extensions><gpxtpx:TrackPointExtension><gpxtpx:hr>137</gpxtpx:hr><gpxtpx:cad>10</gpxtpx:cad></gpxtpx:TrackPointExtension></extensions></trkpt>
<trkpt lat="-33.7873515" lon="-70.2063835">
<ele>1564</ele><time>2026-09-26T15:18:43.999Z</time><extensions><gpxtpx:TrackPointExtension><gpxtpx:hr>138</gpxtpx:hr><gpxtpx:cad>10</gpxtpx:cad></gpxtpx:TrackPointExtension></extensions></trkpt>
<trkpt lat="-33.7873525" lon="-70.2063294">
<ele>1566</ele><time>2026-09-26T15:18:52.999Z</time><extensions><gpxtpx:TrackPointExtension><gpxtpx:hr>139</gpxtpx:hr><gpxtpx:cad>11</gpxtpx:cad></gpxtpx:TrackPointExtension></extensions></trkpt>
<trkpt lat="-33.7873460" lon="-70.2062663">
<ele>1567</ele><time>2026-09-26T15:19:17.999Z</time><extensions><gpxtpx:TrackPointExtension><gpxtpx:hr>137</gpxtpx:hr><gpxtpx:cad>12</gpxtpx:cad></gpxtpx:TrackPointExtension></extensions></trkpt>
<trkpt lat="-33.7873596" lon="-70.2062107">
<ele>1568</ele><time>2026-09-26T15:19:27.999Z</time><extensions><gpxtpx:TrackPointExtension><gpxtpx:hr>135</gpxtpx:hr><gpxtpx:cad>9</gpxtpx:cad></gpxtpx:TrackPointExtension></extensions></trkpt>
<trkpt lat="-33.7873720" lon="-70.2061530">
<ele>1569</ele><time>2026-09-26T15:19:40.999Z</time><extensions><gpxtpx:TrackPointExtension><gpxtpx:hr>129</gpxtpx:hr><gpxtpx:cad>9</gpxtpx:cad></gpxtpx:TrackPointExtension></extensions></trkpt>
<trkpt lat="-33.7873591" lon="-70.2060975">
<ele>1571</ele><time>2026-09-26T15:19:52.999Z</time><extensions><gpxtpx:TrackPointExtension><gpxtpx:hr>131</gpxtpx:hr><gpxtpx:cad>8</gpxtpx:cad></gpxtpx:TrackPointExtension></extensions></trkpt>
<trkpt lat="-33.7873398" lon="-70.2060439">
<ele>1572</ele><time>2026-09-26T15:20:06.999Z</time><extensions><gpxtpx:TrackPointExtension><gpxtpx:hr>132</gpxtpx:hr><gpxtpx:cad>8</gpxtpx:cad></gpxtpx:TrackPointExtension></extensions></trkpt>
<trkpt lat="-33.7873437" lon="-70.2059845">
<ele>1574</ele><time>2026-09-26T15:20:19.999Z</time><extensions><gpxtpx:TrackPointExtension><gpxtpx:hr>133</gpxtpx:hr><gpxtpx:cad>9</gpxtpx:cad></gpxtpx:TrackPointExtension></extensions></trkpt>
<trkpt lat="-33.7873370" lon="-70.2059264">
<ele>1575</ele><time>2026-09-26T15:20:38.999Z</time><extensions><gpxtpx:TrackPointExtension><gpxtpx:hr>134</gpxtpx:hr><gpxtpx:cad>8</gpxtpx:cad></gpxtpx:TrackPointExtension></extensions></trkpt>
<trkpt lat="-33.7873390" lon="-70.2058707">
<ele>1577</ele><time>2026-09-26T15:20:50.999Z</time><extensions><gpxtpx:TrackPointExtension><gpxtpx:hr>133</gpxtpx:hr><gpxtpx:cad>9</gpxtpx:cad></gpxtpx:TrackPointExtension></extensions></trkpt>
<trkpt lat="-33.7873166" lon="-70.2058217">
<ele>1579</ele><time>2026-09-26T15:21:07.999Z</time><extensions><gpxtpx:TrackPointExtension><gpxtpx:hr>136</gpxtpx:hr><gpxtpx:cad>11</gpxtpx:cad></gpxtpx:TrackPointExtension></extensions></trkpt>
<trkpt lat="-33.7873072" lon="-70.2057659">
<ele>1581</ele><time>2026-09-26T15:23:21.999Z</time><extensions><gpxtpx:TrackPointExtension><gpxtpx:hr>108</gpxtpx:hr><gpxtpx:cad>10</gpxtpx:cad></gpxtpx:TrackPointExtension></extensions></trkpt>
<trkpt lat="-33.7873034" lon="-70.2057053">
<ele>1583</ele><time>2026-09-26T15:23:35.999Z</time><extensions><gpxtpx:TrackPointExtension><gpxtpx:hr>117</gpxtpx:hr><gpxtpx:cad>11</gpxtpx:cad></gpxtpx:TrackPointExtension></extensions></trkpt>
<trkpt lat="-33.7873088" lon="-70.2056438">
<ele>1585</ele><time>2026-09-26T15:23:46.999Z</time><extensions><gpxtpx:TrackPointExtension><gpxtpx:hr>129</gpxtpx:hr><gpxtpx:cad>11</gpxtpx:cad></gpxtpx:TrackPointExtension></extensions></trkpt>
<trkpt lat="-33.7873173" lon="-70.2055875">
<ele>1586</ele><time>2026-09-26T15:23:58.999Z</time><extensions><gpxtpx:TrackPointExtension><gpxtpx:hr>135</gpxtpx:hr><gpxtpx:cad>12</gpxtpx:cad></gpxtpx:TrackPointExtension></extensions></trkpt>
<trkpt lat="-33.7873123" lon="-70.2055328">
<ele>1588</ele><time>2026-09-26T15:24:16.999Z</time><extensions><gpxtpx:TrackPointExtension><gpxtpx:hr>140</gpxtpx:hr><gpxtpx:cad>12</gpxtpx:cad></gpxtpx:TrackPointExtension></extensions></trkpt>
<trkpt lat="-33.7872924" lon="-70.2054791">
<ele>1589</ele><time>2026-09-26T15:24:32.999Z</time><extensions><gpxtpx:TrackPointExtension><gpxtpx:hr>142</gpxtpx:hr><gpxtpx:cad>13</gpxtpx:cad></gpxtpx:TrackPointExtension></extensions></trkpt>
<trkpt lat="-33.7872989" lon="-70.2054231">
<ele>1591</ele><time>2026-09-26T15:24:40.999Z</time><extensions><gpxtpx:TrackPointExtension><gpxtpx:hr>145</gpxtpx:hr><gpxtpx:cad>12</gpxtpx:cad></gpxtpx:TrackPointExtension></extensions></trkpt>
<trkpt lat="-33.7873129" lon="-70.2053684">
<ele>1592</ele><time>2026-09-26T15:25:07.999Z</time><extensions><gpxtpx:TrackPointExtension><gpxtpx:hr>143</gpxtpx:hr><gpxtpx:cad>12</gpxtpx:cad></gpxtpx:TrackPointExtension></extensions></trkpt>
<trkpt lat="-33.7873309" lon="-70.2053035">
<ele>1594</ele><time>2026-09-26T15:25:19.999Z</time><extensions><gpxtpx:TrackPointExtension><gpxtpx:hr>143</gpxtpx:hr><gpxtpx:cad>19</gpxtpx:cad></gpxtpx:TrackPointExtension></extensions></trkpt>
<trkpt lat="-33.7873424" lon="-70.2052449">
<ele>1595</ele><time>2026-09-26T15:25:30.999Z</time><extensions><gpxtpx:TrackPointExtension><gpxtpx:hr>136</gpxtpx:hr><gpxtpx:cad>18</gpxtpx:cad></gpxtpx:TrackPointExtension></extensions></trkpt>
<trkpt lat="-33.7873608" lon="-70.2051905">
<ele>1597</ele><time>2026-09-26T15:25:39.999Z</time><extensions><gpxtpx:TrackPointExtension><gpxtpx:hr>140</gpxtpx:hr><gpxtpx:cad>18</gpxtpx:cad></gpxtpx:TrackPointExtension></extensions></trkpt>
<trkpt lat="-33.7873413" lon="-70.2051414">
<ele>1598</ele><time>2026-09-26T15:25:58.999Z</time><extensions><gpxtpx:TrackPointExtension><gpxtpx:hr>138</gpxtpx:hr><gpxtpx:cad>18</gpxtpx:cad></gpxtpx:TrackPointExtension></extensions></trkpt>
<trkpt lat="-33.7873485" lon="-70.2050803">
<ele>1600</ele><time>2026-09-26T15:26:06.999Z</time><extensions><gpxtpx:TrackPointExtension><gpxtpx:hr>140</gpxtpx:hr><gpxtpx:cad>16</gpxtpx:cad></gpxtpx:TrackPointExtension></extensions></trkpt>
<trkpt lat="-33.7873692" lon="-70.2050312">
<ele>1601</ele><time>2026-09-26T15:26:16.999Z</time><extensions><gpxtpx:TrackPointExtension><gpxtpx:hr>133</gpxtpx:hr><gpxtpx:cad>17</gpxtpx:cad></gpxtpx:TrackPointExtension></extensions></trkpt>
<trkpt lat="-33.7873778" lon="-70.2049740">
<ele>1603</ele><time>2026-09-26T15:26:34.999Z</time><extensions><gpxtpx:TrackPointExtension><gpxtpx:hr>141</gpxtpx:hr><gpxtpx:cad>17</gpxtpx:cad></gpxtpx:TrackPointExtension></extensions></trkpt>
<trkpt lat="-33.7873639" lon="-70.2049191">
<ele>1605</ele><time>2026-09-26T15:26:46.999Z</time><extensions><gpxtpx:TrackPointExtension><gpxtpx:hr>142</gpxtpx:hr><gpxtpx:cad>16</gpxtpx:cad></gpxtpx:TrackPointExtension></extensions></trkpt>
<trkpt lat="-33.7873637" lon="-70.2048601">
<ele>1607</ele><time>2026-09-26T15:26:58.999Z</time><extensions><gpxtpx:TrackPointExtension><gpxtpx:hr>143</gpxtpx:hr><gpxtpx:cad>15</gpxtpx:cad></gpxtpx:TrackPointExtension></extensions></trkpt>
<trkpt lat="-33.7873539" lon="-70.2048044">
<ele>1608</ele><time>2026-09-26T15:27:15.999Z</time><extensions><gpxtpx:TrackPointExtension><gpxtpx:hr>143</gpxtpx:hr><gpxtpx:cad>15</gpxtpx:cad></gpxtpx:TrackPointExtension></extensions></trkpt>
<trkpt lat="-33.7873536" lon="-70.2047471">
<ele>1610</ele><time>2026-09-26T15:27:25.999Z</time><extensions><gpxtpx:TrackPointExtension><gpxtpx:hr>143</gpxtpx:hr><gpxtpx:cad>16</gpxtpx:cad></gpxtpx:TrackPointExtension></extensions></trkpt>
<trkpt lat="-33.7873415" lon="-70.2046918">
<ele>1611</ele><time>2026-09-26T15:27:33.999Z</time><extensions><gpxtpx:TrackPointExtension><gpxtpx:hr>147</gpxtpx:hr><gpxtpx:cad>15</gpxtpx:cad></gpxtpx:TrackPointExtension></extensions></trkpt>
<trkpt lat="-33.7873788" lon="-70.2046611">
<ele>1613</ele><time>2026-09-26T15:27:46.999Z</time><extensions><gpxtpx:TrackPointExtension><gpxtpx:hr>149</gpxtpx:hr><gpxtpx:cad>14</gpxtpx:cad></gpxtpx:TrackPointExtension></extensions></trkpt>
<trkpt lat="-33.7873779" lon="-70.2045988">
<ele>1614</ele><time>2026-09-26T15:28:00.999Z</time><extensions><gpxtpx:TrackPointExtension><gpxtpx:hr>147</gpxtpx:hr><gpxtpx:cad>14</gpxtpx:cad></gpxtpx:TrackPointExtension></extensions></trkpt>
<trkpt lat="-33.7873744" lon="-70.2045424">
<ele>1616</ele><time>2026-09-26T15:28:09.999Z</time><extensions><gpxtpx:TrackPointExtension><gpxtpx:hr>149</gpxtpx:hr><gpxtpx:cad>13</gpxtpx:cad></gpxtpx:TrackPointExtension></extensions></trkpt>
<trkpt lat="-33.7873691" lon="-70.2044871">
<ele>1617</ele><time>2026-09-26T15:28:22.999Z</time><extensions><gpxtpx:TrackPointExtension><gpxtpx:hr>151</gpxtpx:hr><gpxtpx:cad>13</gpxtpx:cad></gpxtpx:TrackPointExtension></extensions></trkpt>
<trkpt lat="-33.7873769" lon="-70.2044338">
<ele>1618</ele><time>2026-09-26T15:28:39.999Z</time><extensions><gpxtpx:TrackPointExtension><gpxtpx:hr>144</gpxtpx:hr><gpxtpx:cad>12</gpxtpx:cad></gpxtpx:TrackPointExtension></extensions></trkpt>
<trkpt lat="-33.7873961" lon="-70.2043778">
<ele>1619</ele><time>2026-09-26T15:28:46.999Z</time><extensions><gpxtpx:TrackPointExtension><gpxtpx:hr>144</gpxtpx:hr><gpxtpx:cad>13</gpxtpx:cad></gpxtpx:TrackPointExtension></extensions></trkpt>
<trkpt lat="-33.7873752" lon="-70.2043245">
<ele>1620</ele><time>2026-09-26T15:28:54.999Z</time><extensions><gpxtpx:TrackPointExtension><gpxtpx:hr>138</gpxtpx:hr><gpxtpx:cad>13</gpxtpx:cad></gpxtpx:TrackPointExtension></extensions></trkpt>
<trkpt lat="-33.7873571" lon="-70.2042737">
<ele>1622</ele><time>2026-09-26T15:29:04.999Z</time><extensions><gpxtpx:TrackPointExtension><gpxtpx:hr>136</gpxtpx:hr><gpxtpx:cad>14</gpxtpx:cad></gpxtpx:TrackPointExtension></extensions></trkpt>
<trkpt lat="-33.7873204" lon="-70.2043075">
<ele>1624</ele><time>2026-09-26T15:29:38.999Z</time><extensions><gpxtpx:TrackPointExtension><gpxtpx:hr>134</gpxtpx:hr><gpxtpx:cad>14</gpxtpx:cad></gpxtpx:TrackPointExtension></extensions></trkpt>
<trkpt lat="-33.7872837" lon="-70.2043479">
<ele>1626</ele><time>2026-09-26T15:29:52.999Z</time><extensions><gpxtpx:TrackPointExtension><gpxtpx:hr>142</gpxtpx:hr><gpxtpx:cad>13</gpxtpx:cad></gpxtpx:TrackPointExtension></extensions></trkpt>
<trkpt lat="-33.7872473" lon="-70.2043889">
<ele>1628</ele><time>2026-09-26T15:30:08.999Z</time><extensions><gpxtpx:TrackPointExtension><gpxtpx:hr>139</gpxtpx:hr><gpxtpx:cad>12</gpxtpx:cad></gpxtpx:TrackPointExtension></extensions></trkpt>
<trkpt lat="-33.7872067" lon="-70.2044246">
<ele>1630</ele><time>2026-09-26T15:30:21.999Z</time><extensions><gpxtpx:TrackPointExtension><gpxtpx:hr>137</gpxtpx:hr><gpxtpx:cad>13</gpxtpx:cad></gpxtpx:TrackPointExtension></extensions></trkpt>
<trkpt lat="-33.7871794" lon="-70.2044686">
<ele>1631</ele><time>2026-09-26T15:30:38.000Z</time><extensions><gpxtpx:TrackPointExtension><gpxtpx:hr>139</gpxtpx:hr><gpxtpx:cad>13</gpxtpx:cad></gpxtpx:TrackPointExtension></extensions></trkpt>
<trkpt lat="-33.7871436" lon="-70.2045073">
<ele>1633</ele><time>2026-09-26T15:30:50.000Z</time><extensions><gpxtpx:TrackPointExtension><gpxtpx:hr>143</gpxtpx:hr><gpxtpx:cad>13</gpxtpx:cad></gpxtpx:TrackPointExtension></extensions></trkpt>
<trkpt lat="-33.7870968" lon="-70.2044866">
<ele>1634</ele><time>2026-09-26T15:31:03.999Z</time><extensions><gpxtpx:TrackPointExtension><gpxtpx:hr>145</gpxtpx:hr><gpxtpx:cad>12</gpxtpx:cad></gpxtpx:TrackPointExtension></extensions></trkpt>
<trkpt lat="-33.7870648" lon="-70.2045341">
<ele>1636</ele><time>2026-09-26T15:31:10.999Z</time><extensions><gpxtpx:TrackPointExtension><gpxtpx:hr>146</gpxtpx:hr><gpxtpx:cad>12</gpxtpx:cad></gpxtpx:TrackPointExtension></extensions></trkpt>
<trkpt lat="-33.7870304" lon="-70.2045693">
<ele>1638</ele><time>2026-09-26T15:31:25.999Z</time><extensions><gpxtpx:TrackPointExtension><gpxtpx:hr>149</gpxtpx:hr><gpxtpx:cad>14</gpxtpx:cad></gpxtpx:TrackPointExtension></extensions></trkpt>
<trkpt lat="-33.7870097" lon="-70.2045158">
<ele>1640</ele><time>2026-09-26T15:31:39.999Z</time><extensions><gpxtpx:TrackPointExtension><gpxtpx:hr>147</gpxtpx:hr><gpxtpx:cad>12</gpxtpx:cad></gpxtpx:TrackPointExtension></extensions></trkpt>
<trkpt lat="-33.7870170" lon="-70.2044601">
<ele>1642</ele><time>2026-09-26T15:31:51.999Z</time><extensions><gpxtpx:TrackPointExtension><gpxtpx:hr>145</gpxtpx:hr><gpxtpx:cad>12</gpxtpx:cad></gpxtpx:TrackPointExtension></extensions></trkpt>
<trkpt lat="-33.7870000" lon="-70.2044047">
<ele>1643</ele><time>2026-09-26T15:32:07.999Z</time><extensions><gpxtpx:TrackPointExtension><gpxtpx:hr>148</gpxtpx:hr><gpxtpx:cad>12</gpxtpx:cad></gpxtpx:TrackPointExtension></extensions></trkpt>
<trkpt lat="-33.7869667" lon="-70.2043680">
<ele>1645</ele><time>2026-09-26T15:32:20.999Z</time><extensions><gpxtpx:TrackPointExtension><gpxtpx:hr>148</gpxtpx:hr><gpxtpx:cad>13</gpxtpx:cad></gpxtpx:TrackPointExtension></extensions></trkpt>
<trkpt lat="-33.7869201" lon="-70.2043524">
<ele>1646</ele><time>2026-09-26T15:33:04.999Z</time><extensions><gpxtpx:TrackPointExtension><gpxtpx:hr>137</gpxtpx:hr><gpxtpx:cad>12</gpxtpx:cad></gpxtpx:TrackPointExtension></extensions></trkpt>
<trkpt lat="-33.7868930" lon="-70.2043966">
<ele>1648</ele><time>2026-09-26T15:33:13.000Z</time><extensions><gpxtpx:TrackPointExtension><gpxtpx:hr>138</gpxtpx:hr><gpxtpx:cad>12</gpxtpx:cad></gpxtpx:TrackPointExtension></extensions></trkpt>
<trkpt lat="-33.7868821" lon="-70.2044497">
<ele>1649</ele><time>2026-09-26T15:33:23.000Z</time><extensions><gpxtpx:TrackPointExtension><gpxtpx:hr>136</gpxtpx:hr><gpxtpx:cad>12</gpxtpx:cad></gpxtpx:TrackPointExtension></extensions></trkpt>
<trkpt lat="-33.7868453" lon="-70.2044843">
<ele>1651</ele><time>2026-09-26T15:33:35.000Z</time><extensions><gpxtpx:TrackPointExtension><gpxtpx:hr>138</gpxtpx:hr><gpxtpx:cad>12</gpxtpx:cad></gpxtpx:TrackPointExtension></extensions></trkpt>
<trkpt lat="-33.7868081" lon="-70.2045215">
<ele>1652</ele><time>2026-09-26T15:33:45.000Z</time><extensions><gpxtpx:TrackPointExtension><gpxtpx:hr>137</gpxtpx:hr><gpxtpx:cad>12</gpxtpx:cad></gpxtpx:TrackPointExtension></extensions></trkpt>
<trkpt lat="-33.7867764" lon="-70.2045684">
<ele>1654</ele><time>2026-09-26T15:34:02.000Z</time><extensions><gpxtpx:TrackPointExtension><gpxtpx:hr>140</gpxtpx:hr><gpxtpx:cad>13</gpxtpx:cad></gpxtpx:TrackPointExtension></extensions></trkpt>
<trkpt lat="-33.7867364" lon="-70.2045950">
<ele>1655</ele><time>2026-09-26T15:34:14.000Z</time><extensions><gpxtpx:TrackPointExtension><gpxtpx:hr>142</gpxtpx:hr><gpxtpx:cad>13</gpxtpx:cad></gpxtpx:TrackPointExtension></extensions></trkpt>
<trkpt lat="-33.7867274" lon="-70.2045386">
<ele>1657</ele><time>2026-09-26T15:34:23.000Z</time><extensions><gpxtpx:TrackPointExtension><gpxtpx:hr>139</gpxtpx:hr><gpxtpx:cad>14</gpxtpx:cad></gpxtpx:TrackPointExtension></extensions></trkpt>
<trkpt lat="-33.7867163" lon="-70.2044844">
<ele>1658</ele><time>2026-09-26T15:34:33.000Z</time><extensions><gpxtpx:TrackPointExtension><gpxtpx:hr>138</gpxtpx:hr><gpxtpx:cad>15</gpxtpx:cad></gpxtpx:TrackPointExtension></extensions></trkpt>
<trkpt lat="-33.7866707" lon="-70.2045086">
<ele>1660</ele><time>2026-09-26T15:34:52.000Z</time><extensions><gpxtpx:TrackPointExtension><gpxtpx:hr>138</gpxtpx:hr><gpxtpx:cad>15</gpxtpx:cad></gpxtpx:TrackPointExtension></extensions></trkpt>
<trkpt lat="-33.7866256" lon="-70.2044944">
<ele>1662</ele><time>2026-09-26T15:35:05.000Z</time><extensions><gpxtpx:TrackPointExtension><gpxtpx:hr>138</gpxtpx:hr><gpxtpx:cad>14</gpxtpx:cad></gpxtpx:TrackPointExtension></extensions></trkpt>
<trkpt lat="-33.7865782" lon="-70.2044922">
<ele>1664</ele><time>2026-09-26T15:35:16.999Z</time><extensions><gpxtpx:TrackPointExtension><gpxtpx:hr>142</gpxtpx:hr><gpxtpx:cad>12</gpxtpx:cad></gpxtpx:TrackPointExtension></extensions></trkpt>
<trkpt lat="-33.7865508" lon="-70.2045360">
<ele>1665</ele><time>2026-09-26T15:35:35.000Z</time><extensions><gpxtpx:TrackPointExtension><gpxtpx:hr>142</gpxtpx:hr><gpxtpx:cad>12</gpxtpx:cad></gpxtpx:TrackPointExtension></extensions></trkpt>
<trkpt lat="-33.7865064" lon="-70.2045194">
<ele>1667</ele><time>2026-09-26T15:35:42.000Z</time><extensions><gpxtpx:TrackPointExtension><gpxtpx:hr>141</gpxtpx:hr><gpxtpx:cad>12</gpxtpx:cad></gpxtpx:TrackPointExtension></extensions></trkpt>
<trkpt lat="-33.7864611" lon="-70.2045134">
<ele>1669</ele><time>2026-09-26T15:35:53.000Z</time><extensions><gpxtpx:TrackPointExtension><gpxtpx:hr>142</gpxtpx:hr><gpxtpx:cad>12</gpxtpx:cad></gpxtpx:TrackPointExtension></extensions></trkpt>
<trkpt lat="-33.7864445" lon="-70.2045661">
<ele>1671</ele><time>2026-09-26T15:36:23.000Z</time><extensions><gpxtpx:TrackPointExtension><gpxtpx:hr>148</gpxtpx:hr><gpxtpx:cad>12</gpxtpx:cad></gpxtpx:TrackPointExtension></extensions></trkpt>
<trkpt lat="-33.7864268" lon="-70.2046243">
<ele>1672</ele><time>2026-09-26T15:36:35.000Z</time><extensions><gpxtpx:TrackPointExtension><gpxtpx:hr>139</gpxtpx:hr><gpxtpx:cad>12</gpxtpx:cad></gpxtpx:TrackPointExtension></extensions></trkpt>
<trkpt lat="-33.7863827" lon="-70.2046348">
<ele>1674</ele><time>2026-09-26T15:36:46.000Z</time><extensions><gpxtpx:TrackPointExtension><gpxtpx:hr>141</gpxtpx:hr><gpxtpx:cad>12</gpxtpx:cad></gpxtpx:TrackPointExtension></extensions></trkpt>
<trkpt lat="-33.7863336" lon="-70.2046642">
<ele>1675</ele><time>2026-09-26T15:37:05.000Z</time><extensions><gpxtpx:TrackPointExtension><gpxtpx:hr>142</gpxtpx:hr><gpxtpx:cad>10</gpxtpx:cad></gpxtpx:TrackPointExtension></extensions></trkpt>
<trkpt lat="-33.7863448" lon="-70.2047246">
<ele>1677</ele><time>2026-09-26T15:37:24.999Z</time><extensions><gpxtpx:TrackPointExtension><gpxtpx:hr>143</gpxtpx:hr><gpxtpx:cad>10</gpxtpx:cad></gpxtpx:TrackPointExtension></extensions></trkpt>
<trkpt lat="-33.7863147" lon="-70.2046836">
<ele>1678</ele><time>2026-09-26T15:37:31.999Z</time><extensions><gpxtpx:TrackPointExtension><gpxtpx:hr>141</gpxtpx:hr><gpxtpx:cad>11</gpxtpx:cad></gpxtpx:TrackPointExtension></extensions></trkpt>
<trkpt lat="-33.7862774" lon="-70.2046420">
<ele>1680</ele><time>2026-09-26T15:37:38.999Z</time><extensions><gpxtpx:TrackPointExtension><gpxtpx:hr>140</gpxtpx:hr><gpxtpx:cad>12</gpxtpx:cad></gpxtpx:TrackPointExtension></extensions></trkpt>
<trkpt lat="-33.7862278" lon="-70.2046344">
<ele>1681</ele><time>2026-09-26T15:37:48.999Z</time><extensions><gpxtpx:TrackPointExtension><gpxtpx:hr>139</gpxtpx:hr><gpxtpx:cad>8</gpxtpx:cad></gpxtpx:TrackPointExtension></extensions></trkpt>
<trkpt lat="-33.7861830" lon="-70.2046603">
<ele>1682</ele><time>2026-09-26T15:38:31.000Z</time><extensions><gpxtpx:TrackPointExtension><gpxtpx:hr>137</gpxtpx:hr><gpxtpx:cad>7</gpxtpx:cad></gpxtpx:TrackPointExtension></extensions></trkpt>
<trkpt lat="-33.7861488" lon="-70.2047000">
<ele>1684</ele><time>2026-09-26T15:38:48.000Z</time><extensions><gpxtpx:TrackPointExtension><gpxtpx:hr>130</gpxtpx:hr><gpxtpx:cad>9</gpxtpx:cad></gpxtpx:TrackPointExtension></extensions></trkpt>
<trkpt lat="-33.7861006" lon="-70.2046865">
<ele>1686</ele><time>2026-09-26T15:38:58.000Z</time><extensions><gpxtpx:TrackPointExtension><gpxtpx:hr>132</gpxtpx:hr><gpxtpx:cad>9</gpxtpx:cad></gpxtpx:TrackPointExtension></extensions></trkpt>
<trkpt lat="-33.7861291" lon="-70.2047294">
<ele>1687</ele><time>2026-09-26T15:39:22.000Z</time><extensions><gpxtpx:TrackPointExtension><gpxtpx:hr>141</gpxtpx:hr><gpxtpx:cad>9</gpxtpx:cad></gpxtpx:TrackPointExtension></extensions></trkpt>
<trkpt lat="-33.7861556" lon="-70.2047781">
<ele>1689</ele><time>2026-09-26T15:39:29.000Z</time><extensions><gpxtpx:TrackPointExtension><gpxtpx:hr>141</gpxtpx:hr><gpxtpx:cad>9</gpxtpx:cad></gpxtpx:TrackPointExtension></extensions></trkpt>
<trkpt lat="-33.7861186" lon="-70.2048089">
<ele>1690</ele><time>2026-09-26T15:39:38.000Z</time><extensions><gpxtpx:TrackPointExtension><gpxtpx:hr>137</gpxtpx:hr><gpxtpx:cad>9</gpxtpx:cad></gpxtpx:TrackPointExtension></extensions></trkpt>
<trkpt lat="-33.7860737" lon="-70.2048452">
<ele>1692</ele><time>2026-09-26T15:39:47.000Z</time><extensions><gpxtpx:TrackPointExtension><gpxtpx:hr>139</gpxtpx:hr><gpxtpx:cad>10</gpxtpx:cad></gpxtpx:TrackPointExtension></extensions></trkpt>
<trkpt lat="-33.7860329" lon="-70.2048816">
<ele>1694</ele><time>2026-09-26T15:42:17.000Z</time><extensions><gpxtpx:TrackPointExtension><gpxtpx:hr>119</gpxtpx:hr><gpxtpx:cad>10</gpxtpx:cad></gpxtpx:TrackPointExtension></extensions></trkpt>
<trkpt lat="-33.7859881" lon="-70.2048432">
<ele>1696</ele><time>2026-09-26T15:42:34.000Z</time><extensions><gpxtpx:TrackPointExtension><gpxtpx:hr>128</gpxtpx:hr><gpxtpx:cad>10</gpxtpx:cad></gpxtpx:TrackPointExtension></extensions></trkpt>
<trkpt lat="-33.7859403" lon="-70.2048516">
<ele>1698</ele><time>2026-09-26T15:42:58.000Z</time><extensions><gpxtpx:TrackPointExtension><gpxtpx:hr>131</gpxtpx:hr><gpxtpx:cad>11</gpxtpx:cad></gpxtpx:TrackPointExtension></extensions></trkpt>
<trkpt lat="-33.7859087" lon="-70.2048972">
<ele>1700</ele><time>2026-09-26T15:43:06.000Z</time><extensions><gpxtpx:TrackPointExtension><gpxtpx:hr>134</gpxtpx:hr><gpxtpx:cad>11</gpxtpx:cad></gpxtpx:TrackPointExtension></extensions></trkpt>
<trkpt lat="-33.7858614" lon="-70.2048774">
<ele>1702</ele><time>2026-09-26T15:43:29.000Z</time><extensions><gpxtpx:TrackPointExtension><gpxtpx:hr>138</gpxtpx:hr><gpxtpx:cad>12</gpxtpx:cad></gpxtpx:TrackPointExtension></extensions></trkpt>
<trkpt lat="-33.7858138" lon="-70.2048621">
<ele>1704</ele><time>2026-09-26T15:43:41.000Z</time><extensions><gpxtpx:TrackPointExtension><gpxtpx:hr>138</gpxtpx:hr><gpxtpx:cad>11</gpxtpx:cad></gpxtpx:TrackPointExtension></extensions></trkpt>
<trkpt lat="-33.7857699" lon="-70.2048465">
<ele>1705</ele><time>2026-09-26T15:43:49.000Z</time><extensions><gpxtpx:TrackPointExtension><gpxtpx:hr>142</gpxtpx:hr><gpxtpx:cad>11</gpxtpx:cad></gpxtpx:TrackPointExtension></extensions></trkpt>
<trkpt lat="-33.7857413" lon="-70.2048916">
<ele>1707</ele><time>2026-09-26T15:44:05.000Z</time><extensions><gpxtpx:TrackPointExtension><gpxtpx:hr>143</gpxtpx:hr><gpxtpx:cad>11</gpxtpx:cad></gpxtpx:TrackPointExtension></extensions></trkpt>
<trkpt lat="-33.7857495" lon="-70.2049470">
<ele>1709</ele><time>2026-09-26T15:44:15.000Z</time><extensions><gpxtpx:TrackPointExtension><gpxtpx:hr>145</gpxtpx:hr><gpxtpx:cad>16</gpxtpx:cad></gpxtpx:TrackPointExtension></extensions></trkpt>
<trkpt lat="-33.7857035" lon="-70.2049220">
<ele>1710</ele><time>2026-09-26T15:44:27.000Z</time><extensions><gpxtpx:TrackPointExtension><gpxtpx:hr>146</gpxtpx:hr><gpxtpx:cad>17</gpxtpx:cad></gpxtpx:TrackPointExtension></extensions></trkpt>
<trkpt lat="-33.7856768" lon="-70.2049673">
<ele>1712</ele><time>2026-09-26T15:44:44.000Z</time><extensions><gpxtpx:TrackPointExtension><gpxtpx:hr>149</gpxtpx:hr><gpxtpx:cad>14</gpxtpx:cad></gpxtpx:TrackPointExtension></extensions></trkpt>
<trkpt lat="-33.7856634" lon="-70.2050191">
<ele>1714</ele><time>2026-09-26T15:44:50.000Z</time><extensions><gpxtpx:TrackPointExtension><gpxtpx:hr>148</gpxtpx:hr><gpxtpx:cad>13</gpxtpx:cad></gpxtpx:TrackPointExtension></extensions></trkpt>
<trkpt lat="-33.7856182" lon="-70.2049961">
<ele>1716</ele><time>2026-09-26T15:44:58.000Z</time><extensions><gpxtpx:TrackPointExtension><gpxtpx:hr>148</gpxtpx:hr><gpxtpx:cad>14</gpxtpx:cad></gpxtpx:TrackPointExtension></extensions></trkpt>
<trkpt lat="-33.7855832" lon="-70.2050429">
<ele>1718</ele><time>2026-09-26T15:45:26.000Z</time><extensions><gpxtpx:TrackPointExtension><gpxtpx:hr>142</gpxtpx:hr><gpxtpx:cad>14</gpxtpx:cad></gpxtpx:TrackPointExtension></extensions></trkpt>
<trkpt lat="-33.7855489" lon="-70.2050859">
<ele>1720</ele><time>2026-09-26T15:45:34.000Z</time><extensions><gpxtpx:TrackPointExtension><gpxtpx:hr>142</gpxtpx:hr><gpxtpx:cad>15</gpxtpx:cad></gpxtpx:TrackPointExtension></extensions></trkpt>
<trkpt lat="-33.7855056" lon="-70.2050482">
<ele>1722</ele><time>2026-09-26T15:45:48.000Z</time><extensions><gpxtpx:TrackPointExtension><gpxtpx:hr>144</gpxtpx:hr><gpxtpx:cad>17</gpxtpx:cad></gpxtpx:TrackPointExtension></extensions></trkpt>
<trkpt lat="-33.7854633" lon="-70.2050123">
<ele>1724</ele><time>2026-09-26T15:45:59.000Z</time><extensions><gpxtpx:TrackPointExtension><gpxtpx:hr>142</gpxtpx:hr><gpxtpx:cad>19</gpxtpx:cad></gpxtpx:TrackPointExtension></extensions></trkpt>
<trkpt lat="-33.7854281" lon="-70.2049735">
<ele>1725</ele><time>2026-09-26T15:46:16.000Z</time><extensions><gpxtpx:TrackPointExtension><gpxtpx:hr>147</gpxtpx:hr><gpxtpx:cad>19</gpxtpx:cad></gpxtpx:TrackPointExtension></extensions></trkpt>
<trkpt lat="-33.7853959" lon="-70.2049298">
<ele>1727</ele><time>2026-09-26T15:46:25.000Z</time><extensions><gpxtpx:TrackPointExtension><gpxtpx:hr>148</gpxtpx:hr><gpxtpx:cad>21</gpxtpx:cad></gpxtpx:TrackPointExtension></extensions></trkpt>
<trkpt lat="-33.7853757" lon="-70.2049782">
<ele>1729</ele><time>2026-09-26T15:46:45.000Z</time><extensions><gpxtpx:TrackPointExtension><gpxtpx:hr>148</gpxtpx:hr><gpxtpx:cad>19</gpxtpx:cad></gpxtpx:TrackPointExtension></extensions></trkpt>
<trkpt lat="-33.7853442" lon="-70.2050173">
<ele>1731</ele><time>2026-09-26T15:46:57.000Z</time><extensions><gpxtpx:TrackPointExtension><gpxtpx:hr>148</gpxtpx:hr><gpxtpx:cad>18</gpxtpx:cad></gpxtpx:TrackPointExtension></extensions></trkpt>
<trkpt lat="-33.7853050" lon="-70.2050603">
<ele>1733</ele><time>2026-09-26T15:47:07.000Z</time><extensions><gpxtpx:TrackPointExtension><gpxtpx:hr>149</gpxtpx:hr><gpxtpx:cad>19</gpxtpx:cad></gpxtpx:TrackPointExtension></extensions></trkpt>
<trkpt lat="-33.7852587" lon="-70.2050383">
<ele>1734</ele><time>2026-09-26T15:47:25.000Z</time><extensions><gpxtpx:TrackPointExtension><gpxtpx:hr>149</gpxtpx:hr><gpxtpx:cad>12</gpxtpx:cad></gpxtpx:TrackPointExtension></extensions></trkpt>
<trkpt lat="-33.7852167" lon="-70.2050142">
<ele>1736</ele><time>2026-09-26T15:47:33.000Z</time><extensions><gpxtpx:TrackPointExtension><gpxtpx:hr>149</gpxtpx:hr><gpxtpx:cad>11</gpxtpx:cad></gpxtpx:TrackPointExtension></extensions></trkpt>
<trkpt lat="-33.7851790" lon="-70.2049755">
<ele>1737</ele><time>2026-09-26T15:47:48.000Z</time><extensions><gpxtpx:TrackPointExtension><gpxtpx:hr>148</gpxtpx:hr><gpxtpx:cad>10</gpxtpx:cad></gpxtpx:TrackPointExtension></extensions></trkpt>
<trkpt lat="-33.7851274" lon="-70.2049605">
<ele>1739</ele><time>2026-09-26T15:47:58.000Z</time><extensions><gpxtpx:TrackPointExtension><gpxtpx:hr>147</gpxtpx:hr><gpxtpx:cad>10</gpxtpx:cad></gpxtpx:TrackPointExtension></extensions></trkpt>
<trkpt lat="-33.7850774" lon="-70.2049799">
<ele>1741</ele><time>2026-09-26T15:48:08.000Z</time><extensions><gpxtpx:TrackPointExtension><gpxtpx:hr>148</gpxtpx:hr><gpxtpx:cad>10</gpxtpx:cad></gpxtpx:TrackPointExtension></extensions></trkpt>
<trkpt lat="-33.7850352" lon="-70.2050019">
<ele>1742</ele><time>2026-09-26T15:48:27.000Z</time><extensions><gpxtpx:TrackPointExtension><gpxtpx:hr>146</gpxtpx:hr><gpxtpx:cad>11</gpxtpx:cad></gpxtpx:TrackPointExtension></extensions></trkpt>
<trkpt lat="-33.7849965" lon="-70.2050406">
<ele>1744</ele><time>2026-09-26T15:48:49.000Z</time><extensions><gpxtpx:TrackPointExtension><gpxtpx:hr>149</gpxtpx:hr><gpxtpx:cad>11</gpxtpx:cad></gpxtpx:TrackPointExtension></extensions></trkpt>
<trkpt lat="-33.7849575" lon="-70.2050131">
<ele>1745</ele><time>2026-09-26T15:49:02.000Z</time><extensions><gpxtpx:TrackPointExtension><gpxtpx:hr>149</gpxtpx:hr><gpxtpx:cad>11</gpxtpx:cad></gpxtpx:TrackPointExtension></extensions></trkpt>
<trkpt lat="-33.7849131" lon="-70.2050223">
<ele>1747</ele><time>2026-09-26T15:51:04.000Z</time><extensions><gpxtpx:TrackPointExtension><gpxtpx:hr>109</gpxtpx:hr><gpxtpx:cad>10</gpxtpx:cad></gpxtpx:TrackPointExtension></extensions></trkpt>
<trkpt lat="-33.7848835" lon="-70.2050676">
<ele>1748</ele><time>2026-09-26T15:51:36.000Z</time><extensions><gpxtpx:TrackPointExtension><gpxtpx:hr>126</gpxtpx:hr><gpxtpx:cad>10</gpxtpx:cad></gpxtpx:TrackPointExtension></extensions></trkpt>
<trkpt lat="-33.7849346" lon="-70.2050832">
<ele>1749</ele><time>2026-09-26T15:52:11.000Z</time><extensions><gpxtpx:TrackPointExtension><gpxtpx:hr>122</gpxtpx:hr><gpxtpx:cad>9</gpxtpx:cad></gpxtpx:TrackPointExtension></extensions></trkpt>
<trkpt lat="-33.7849266" lon="-70.2051406">
<ele>1751</ele><time>2026-09-26T15:52:21.000Z</time><extensions><gpxtpx:TrackPointExtension><gpxtpx:hr>119</gpxtpx:hr><gpxtpx:cad>9</gpxtpx:cad></gpxtpx:TrackPointExtension></extensions></trkpt>
<trkpt lat="-33.7848898" lon="-70.2051833">
<ele>1752</ele><time>2026-09-26T15:52:42.000Z</time><extensions><gpxtpx:TrackPointExtension><gpxtpx:hr>132</gpxtpx:hr><gpxtpx:cad>9</gpxtpx:cad></gpxtpx:TrackPointExtension></extensions></trkpt>
<trkpt lat="-33.7849058" lon="-70.2052405">
<ele>1754</ele><time>2026-09-26T15:52:53.000Z</time><extensions><gpxtpx:TrackPointExtension><gpxtpx:hr>132</gpxtpx:hr><gpxtpx:cad>9</gpxtpx:cad></gpxtpx:TrackPointExtension></extensions></trkpt>
<trkpt lat="-33.7848642" lon="-70.2052694">
<ele>1755</ele><time>2026-09-26T15:53:04.000Z</time><extensions><gpxtpx:TrackPointExtension><gpxtpx:hr>134</gpxtpx:hr><gpxtpx:cad>10</gpxtpx:cad></gpxtpx:TrackPointExtension></extensions></trkpt>
<trkpt lat="-33.7848161" lon="-70.2052518">
<ele>1757</ele><time>2026-09-26T15:53:14.000Z</time><extensions><gpxtpx:TrackPointExtension><gpxtpx:hr>140</gpxtpx:hr><gpxtpx:cad>10</gpxtpx:cad></gpxtpx:TrackPointExtension></extensions></trkpt>
<trkpt lat="-33.7847665" lon="-70.2052734">
<ele>1758</ele><time>2026-09-26T15:53:26.000Z</time><extensions><gpxtpx:TrackPointExtension><gpxtpx:hr>144</gpxtpx:hr><gpxtpx:cad>14</gpxtpx:cad></gpxtpx:TrackPointExtension></extensions></trkpt>
<trkpt lat="-33.7847822" lon="-70.2053300">
<ele>1760</ele><time>2026-09-26T15:53:37.000Z</time><extensions><gpxtpx:TrackPointExtension><gpxtpx:hr>144</gpxtpx:hr><gpxtpx:cad>16</gpxtpx:cad></gpxtpx:TrackPointExtension></extensions></trkpt>
<trkpt lat="-33.7847362" lon="-70.2053070">
<ele>1761</ele><time>2026-09-26T15:53:44.000Z</time><extensions><gpxtpx:TrackPointExtension><gpxtpx:hr>143</gpxtpx:hr><gpxtpx:cad>17</gpxtpx:cad></gpxtpx:TrackPointExtension></extensions></trkpt>
<trkpt lat="-33.7846953" lon="-70.2052842">
<ele>1763</ele><time>2026-09-26T15:53:52.000Z</time><extensions><gpxtpx:TrackPointExtension><gpxtpx:hr>144</gpxtpx:hr><gpxtpx:cad>17</gpxtpx:cad></gpxtpx:TrackPointExtension></extensions></trkpt>
<trkpt lat="-33.7846578" lon="-70.2053228">
<ele>1764</ele><time>2026-09-26T15:54:15.000Z</time><extensions><gpxtpx:TrackPointExtension><gpxtpx:hr>145</gpxtpx:hr><gpxtpx:cad>19</gpxtpx:cad></gpxtpx:TrackPointExtension></extensions></trkpt>
<trkpt lat="-33.7846730" lon="-70.2053739">
<ele>1766</ele><time>2026-09-26T15:54:22.000Z</time><extensions><gpxtpx:TrackPointExtension><gpxtpx:hr>146</gpxtpx:hr><gpxtpx:cad>19</gpxtpx:cad></gpxtpx:TrackPointExtension></extensions></trkpt>
<trkpt lat="-33.7846769" lon="-70.2054375">
<ele>1767</ele><time>2026-09-26T15:54:34.000Z</time><extensions><gpxtpx:TrackPointExtension><gpxtpx:hr>146</gpxtpx:hr><gpxtpx:cad>18</gpxtpx:cad></gpxtpx:TrackPointExtension></extensions></trkpt>
<trkpt lat="-33.7846727" lon="-70.2054982">
<ele>1769</ele><time>2026-09-26T15:54:42.000Z</time><extensions><gpxtpx:TrackPointExtension><gpxtpx:hr>142</gpxtpx:hr><gpxtpx:cad>19</gpxtpx:cad></gpxtpx:TrackPointExtension></extensions></trkpt>
<trkpt lat="-33.7846304" lon="-70.2055168">
<ele>1770</ele><time>2026-09-26T15:54:54.000Z</time><extensions><gpxtpx:TrackPointExtension><gpxtpx:hr>136</gpxtpx:hr><gpxtpx:cad>19</gpxtpx:cad></gpxtpx:TrackPointExtension></extensions></trkpt>
<trkpt lat="-33.7846003" lon="-70.2055634">
<ele>1771</ele><time>2026-09-26T15:55:03.000Z</time><extensions><gpxtpx:TrackPointExtension><gpxtpx:hr>141</gpxtpx:hr><gpxtpx:cad>17</gpxtpx:cad></gpxtpx:TrackPointExtension></extensions></trkpt>
<trkpt lat="-33.7845560" lon="-70.2055811">
<ele>1772</ele><time>2026-09-26T15:55:15.000Z</time><extensions><gpxtpx:TrackPointExtension><gpxtpx:hr>143</gpxtpx:hr><gpxtpx:cad>16</gpxtpx:cad></gpxtpx:TrackPointExtension></extensions></trkpt>
<trkpt lat="-33.7845274" lon="-70.2056240">
<ele>1774</ele><time>2026-09-26T15:55:24.000Z</time><extensions><gpxtpx:TrackPointExtension><gpxtpx:hr>147</gpxtpx:hr><gpxtpx:cad>15</gpxtpx:cad></gpxtpx:TrackPointExtension></extensions></trkpt>
<trkpt lat="-33.7844879" lon="-70.2055940">
<ele>1776</ele><time>2026-09-26T15:55:37.000Z</time><extensions><gpxtpx:TrackPointExtension><gpxtpx:hr>147</gpxtpx:hr><gpxtpx:cad>13</gpxtpx:cad></gpxtpx:TrackPointExtension></extensions></trkpt>
<trkpt lat="-33.7844732" lon="-70.2055414">
<ele>1778</ele><time>2026-09-26T15:55:49.000Z</time><extensions><gpxtpx:TrackPointExtension><gpxtpx:hr>148</gpxtpx:hr><gpxtpx:cad>12</gpxtpx:cad></gpxtpx:TrackPointExtension></extensions></trkpt>
<trkpt lat="-33.7844229" lon="-70.2055364">
<ele>1780</ele><time>2026-09-26T15:56:15.999Z</time><extensions><gpxtpx:TrackPointExtension><gpxtpx:hr>147</gpxtpx:hr><gpxtpx:cad>12</gpxtpx:cad></gpxtpx:TrackPointExtension></extensions></trkpt>
<trkpt lat="-33.7843770" lon="-70.2055352">
<ele>1783</ele><time>2026-09-26T15:56:32.999Z</time><extensions><gpxtpx:TrackPointExtension><gpxtpx:hr>145</gpxtpx:hr><gpxtpx:cad>13</gpxtpx:cad></gpxtpx:TrackPointExtension></extensions></trkpt>
<trkpt lat="-33.7843613" lon="-70.2054832">
<ele>1785</ele><time>2026-09-26T15:56:41.999Z</time><extensions><gpxtpx:TrackPointExtension><gpxtpx:hr>149</gpxtpx:hr><gpxtpx:cad>14</gpxtpx:cad></gpxtpx:TrackPointExtension></extensions></trkpt>
<trkpt lat="-33.7843127" lon="-70.2054649">
<ele>1787</ele><time>2026-09-26T15:56:54.999Z</time><extensions><gpxtpx:TrackPointExtension><gpxtpx:hr>147</gpxtpx:hr><gpxtpx:cad>13</gpxtpx:cad></gpxtpx:TrackPointExtension></extensions></trkpt>
<trkpt lat="-33.7842623" lon="-70.2054481">
<ele>1788</ele><time>2026-09-26T15:57:08.999Z</time><extensions><gpxtpx:TrackPointExtension><gpxtpx:hr>146</gpxtpx:hr><gpxtpx:cad>11</gpxtpx:cad></gpxtpx:TrackPointExtension></extensions></trkpt>
<trkpt lat="-33.7842309" lon="-70.2054094">
<ele>1790</ele><time>2026-09-26T15:57:22.999Z</time><extensions><gpxtpx:TrackPointExtension><gpxtpx:hr>149</gpxtpx:hr><gpxtpx:cad>10</gpxtpx:cad></gpxtpx:TrackPointExtension></extensions></trkpt>
<trkpt lat="-33.7842196" lon="-70.2054694">
<ele>1791</ele><time>2026-09-26T15:57:37.999Z</time><extensions><gpxtpx:TrackPointExtension><gpxtpx:hr>151</gpxtpx:hr><gpxtpx:cad>9</gpxtpx:cad></gpxtpx:TrackPointExtension></extensions></trkpt>
<trkpt lat="-33.7841778" lon="-70.2054431">
<ele>1793</ele><time>2026-09-26T15:57:46.999Z</time><extensions><gpxtpx:TrackPointExtension><gpxtpx:hr>151</gpxtpx:hr><gpxtpx:cad>9</gpxtpx:cad></gpxtpx:TrackPointExtension></extensions></trkpt>
<trkpt lat="-33.7841339" lon="-70.2054234">
<ele>1794</ele><time>2026-09-26T15:58:01.999Z</time><extensions><gpxtpx:TrackPointExtension><gpxtpx:hr>152</gpxtpx:hr><gpxtpx:cad>8</gpxtpx:cad></gpxtpx:TrackPointExtension></extensions></trkpt>
<trkpt lat="-33.7840891" lon="-70.2053984">
<ele>1796</ele><time>2026-09-26T15:58:22.999Z</time><extensions><gpxtpx:TrackPointExtension><gpxtpx:hr>146</gpxtpx:hr><gpxtpx:cad>7</gpxtpx:cad></gpxtpx:TrackPointExtension></extensions></trkpt>
<trkpt lat="-33.7840440" lon="-70.2053866">
<ele>1797</ele><time>2026-09-26T15:58:29.999Z</time><extensions><gpxtpx:TrackPointExtension><gpxtpx:hr>145</gpxtpx:hr><gpxtpx:cad>6</gpxtpx:cad></gpxtpx:TrackPointExtension></extensions></trkpt>
<trkpt lat="-33.7840017" lon="-70.2053569">
<ele>1797</ele><time>2026-09-26T15:59:04.999Z</time><extensions><gpxtpx:TrackPointExtension><gpxtpx:hr>143</gpxtpx:hr><gpxtpx:cad>7</gpxtpx:cad></gpxtpx:TrackPointExtension></extensions></trkpt>
<trkpt lat="-33.7840367" lon="-70.2053922">
<ele>1798</ele><time>2026-09-26T16:00:11.999Z</time><extensions><gpxtpx:TrackPointExtension><gpxtpx:hr>109</gpxtpx:hr><gpxtpx:cad>8</gpxtpx:cad></gpxtpx:TrackPointExtension></extensions></trkpt>
<trkpt lat="-33.7839868" lon="-70.2053792">
<ele>1799</ele><time>2026-09-26T16:01:19.999Z</time><extensions><gpxtpx:TrackPointExtension><gpxtpx:hr>115</gpxtpx:hr><gpxtpx:cad>9</gpxtpx:cad></gpxtpx:TrackPointExtension></extensions></trkpt>
<trkpt lat="-33.7839480" lon="-70.2053462">
<ele>1800</ele><time>2026-09-26T16:01:27.999Z</time><extensions><gpxtpx:TrackPointExtension><gpxtpx:hr>113</gpxtpx:hr><gpxtpx:cad>10</gpxtpx:cad></gpxtpx:TrackPointExtension></extensions></trkpt>
<trkpt lat="-33.7838944" lon="-70.2053615">
<ele>1802</ele><time>2026-09-26T16:01:36.999Z</time><extensions><gpxtpx:TrackPointExtension><gpxtpx:hr>124</gpxtpx:hr><gpxtpx:cad>10</gpxtpx:cad></gpxtpx:TrackPointExtension></extensions></trkpt>
<trkpt lat="-33.7839111" lon="-70.2054157">
<ele>1804</ele><time>2026-09-26T16:01:58.999Z</time><extensions><gpxtpx:TrackPointExtension><gpxtpx:hr>134</gpxtpx:hr><gpxtpx:cad>10</gpxtpx:cad></gpxtpx:TrackPointExtension></extensions></trkpt>
<trkpt lat="-33.7839188" lon="-70.2054718">
<ele>1806</ele><time>2026-09-26T16:02:11.999Z</time><extensions><gpxtpx:TrackPointExtension><gpxtpx:hr>142</gpxtpx:hr><gpxtpx:cad>10</gpxtpx:cad></gpxtpx:TrackPointExtension></extensions></trkpt>
<trkpt lat="-33.7839450" lon="-70.2055211">
<ele>1807</ele><time>2026-09-26T16:02:24.999Z</time><extensions><gpxtpx:TrackPointExtension><gpxtpx:hr>144</gpxtpx:hr><gpxtpx:cad>10</gpxtpx:cad></gpxtpx:TrackPointExtension></extensions></trkpt>
<trkpt lat="-33.7839639" lon="-70.2055814">
<ele>1809</ele><time>2026-09-26T16:02:32.999Z</time><extensions><gpxtpx:TrackPointExtension><gpxtpx:hr>142</gpxtpx:hr><gpxtpx:cad>10</gpxtpx:cad></gpxtpx:TrackPointExtension></extensions></trkpt>
<trkpt lat="-33.7839259" lon="-70.2056126">
<ele>1810</ele><time>2026-09-26T16:02:43.999Z</time><extensions><gpxtpx:TrackPointExtension><gpxtpx:hr>144</gpxtpx:hr><gpxtpx:cad>12</gpxtpx:cad></gpxtpx:TrackPointExtension></extensions></trkpt>
<trkpt lat="-33.7838819" lon="-70.2055864">
<ele>1811</ele><time>2026-09-26T16:02:56.999Z</time><extensions><gpxtpx:TrackPointExtension><gpxtpx:hr>146</gpxtpx:hr><gpxtpx:cad>15</gpxtpx:cad></gpxtpx:TrackPointExtension></extensions></trkpt>
<trkpt lat="-33.7838676" lon="-70.2056417">
<ele>1813</ele><time>2026-09-26T16:03:14.999Z</time><extensions><gpxtpx:TrackPointExtension><gpxtpx:hr>143</gpxtpx:hr><gpxtpx:cad>13</gpxtpx:cad></gpxtpx:TrackPointExtension></extensions></trkpt>
<trkpt lat="-33.7838423" lon="-70.2056876">
<ele>1814</ele><time>2026-09-26T16:03:32.999Z</time><extensions><gpxtpx:TrackPointExtension><gpxtpx:hr>145</gpxtpx:hr><gpxtpx:cad>14</gpxtpx:cad></gpxtpx:TrackPointExtension></extensions></trkpt>
<trkpt lat="-33.7838203" lon="-70.2057380">
<ele>1816</ele><time>2026-09-26T16:03:41.999Z</time><extensions><gpxtpx:TrackPointExtension><gpxtpx:hr>147</gpxtpx:hr><gpxtpx:cad>15</gpxtpx:cad></gpxtpx:TrackPointExtension></extensions></trkpt>
<trkpt lat="-33.7837912" lon="-70.2057804">
<ele>1818</ele><time>2026-09-26T16:03:51.999Z</time><extensions><gpxtpx:TrackPointExtension><gpxtpx:hr>137</gpxtpx:hr><gpxtpx:cad>15</gpxtpx:cad></gpxtpx:TrackPointExtension></extensions></trkpt>
<trkpt lat="-33.7837458" lon="-70.2057674">
<ele>1820</ele><time>2026-09-26T16:04:03.999Z</time><extensions><gpxtpx:TrackPointExtension><gpxtpx:hr>142</gpxtpx:hr><gpxtpx:cad>15</gpxtpx:cad></gpxtpx:TrackPointExtension></extensions></trkpt>
<trkpt lat="-33.7837110" lon="-70.2057260">
<ele>1821</ele><time>2026-09-26T16:04:20.999Z</time><extensions><gpxtpx:TrackPointExtension><gpxtpx:hr>143</gpxtpx:hr><gpxtpx:cad>14</gpxtpx:cad></gpxtpx:TrackPointExtension></extensions></trkpt>
<trkpt lat="-33.7836814" lon="-70.2056851">
<ele>1823</ele><time>2026-09-26T16:04:31.999Z</time><extensions><gpxtpx:TrackPointExtension><gpxtpx:hr>145</gpxtpx:hr><gpxtpx:cad>13</gpxtpx:cad></gpxtpx:TrackPointExtension></extensions></trkpt>
<trkpt lat="-33.7836383" lon="-70.2056675">
<ele>1825</ele><time>2026-09-26T16:04:43.999Z</time><extensions><gpxtpx:TrackPointExtension><gpxtpx:hr>145</gpxtpx:hr><gpxtpx:cad>12</gpxtpx:cad></gpxtpx:TrackPointExtension></extensions></trkpt>
<trkpt lat="-33.7835924" lon="-70.2056840">
<ele>1827</ele><time>2026-09-26T16:05:34.999Z</time><extensions><gpxtpx:TrackPointExtension><gpxtpx:hr>133</gpxtpx:hr><gpxtpx:cad>12</gpxtpx:cad></gpxtpx:TrackPointExtension></extensions></trkpt>
<trkpt lat="-33.7835472" lon="-70.2056726">
<ele>1829</ele><time>2026-09-26T16:05:43.999Z</time><extensions><gpxtpx:TrackPointExtension><gpxtpx:hr>134</gpxtpx:hr><gpxtpx:cad>12</gpxtpx:cad></gpxtpx:TrackPointExtension></extensions></trkpt>
<trkpt lat="-33.7835074" lon="-70.2056978">
<ele>1831</ele><time>2026-09-26T16:05:56.999Z</time><extensions><gpxtpx:TrackPointExtension><gpxtpx:hr>140</gpxtpx:hr><gpxtpx:cad>13</gpxtpx:cad></gpxtpx:TrackPointExtension></extensions></trkpt>
<trkpt lat="-33.7834608" lon="-70.2057002">
<ele>1834</ele><time>2026-09-26T16:06:15.999Z</time><extensions><gpxtpx:TrackPointExtension><gpxtpx:hr>146</gpxtpx:hr><gpxtpx:cad>11</gpxtpx:cad></gpxtpx:TrackPointExtension></extensions></trkpt>
<trkpt lat="-33.7834151" lon="-70.2056769">
<ele>1836</ele><time>2026-09-26T16:06:25.999Z</time><extensions><gpxtpx:TrackPointExtension><gpxtpx:hr>148</gpxtpx:hr><gpxtpx:cad>12</gpxtpx:cad></gpxtpx:TrackPointExtension></extensions></trkpt>
<trkpt lat="-33.7834265" lon="-70.2057371">
<ele>1838</ele><time>2026-09-26T16:06:47.999Z</time><extensions><gpxtpx:TrackPointExtension><gpxtpx:hr>149</gpxtpx:hr><gpxtpx:cad>12</gpxtpx:cad></gpxtpx:TrackPointExtension></extensions></trkpt>
<trkpt lat="-33.7833778" lon="-70.2057391">
<ele>1839</ele><time>2026-09-26T16:07:02.999Z</time><extensions><gpxtpx:TrackPointExtension><gpxtpx:hr>149</gpxtpx:hr><gpxtpx:cad>12</gpxtpx:cad></gpxtpx:TrackPointExtension></extensions></trkpt>
<trkpt lat="-33.7833308" lon="-70.2057548">
<ele>1841</ele><time>2026-09-26T16:07:15.999Z</time><extensions><gpxtpx:TrackPointExtension><gpxtpx:hr>149</gpxtpx:hr><gpxtpx:cad>12</gpxtpx:cad></gpxtpx:TrackPointExtension></extensions></trkpt>
<trkpt lat="-33.7833469" lon="-70.2058108">
<ele>1842</ele><time>2026-09-26T16:07:25.999Z</time><extensions><gpxtpx:TrackPointExtension><gpxtpx:hr>150</gpxtpx:hr><gpxtpx:cad>13</gpxtpx:cad></gpxtpx:TrackPointExtension></extensions></trkpt>
<trkpt lat="-33.7833687" lon="-70.2058668">
<ele>1844</ele><time>2026-09-26T16:07:32.999Z</time><extensions><gpxtpx:TrackPointExtension><gpxtpx:hr>151</gpxtpx:hr><gpxtpx:cad>12</gpxtpx:cad></gpxtpx:TrackPointExtension></extensions></trkpt>
<trkpt lat="-33.7833500" lon="-70.2059240">
<ele>1845</ele><time>2026-09-26T16:07:41.999Z</time><extensions><gpxtpx:TrackPointExtension><gpxtpx:hr>153</gpxtpx:hr><gpxtpx:cad>13</gpxtpx:cad></gpxtpx:TrackPointExtension></extensions></trkpt>
<trkpt lat="-33.7833240" lon="-70.2059712">
<ele>1847</ele><time>2026-09-26T16:07:51.999Z</time><extensions><gpxtpx:TrackPointExtension><gpxtpx:hr>152</gpxtpx:hr><gpxtpx:cad>14</gpxtpx:cad></gpxtpx:TrackPointExtension></extensions></trkpt>
<trkpt lat="-33.7832809" lon="-70.2059978">
<ele>1848</ele><time>2026-09-26T16:08:23.999Z</time><extensions><gpxtpx:TrackPointExtension><gpxtpx:hr>147</gpxtpx:hr><gpxtpx:cad>14</gpxtpx:cad></gpxtpx:TrackPointExtension></extensions></trkpt>
<trkpt lat="-33.7832603" lon="-70.2059463">
<ele>1850</ele><time>2026-09-26T16:08:34.999Z</time><extensions><gpxtpx:TrackPointExtension><gpxtpx:hr>148</gpxtpx:hr><gpxtpx:cad>16</gpxtpx:cad></gpxtpx:TrackPointExtension></extensions></trkpt>
<trkpt lat="-33.7832214" lon="-70.2059795">
<ele>1851</ele><time>2026-09-26T16:08:52.999Z</time><extensions><gpxtpx:TrackPointExtension><gpxtpx:hr>141</gpxtpx:hr><gpxtpx:cad>15</gpxtpx:cad></gpxtpx:TrackPointExtension></extensions></trkpt>
<trkpt lat="-33.7831766" lon="-70.2060113">
<ele>1853</ele><time>2026-09-26T16:08:59.999Z</time><extensions><gpxtpx:TrackPointExtension><gpxtpx:hr>143</gpxtpx:hr><gpxtpx:cad>15</gpxtpx:cad></gpxtpx:TrackPointExtension></extensions></trkpt>
<trkpt lat="-33.7831355" lon="-70.2059819">
<ele>1855</ele><time>2026-09-26T16:09:17.999Z</time><extensions><gpxtpx:TrackPointExtension><gpxtpx:hr>145</gpxtpx:hr><gpxtpx:cad>14</gpxtpx:cad></gpxtpx:TrackPointExtension></extensions></trkpt>
<trkpt lat="-33.7831481" lon="-70.2059260">
<ele>1856</ele><time>2026-09-26T16:09:31.999Z</time><extensions><gpxtpx:TrackPointExtension><gpxtpx:hr>144</gpxtpx:hr><gpxtpx:cad>13</gpxtpx:cad></gpxtpx:TrackPointExtension></extensions></trkpt>
<trkpt lat="-33.7831078" lon="-70.2058961">
<ele>1858</ele><time>2026-09-26T16:09:45.999Z</time><extensions><gpxtpx:TrackPointExtension><gpxtpx:hr>145</gpxtpx:hr><gpxtpx:cad>12</gpxtpx:cad></gpxtpx:TrackPointExtension></extensions></trkpt>
<trkpt lat="-33.7830581" lon="-70.2058880">
<ele>1859</ele><time>2026-09-26T16:09:58.999Z</time><extensions><gpxtpx:TrackPointExtension><gpxtpx:hr>147</gpxtpx:hr><gpxtpx:cad>12</gpxtpx:cad></gpxtpx:TrackPointExtension></extensions></trkpt>
<trkpt lat="-33.7830179" lon="-70.2058598">
<ele>1861</ele><time>2026-09-26T16:10:10.999Z</time><extensions><gpxtpx:TrackPointExtension><gpxtpx:hr>148</gpxtpx:hr><gpxtpx:cad>12</gpxtpx:cad></gpxtpx:TrackPointExtension></extensions></trkpt>
<trkpt lat="-33.7829767" lon="-70.2058332">
<ele>1863</ele><time>2026-09-26T16:10:17.999Z</time><extensions><gpxtpx:TrackPointExtension><gpxtpx:hr>150</gpxtpx:hr><gpxtpx:cad>9</gpxtpx:cad></gpxtpx:TrackPointExtension></extensions></trkpt>
<trkpt lat="-33.7829272" lon="-70.2058310">
<ele>1865</ele><time>2026-09-26T16:10:36.999Z</time><extensions><gpxtpx:TrackPointExtension><gpxtpx:hr>146</gpxtpx:hr><gpxtpx:cad>8</gpxtpx:cad></gpxtpx:TrackPointExtension></extensions></trkpt>
<trkpt lat="-33.7828864" lon="-70.2058571">
<ele>1867</ele><time>2026-09-26T16:10:53.999Z</time><extensions><gpxtpx:TrackPointExtension><gpxtpx:hr>149</gpxtpx:hr><gpxtpx:cad>8</gpxtpx:cad></gpxtpx:TrackPointExtension></extensions></trkpt>
<trkpt lat="-33.7828424" lon="-70.2058685">
<ele>1868</ele><time>2026-09-26T16:11:02.999Z</time><extensions><gpxtpx:TrackPointExtension><gpxtpx:hr>149</gpxtpx:hr><gpxtpx:cad>9</gpxtpx:cad></gpxtpx:TrackPointExtension></extensions></trkpt>
<trkpt lat="-33.7827995" lon="-70.2058487">
<ele>1870</ele><time>2026-09-26T16:11:17.999Z</time><extensions><gpxtpx:TrackPointExtension><gpxtpx:hr>146</gpxtpx:hr><gpxtpx:cad>9</gpxtpx:cad></gpxtpx:TrackPointExtension></extensions></trkpt>
<trkpt lat="-33.7827571" lon="-70.2058260">
<ele>1872</ele><time>2026-09-26T16:11:29.999Z</time><extensions><gpxtpx:TrackPointExtension><gpxtpx:hr>150</gpxtpx:hr><gpxtpx:cad>9</gpxtpx:cad></gpxtpx:TrackPointExtension></extensions></trkpt>
<trkpt lat="-33.7827125" lon="-70.2058390">
<ele>1874</ele><time>2026-09-26T16:11:45.999Z</time><extensions><gpxtpx:TrackPointExtension><gpxtpx:hr>153</gpxtpx:hr><gpxtpx:cad>8</gpxtpx:cad></gpxtpx:TrackPointExtension></extensions></trkpt>
<trkpt lat="-33.7827176" lon="-70.2058957">
<ele>1876</ele><time>2026-09-26T16:12:07.999Z</time><extensions><gpxtpx:TrackPointExtension><gpxtpx:hr>151</gpxtpx:hr><gpxtpx:cad>9</gpxtpx:cad></gpxtpx:TrackPointExtension></extensions></trkpt>
<trkpt lat="-33.7827400" lon="-70.2059484">
<ele>1878</ele><time>2026-09-26T16:13:42.999Z</time><extensions><gpxtpx:TrackPointExtension><gpxtpx:hr>119</gpxtpx:hr><gpxtpx:cad>8</gpxtpx:cad></gpxtpx:TrackPointExtension></extensions></trkpt>
<trkpt lat="-33.7826888" lon="-70.2059595">
<ele>1880</ele><time>2026-09-26T16:15:22.999Z</time><extensions><gpxtpx:TrackPointExtension><gpxtpx:hr>115</gpxtpx:hr><gpxtpx:cad>8</gpxtpx:cad></gpxtpx:TrackPointExtension></extensions></trkpt>
<trkpt lat="-33.7826406" lon="-70.2059593">
<ele>1882</ele><time>2026-09-26T16:15:36.999Z</time><extensions><gpxtpx:TrackPointExtension><gpxtpx:hr>131</gpxtpx:hr><gpxtpx:cad>8</gpxtpx:cad></gpxtpx:TrackPointExtension></extensions></trkpt>
<trkpt lat="-33.7825918" lon="-70.2059440">
<ele>1883</ele><time>2026-09-26T16:15:45.999Z</time><extensions><gpxtpx:TrackPointExtension><gpxtpx:hr>133</gpxtpx:hr><gpxtpx:cad>8</gpxtpx:cad></gpxtpx:TrackPointExtension></extensions></trkpt>
<trkpt lat="-33.7825586" lon="-70.2059886">
<ele>1885</ele><time>2026-09-26T16:16:03.999Z</time><extensions><gpxtpx:TrackPointExtension><gpxtpx:hr>141</gpxtpx:hr><gpxtpx:cad>8</gpxtpx:cad></gpxtpx:TrackPointExtension></extensions></trkpt>
<trkpt lat="-33.7825203" lon="-70.2059579">
<ele>1887</ele><time>2026-09-26T16:16:18.999Z</time><extensions><gpxtpx:TrackPointExtension><gpxtpx:hr>142</gpxtpx:hr><gpxtpx:cad>7</gpxtpx:cad></gpxtpx:TrackPointExtension></extensions></trkpt>
<trkpt lat="-33.7824726" lon="-70.2059584">
<ele>1889</ele><time>2026-09-26T16:16:46.999Z</time><extensions><gpxtpx:TrackPointExtension><gpxtpx:hr>145</gpxtpx:hr><gpxtpx:cad>8</gpxtpx:cad></gpxtpx:TrackPointExtension></extensions></trkpt>
<trkpt lat="-33.7824252" lon="-70.2059528">
<ele>1891</ele><time>2026-09-26T16:16:57.999Z</time><extensions><gpxtpx:TrackPointExtension><gpxtpx:hr>137</gpxtpx:hr><gpxtpx:cad>8</gpxtpx:cad></gpxtpx:TrackPointExtension></extensions></trkpt>
<trkpt lat="-33.7823928" lon="-70.2059976">
<ele>1894</ele><time>2026-09-26T16:17:24.000Z</time><extensions><gpxtpx:TrackPointExtension><gpxtpx:hr>139</gpxtpx:hr><gpxtpx:cad>10</gpxtpx:cad></gpxtpx:TrackPointExtension></extensions></trkpt>
<trkpt lat="-33.7823714" lon="-70.2060469">
<ele>1898</ele><time>2026-09-26T16:17:49.000Z</time><extensions><gpxtpx:TrackPointExtension><gpxtpx:hr>149</gpxtpx:hr><gpxtpx:cad>14</gpxtpx:cad></gpxtpx:TrackPointExtension></extensions></trkpt>
<trkpt lat="-33.7823287" lon="-70.2060684">
<ele>1901</ele><time>2026-09-26T16:18:10.000Z</time><extensions><gpxtpx:TrackPointExtension><gpxtpx:hr>164</gpxtpx:hr><gpxtpx:cad>14</gpxtpx:cad></gpxtpx:TrackPointExtension></extensions></trkpt>
<trkpt lat="-33.7823469" lon="-70.2061227">
<ele>1903</ele><time>2026-09-26T16:18:47.000Z</time><extensions><gpxtpx:TrackPointExtension><gpxtpx:hr>154</gpxtpx:hr><gpxtpx:cad>14</gpxtpx:cad></gpxtpx:TrackPointExtension></extensions></trkpt>
<trkpt lat="-33.7823666" lon="-70.2061751">
<ele>1905</ele><time>2026-09-26T16:18:57.000Z</time><extensions><gpxtpx:TrackPointExtension><gpxtpx:hr>150</gpxtpx:hr><gpxtpx:cad>15</gpxtpx:cad></gpxtpx:TrackPointExtension></extensions></trkpt>
<trkpt lat="-33.7823655" lon="-70.2062309">
<ele>1906</ele><time>2026-09-26T16:19:34.999Z</time><extensions><gpxtpx:TrackPointExtension><gpxtpx:hr>140</gpxtpx:hr><gpxtpx:cad>14</gpxtpx:cad></gpxtpx:TrackPointExtension></extensions></trkpt>
<trkpt lat="-33.7823386" lon="-70.2062830">
<ele>1908</ele><time>2026-09-26T16:19:43.999Z</time><extensions><gpxtpx:TrackPointExtension><gpxtpx:hr>128</gpxtpx:hr><gpxtpx:cad>14</gpxtpx:cad></gpxtpx:TrackPointExtension></extensions></trkpt>
<trkpt lat="-33.7823193" lon="-70.2063482">
<ele>1910</ele><time>2026-09-26T16:19:52.999Z</time><extensions><gpxtpx:TrackPointExtension><gpxtpx:hr>137</gpxtpx:hr><gpxtpx:cad>13</gpxtpx:cad></gpxtpx:TrackPointExtension></extensions></trkpt>
<trkpt lat="-33.7822866" lon="-70.2063962">
<ele>1912</ele><time>2026-09-26T16:19:58.999Z</time><extensions><gpxtpx:TrackPointExtension><gpxtpx:hr>143</gpxtpx:hr><gpxtpx:cad>15</gpxtpx:cad></gpxtpx:TrackPointExtension></extensions></trkpt>
<trkpt lat="-33.7822548" lon="-70.2064363">
<ele>1913</ele><time>2026-09-26T16:20:08.999Z</time><extensions><gpxtpx:TrackPointExtension><gpxtpx:hr>153</gpxtpx:hr><gpxtpx:cad>15</gpxtpx:cad></gpxtpx:TrackPointExtension></extensions></trkpt>
<trkpt lat="-33.7822314" lon="-70.2063791">
<ele>1915</ele><time>2026-09-26T16:20:30.999Z</time><extensions><gpxtpx:TrackPointExtension><gpxtpx:hr>161</gpxtpx:hr><gpxtpx:cad>14</gpxtpx:cad></gpxtpx:TrackPointExtension></extensions></trkpt>
<trkpt lat="-33.7822143" lon="-70.2063145">
<ele>1916</ele><time>2026-09-26T16:20:39.999Z</time><extensions><gpxtpx:TrackPointExtension><gpxtpx:hr>157</gpxtpx:hr><gpxtpx:cad>16</gpxtpx:cad></gpxtpx:TrackPointExtension></extensions></trkpt>
<trkpt lat="-33.7821902" lon="-70.2062636">
<ele>1918</ele><time>2026-09-26T16:20:45.999Z</time><extensions><gpxtpx:TrackPointExtension><gpxtpx:hr>154</gpxtpx:hr><gpxtpx:cad>17</gpxtpx:cad></gpxtpx:TrackPointExtension></extensions></trkpt>
<trkpt lat="-33.7821541" lon="-70.2062979">
<ele>1920</ele><time>2026-09-26T16:20:58.999Z</time><extensions><gpxtpx:TrackPointExtension><gpxtpx:hr>154</gpxtpx:hr><gpxtpx:cad>20</gpxtpx:cad></gpxtpx:TrackPointExtension></extensions></trkpt>
<trkpt lat="-33.7821138" lon="-70.2063243">
<ele>1923</ele><time>2026-09-26T16:21:08.999Z</time><extensions><gpxtpx:TrackPointExtension><gpxtpx:hr>155</gpxtpx:hr><gpxtpx:cad>20</gpxtpx:cad></gpxtpx:TrackPointExtension></extensions></trkpt>
<trkpt lat="-33.7820687" lon="-70.2063233">
<ele>1926</ele><time>2026-09-26T16:21:24.999Z</time><extensions><gpxtpx:TrackPointExtension><gpxtpx:hr>166</gpxtpx:hr><gpxtpx:cad>17</gpxtpx:cad></gpxtpx:TrackPointExtension></extensions></trkpt>
<trkpt lat="-33.7820220" lon="-70.2063276">
<ele>1929</ele><time>2026-09-26T16:21:44.000Z</time><extensions><gpxtpx:TrackPointExtension><gpxtpx:hr>171</gpxtpx:hr><gpxtpx:cad>15</gpxtpx:cad></gpxtpx:TrackPointExtension></extensions></trkpt>
<trkpt lat="-33.7819713" lon="-70.2062974">
<ele>1931</ele><time>2026-09-26T16:22:08.000Z</time><extensions><gpxtpx:TrackPointExtension><gpxtpx:hr>173</gpxtpx:hr><gpxtpx:cad>14</gpxtpx:cad></gpxtpx:TrackPointExtension></extensions></trkpt>
<trkpt lat="-33.7819293" lon="-70.2062668">
<ele>1934</ele><time>2026-09-26T16:22:26.000Z</time><extensions><gpxtpx:TrackPointExtension><gpxtpx:hr>170</gpxtpx:hr><gpxtpx:cad>12</gpxtpx:cad></gpxtpx:TrackPointExtension></extensions></trkpt>
<trkpt lat="-33.7818782" lon="-70.2062651">
<ele>1936</ele><time>2026-09-26T16:22:35.000Z</time><extensions><gpxtpx:TrackPointExtension><gpxtpx:hr>168</gpxtpx:hr><gpxtpx:cad>12</gpxtpx:cad></gpxtpx:TrackPointExtension></extensions></trkpt>
<trkpt lat="-33.7818818" lon="-70.2063224">
<ele>1938</ele><time>2026-09-26T16:22:43.000Z</time><extensions><gpxtpx:TrackPointExtension><gpxtpx:hr>168</gpxtpx:hr><gpxtpx:cad>12</gpxtpx:cad></gpxtpx:TrackPointExtension></extensions></trkpt>
<trkpt lat="-33.7818909" lon="-70.2063845">
<ele>1940</ele><time>2026-09-26T16:22:55.000Z</time><extensions><gpxtpx:TrackPointExtension><gpxtpx:hr>167</gpxtpx:hr><gpxtpx:cad>13</gpxtpx:cad></gpxtpx:TrackPointExtension></extensions></trkpt>
<trkpt lat="-33.7818800" lon="-70.2064451">
<ele>1942</ele><time>2026-09-26T16:23:03.000Z</time><extensions><gpxtpx:TrackPointExtension><gpxtpx:hr>166</gpxtpx:hr><gpxtpx:cad>14</gpxtpx:cad></gpxtpx:TrackPointExtension></extensions></trkpt>
<trkpt lat="-33.7818485" lon="-70.2064930">
<ele>1944</ele><time>2026-09-26T16:23:55.000Z</time><extensions><gpxtpx:TrackPointExtension><gpxtpx:hr>148</gpxtpx:hr><gpxtpx:cad>13</gpxtpx:cad></gpxtpx:TrackPointExtension></extensions></trkpt>
<trkpt lat="-33.7818143" lon="-70.2065300">
<ele>1945</ele><time>2026-09-26T16:24:03.000Z</time><extensions><gpxtpx:TrackPointExtension><gpxtpx:hr>140</gpxtpx:hr><gpxtpx:cad>11</gpxtpx:cad></gpxtpx:TrackPointExtension></extensions></trkpt>
<trkpt lat="-33.7817890" lon="-70.2064767">
<ele>1947</ele><time>2026-09-26T16:24:22.000Z</time><extensions><gpxtpx:TrackPointExtension><gpxtpx:hr>143</gpxtpx:hr><gpxtpx:cad>6</gpxtpx:cad></gpxtpx:TrackPointExtension></extensions></trkpt>
<trkpt lat="-33.7817602" lon="-70.2064298">
<ele>1948</ele><time>2026-09-26T16:24:34.000Z</time><extensions><gpxtpx:TrackPointExtension><gpxtpx:hr>144</gpxtpx:hr><gpxtpx:cad>6</gpxtpx:cad></gpxtpx:TrackPointExtension></extensions></trkpt>
<trkpt lat="-33.7817385" lon="-70.2063781">
<ele>1950</ele><time>2026-09-26T16:25:03.000Z</time><extensions><gpxtpx:TrackPointExtension><gpxtpx:hr>150</gpxtpx:hr><gpxtpx:cad>6</gpxtpx:cad></gpxtpx:TrackPointExtension></extensions></trkpt>
<trkpt lat="-33.7817005" lon="-70.2063409">
<ele>1952</ele><time>2026-09-26T16:25:11.000Z</time><extensions><gpxtpx:TrackPointExtension><gpxtpx:hr>153</gpxtpx:hr><gpxtpx:cad>6</gpxtpx:cad></gpxtpx:TrackPointExtension></extensions></trkpt>
<trkpt lat="-33.7816541" lon="-70.2063375">
<ele>1954</ele><time>2026-09-26T16:25:19.000Z</time><extensions><gpxtpx:TrackPointExtension><gpxtpx:hr>153</gpxtpx:hr><gpxtpx:cad>6</gpxtpx:cad></gpxtpx:TrackPointExtension></extensions></trkpt>
<trkpt lat="-33.7816103" lon="-70.2063237">
<ele>1956</ele><time>2026-09-26T16:25:32.000Z</time><extensions><gpxtpx:TrackPointExtension><gpxtpx:hr>149</gpxtpx:hr><gpxtpx:cad>5</gpxtpx:cad></gpxtpx:TrackPointExtension></extensions></trkpt>
<trkpt lat="-33.7816018" lon="-70.2063785">
<ele>1957</ele><time>2026-09-26T16:25:48.000Z</time><extensions><gpxtpx:TrackPointExtension><gpxtpx:hr>150</gpxtpx:hr><gpxtpx:cad>6</gpxtpx:cad></gpxtpx:TrackPointExtension></extensions></trkpt>
<trkpt lat="-33.7815840" lon="-70.2064292">
<ele>1958</ele><time>2026-09-26T16:26:22.000Z</time><extensions><gpxtpx:TrackPointExtension><gpxtpx:hr>150</gpxtpx:hr><gpxtpx:cad>6</gpxtpx:cad></gpxtpx:TrackPointExtension></extensions></trkpt>
</trkseg><trkseg>
<trkpt lat="-33.7815093" lon="-70.2063988">
<ele>1957</ele><time>2026-09-26T16:44:48.948Z</time><extensions><gpxtpx:TrackPointExtension><gpxtpx:hr>126</gpxtpx:hr><gpxtpx:cad>7</gpxtpx:cad></gpxtpx:TrackPointExtension></extensions></trkpt>
<trkpt lat="-33.7814820" lon="-70.2064478">
<ele>1957</ele><time>2026-09-26T16:45:46.948Z</time><extensions><gpxtpx:TrackPointExtension><gpxtpx:hr>130</gpxtpx:hr><gpxtpx:cad>7</gpxtpx:cad></gpxtpx:TrackPointExtension></extensions></trkpt>
<trkpt lat="-33.7814871" lon="-70.2065041">
<ele>1959</ele><time>2026-09-26T16:45:54.948Z</time><extensions><gpxtpx:TrackPointExtension><gpxtpx:hr>137</gpxtpx:hr><gpxtpx:cad>6</gpxtpx:cad></gpxtpx:TrackPointExtension></extensions></trkpt>
<trkpt lat="-33.7815016" lon="-70.2065560">
<ele>1960</ele><time>2026-09-26T16:46:04.948Z</time><extensions><gpxtpx:TrackPointExtension><gpxtpx:hr>138</gpxtpx:hr><gpxtpx:cad>6</gpxtpx:cad></gpxtpx:TrackPointExtension></extensions></trkpt>
<trkpt lat="-33.7814557" lon="-70.2065468">
<ele>1962</ele><time>2026-09-26T16:46:18.948Z</time><extensions><gpxtpx:TrackPointExtension><gpxtpx:hr>146</gpxtpx:hr><gpxtpx:cad>6</gpxtpx:cad></gpxtpx:TrackPointExtension></extensions></trkpt>
<trkpt lat="-33.7814173" lon="-70.2065070">
<ele>1963</ele><time>2026-09-26T16:46:28.948Z</time><extensions><gpxtpx:TrackPointExtension><gpxtpx:hr>152</gpxtpx:hr><gpxtpx:cad>7</gpxtpx:cad></gpxtpx:TrackPointExtension></extensions></trkpt>
<trkpt lat="-33.7813669" lon="-70.2064904">
<ele>1965</ele><time>2026-09-26T16:46:38.948Z</time><extensions><gpxtpx:TrackPointExtension><gpxtpx:hr>156</gpxtpx:hr><gpxtpx:cad>11</gpxtpx:cad></gpxtpx:TrackPointExtension></extensions></trkpt>
<trkpt lat="-33.7813146" lon="-70.2064800">
<ele>1966</ele><time>2026-09-26T16:46:53.948Z</time><extensions><gpxtpx:TrackPointExtension><gpxtpx:hr>158</gpxtpx:hr><gpxtpx:cad>11</gpxtpx:cad></gpxtpx:TrackPointExtension></extensions></trkpt>
<trkpt lat="-33.7812699" lon="-70.2064498">
<ele>1968</ele><time>2026-09-26T16:47:05.948Z</time><extensions><gpxtpx:TrackPointExtension><gpxtpx:hr>158</gpxtpx:hr><gpxtpx:cad>11</gpxtpx:cad></gpxtpx:TrackPointExtension></extensions></trkpt>
<trkpt lat="-33.7812170" lon="-70.2064474">
<ele>1969</ele><time>2026-09-26T16:47:15.948Z</time><extensions><gpxtpx:TrackPointExtension><gpxtpx:hr>158</gpxtpx:hr><gpxtpx:cad>14</gpxtpx:cad></gpxtpx:TrackPointExtension></extensions></trkpt>
<trkpt lat="-33.7811718" lon="-70.2064459">
<ele>1971</ele><time>2026-09-26T16:47:24.948Z</time><extensions><gpxtpx:TrackPointExtension><gpxtpx:hr>156</gpxtpx:hr><gpxtpx:cad>13</gpxtpx:cad></gpxtpx:TrackPointExtension></extensions></trkpt>
<trkpt lat="-33.7811257" lon="-70.2064565">
<ele>1973</ele><time>2026-09-26T16:47:57.947Z</time><extensions><gpxtpx:TrackPointExtension><gpxtpx:hr>150</gpxtpx:hr><gpxtpx:cad>13</gpxtpx:cad></gpxtpx:TrackPointExtension></extensions></trkpt>
<trkpt lat="-33.7811391" lon="-70.2065179">
<ele>1975</ele><time>2026-09-26T16:48:27.947Z</time><extensions><gpxtpx:TrackPointExtension><gpxtpx:hr>147</gpxtpx:hr><gpxtpx:cad>12</gpxtpx:cad></gpxtpx:TrackPointExtension></extensions></trkpt>
<trkpt lat="-33.7811738" lon="-70.2065542">
<ele>1976</ele><time>2026-09-26T16:48:42.947Z</time><extensions><gpxtpx:TrackPointExtension><gpxtpx:hr>150</gpxtpx:hr><gpxtpx:cad>11</gpxtpx:cad></gpxtpx:TrackPointExtension></extensions></trkpt>
<trkpt lat="-33.7811926" lon="-70.2066065">
<ele>1978</ele><time>2026-09-26T16:48:46.947Z</time><extensions><gpxtpx:TrackPointExtension><gpxtpx:hr>151</gpxtpx:hr><gpxtpx:cad>11</gpxtpx:cad></gpxtpx:TrackPointExtension></extensions></trkpt>
<trkpt lat="-33.7811911" lon="-70.2066645">
<ele>1979</ele><time>2026-09-26T16:48:57.947Z</time><extensions><gpxtpx:TrackPointExtension><gpxtpx:hr>153</gpxtpx:hr><gpxtpx:cad>10</gpxtpx:cad></gpxtpx:TrackPointExtension></extensions></trkpt>
<trkpt lat="-33.7812172" lon="-70.2067135">
<ele>1981</ele><time>2026-09-26T16:49:06.947Z</time><extensions><gpxtpx:TrackPointExtension><gpxtpx:hr>154</gpxtpx:hr><gpxtpx:cad>10</gpxtpx:cad></gpxtpx:TrackPointExtension></extensions></trkpt>
<trkpt lat="-33.7812000" lon="-70.2067671">
<ele>1982</ele><time>2026-09-26T16:49:13.947Z</time><extensions><gpxtpx:TrackPointExtension><gpxtpx:hr>157</gpxtpx:hr><gpxtpx:cad>10</gpxtpx:cad></gpxtpx:TrackPointExtension></extensions></trkpt>
<trkpt lat="-33.7811679" lon="-70.2068103">
<ele>1984</ele><time>2026-09-26T16:49:25.947Z</time><extensions><gpxtpx:TrackPointExtension><gpxtpx:hr>158</gpxtpx:hr><gpxtpx:cad>10</gpxtpx:cad></gpxtpx:TrackPointExtension></extensions></trkpt>
<trkpt lat="-33.7811288" lon="-70.2068486">
<ele>1985</ele><time>2026-09-26T16:49:39.947Z</time><extensions><gpxtpx:TrackPointExtension><gpxtpx:hr>160</gpxtpx:hr><gpxtpx:cad>11</gpxtpx:cad></gpxtpx:TrackPointExtension></extensions></trkpt>
<trkpt lat="-33.7811027" lon="-70.2068965">
<ele>1987</ele><time>2026-09-26T16:49:49.947Z</time><extensions><gpxtpx:TrackPointExtension><gpxtpx:hr>159</gpxtpx:hr><gpxtpx:cad>11</gpxtpx:cad></gpxtpx:TrackPointExtension></extensions></trkpt>
<trkpt lat="-33.7810711" lon="-70.2069351">
<ele>1988</ele><time>2026-09-26T16:50:08.947Z</time><extensions><gpxtpx:TrackPointExtension><gpxtpx:hr>162</gpxtpx:hr><gpxtpx:cad>10</gpxtpx:cad></gpxtpx:TrackPointExtension></extensions></trkpt>
<trkpt lat="-33.7808161" lon="-70.2067828">
<ele>1988</ele><time>2026-09-26T16:50:23.759Z</time><extensions><gpxtpx:TrackPointExtension><gpxtpx:hr>155</gpxtpx:hr><gpxtpx:cad>11</gpxtpx:cad></gpxtpx:TrackPointExtension></extensions></trkpt>
<trkpt lat="-33.7809187" lon="-70.2068752">
<ele>1989</ele><time>2026-09-26T16:50:25.759Z</time><extensions><gpxtpx:TrackPointExtension><gpxtpx:hr>155</gpxtpx:hr><gpxtpx:cad>18</gpxtpx:cad></gpxtpx:TrackPointExtension></extensions></trkpt>
<trkpt lat="-33.7809816" lon="-70.2069592">
<ele>1989</ele><time>2026-09-26T16:50:26.776Z</time><extensions><gpxtpx:TrackPointExtension><gpxtpx:hr>155</gpxtpx:hr><gpxtpx:cad>32</gpxtpx:cad></gpxtpx:TrackPointExtension></extensions></trkpt>
<trkpt lat="-33.7810131" lon="-70.2070053">
<ele>1990</ele><time>2026-09-26T16:50:27.776Z</time><extensions><gpxtpx:TrackPointExtension><gpxtpx:hr>154</gpxtpx:hr><gpxtpx:cad>38</gpxtpx:cad></gpxtpx:TrackPointExtension></extensions></trkpt>
<trkpt lat="-33.7809765" lon="-70.2070482">
<ele>1990</ele><time>2026-09-26T16:50:34.999Z</time><extensions><gpxtpx:TrackPointExtension><gpxtpx:hr>148</gpxtpx:hr><gpxtpx:cad>42</gpxtpx:cad></gpxtpx:TrackPointExtension></extensions></trkpt>
<trkpt lat="-33.7809523" lon="-70.2070975">
<ele>1990</ele><time>2026-09-26T16:50:41.999Z</time><extensions><gpxtpx:TrackPointExtension><gpxtpx:hr>149</gpxtpx:hr><gpxtpx:cad>42</gpxtpx:cad></gpxtpx:TrackPointExtension></extensions></trkpt>
<trkpt lat="-33.7809218" lon="-70.2071538">
<ele>1990</ele><time>2026-09-26T16:50:49.999Z</time><extensions><gpxtpx:TrackPointExtension><gpxtpx:hr>154</gpxtpx:hr><gpxtpx:cad>42</gpxtpx:cad></gpxtpx:TrackPointExtension></extensions></trkpt>
<trkpt lat="-33.7808655" lon="-70.2071831">
<ele>1991</ele><time>2026-09-26T16:50:54.999Z</time><extensions><gpxtpx:TrackPointExtension><gpxtpx:hr>155</gpxtpx:hr><gpxtpx:cad>36</gpxtpx:cad></gpxtpx:TrackPointExtension></extensions></trkpt>
<trkpt lat="-33.7808493" lon="-70.2072418">
<ele>1991</ele><time>2026-09-26T16:51:00.999Z</time><extensions><gpxtpx:TrackPointExtension><gpxtpx:hr>155</gpxtpx:hr><gpxtpx:cad>29</gpxtpx:cad></gpxtpx:TrackPointExtension></extensions></trkpt>
<trkpt lat="-33.7808054" lon="-70.2072816">
<ele>1992</ele><time>2026-09-26T16:51:07.999Z</time><extensions><gpxtpx:TrackPointExtension><gpxtpx:hr>155</gpxtpx:hr><gpxtpx:cad>29</gpxtpx:cad></gpxtpx:TrackPointExtension></extensions></trkpt>
<trkpt lat="-33.7807767" lon="-70.2073252">
<ele>1992</ele><time>2026-09-26T16:51:12.999Z</time><extensions><gpxtpx:TrackPointExtension><gpxtpx:hr>154</gpxtpx:hr><gpxtpx:cad>30</gpxtpx:cad></gpxtpx:TrackPointExtension></extensions></trkpt>
<trkpt lat="-33.7807353" lon="-70.2073638">
<ele>1993</ele><time>2026-09-26T16:51:17.999Z</time><extensions><gpxtpx:TrackPointExtension><gpxtpx:hr>152</gpxtpx:hr><gpxtpx:cad>33</gpxtpx:cad></gpxtpx:TrackPointExtension></extensions></trkpt>
<trkpt lat="-33.7807026" lon="-70.2074047">
<ele>1993</ele><time>2026-09-26T16:51:22.999Z</time><extensions><gpxtpx:TrackPointExtension><gpxtpx:hr>151</gpxtpx:hr><gpxtpx:cad>33</gpxtpx:cad></gpxtpx:TrackPointExtension></extensions></trkpt>
<trkpt lat="-33.7806727" lon="-70.2074516">
<ele>1994</ele><time>2026-09-26T16:51:29.999Z</time><extensions><gpxtpx:TrackPointExtension><gpxtpx:hr>152</gpxtpx:hr><gpxtpx:cad>31</gpxtpx:cad></gpxtpx:TrackPointExtension></extensions></trkpt>
<trkpt lat="-33.7806383" lon="-70.2074920">
<ele>1995</ele><time>2026-09-26T16:51:42.999Z</time><extensions><gpxtpx:TrackPointExtension><gpxtpx:hr>148</gpxtpx:hr><gpxtpx:cad>31</gpxtpx:cad></gpxtpx:TrackPointExtension></extensions></trkpt>
<trkpt lat="-33.7806045" lon="-70.2075473">
<ele>1996</ele><time>2026-09-26T16:51:53.999Z</time><extensions><gpxtpx:TrackPointExtension><gpxtpx:hr>146</gpxtpx:hr><gpxtpx:cad>32</gpxtpx:cad></gpxtpx:TrackPointExtension></extensions></trkpt>
<trkpt lat="-33.7805680" lon="-70.2075810">
<ele>1997</ele><time>2026-09-26T16:52:14.999Z</time><extensions><gpxtpx:TrackPointExtension><gpxtpx:hr>148</gpxtpx:hr><gpxtpx:cad>33</gpxtpx:cad></gpxtpx:TrackPointExtension></extensions></trkpt>
<trkpt lat="-33.7805322" lon="-70.2076190">
<ele>1998</ele><time>2026-09-26T16:52:24.999Z</time><extensions><gpxtpx:TrackPointExtension><gpxtpx:hr>145</gpxtpx:hr><gpxtpx:cad>31</gpxtpx:cad></gpxtpx:TrackPointExtension></extensions></trkpt>
<trkpt lat="-33.7804879" lon="-70.2076350">
<ele>2000</ele><time>2026-09-26T16:52:38.999Z</time><extensions><gpxtpx:TrackPointExtension><gpxtpx:hr>144</gpxtpx:hr><gpxtpx:cad>32</gpxtpx:cad></gpxtpx:TrackPointExtension></extensions></trkpt>
<trkpt lat="-33.7804548" lon="-70.2076735">
<ele>2001</ele><time>2026-09-26T16:52:50.999Z</time><extensions><gpxtpx:TrackPointExtension><gpxtpx:hr>145</gpxtpx:hr><gpxtpx:cad>32</gpxtpx:cad></gpxtpx:TrackPointExtension></extensions></trkpt>
<trkpt lat="-33.7804336" lon="-70.2077244">
<ele>2003</ele><time>2026-09-26T16:53:00.999Z</time><extensions><gpxtpx:TrackPointExtension><gpxtpx:hr>148</gpxtpx:hr><gpxtpx:cad>31</gpxtpx:cad></gpxtpx:TrackPointExtension></extensions></trkpt>
<trkpt lat="-33.7804007" lon="-70.2077645">
<ele>2004</ele><time>2026-09-26T16:53:08.999Z</time><extensions><gpxtpx:TrackPointExtension><gpxtpx:hr>149</gpxtpx:hr><gpxtpx:cad>30</gpxtpx:cad></gpxtpx:TrackPointExtension></extensions></trkpt>
<trkpt lat="-33.7803856" lon="-70.2078171">
<ele>2005</ele><time>2026-09-26T16:53:20.999Z</time><extensions><gpxtpx:TrackPointExtension><gpxtpx:hr>153</gpxtpx:hr><gpxtpx:cad>32</gpxtpx:cad></gpxtpx:TrackPointExtension></extensions></trkpt>
<trkpt lat="-33.7803450" lon="-70.2078520">
<ele>2006</ele><time>2026-09-26T16:53:29.999Z</time><extensions><gpxtpx:TrackPointExtension><gpxtpx:hr>155</gpxtpx:hr><gpxtpx:cad>34</gpxtpx:cad></gpxtpx:TrackPointExtension></extensions></trkpt>
<trkpt lat="-33.7803205" lon="-70.2079023">
<ele>2006</ele><time>2026-09-26T16:53:42.999Z</time><extensions><gpxtpx:TrackPointExtension><gpxtpx:hr>148</gpxtpx:hr><gpxtpx:cad>35</gpxtpx:cad></gpxtpx:TrackPointExtension></extensions></trkpt>
<trkpt lat="-33.7802859" lon="-70.2079428">
<ele>2007</ele><time>2026-09-26T16:53:54.999Z</time><extensions><gpxtpx:TrackPointExtension><gpxtpx:hr>150</gpxtpx:hr><gpxtpx:cad>38</gpxtpx:cad></gpxtpx:TrackPointExtension></extensions></trkpt>
<trkpt lat="-33.7802558" lon="-70.2079964">
<ele>2007</ele><time>2026-09-26T16:54:02.999Z</time><extensions><gpxtpx:TrackPointExtension><gpxtpx:hr>147</gpxtpx:hr><gpxtpx:cad>36</gpxtpx:cad></gpxtpx:TrackPointExtension></extensions></trkpt>
<trkpt lat="-33.7802361" lon="-70.2080490">
<ele>2008</ele><time>2026-09-26T16:54:08.999Z</time><extensions><gpxtpx:TrackPointExtension><gpxtpx:hr>144</gpxtpx:hr><gpxtpx:cad>36</gpxtpx:cad></gpxtpx:TrackPointExtension></extensions></trkpt>
<trkpt lat="-33.7802333" lon="-70.2081078">
<ele>2009</ele><time>2026-09-26T16:54:14.999Z</time><extensions><gpxtpx:TrackPointExtension><gpxtpx:hr>145</gpxtpx:hr><gpxtpx:cad>35</gpxtpx:cad></gpxtpx:TrackPointExtension></extensions></trkpt>
<trkpt lat="-33.7802114" lon="-70.2081625">
<ele>2010</ele><time>2026-09-26T16:54:23.999Z</time><extensions><gpxtpx:TrackPointExtension><gpxtpx:hr>143</gpxtpx:hr><gpxtpx:cad>33</gpxtpx:cad></gpxtpx:TrackPointExtension></extensions></trkpt>
<trkpt lat="-33.7801898" lon="-70.2082104">
<ele>2011</ele><time>2026-09-26T16:54:31.999Z</time><extensions><gpxtpx:TrackPointExtension><gpxtpx:hr>142</gpxtpx:hr><gpxtpx:cad>33</gpxtpx:cad></gpxtpx:TrackPointExtension></extensions></trkpt>
<trkpt lat="-33.7801767" lon="-70.2082637">
<ele>2012</ele><time>2026-09-26T16:54:46.999Z</time><extensions><gpxtpx:TrackPointExtension><gpxtpx:hr>145</gpxtpx:hr><gpxtpx:cad>34</gpxtpx:cad></gpxtpx:TrackPointExtension></extensions></trkpt>
<trkpt lat="-33.7801518" lon="-70.2083131">
<ele>2014</ele><time>2026-09-26T16:54:57.999Z</time><extensions><gpxtpx:TrackPointExtension><gpxtpx:hr>150</gpxtpx:hr><gpxtpx:cad>32</gpxtpx:cad></gpxtpx:TrackPointExtension></extensions></trkpt>
<trkpt lat="-33.7801384" lon="-70.2083668">
<ele>2015</ele><time>2026-09-26T16:55:09.999Z</time><extensions><gpxtpx:TrackPointExtension><gpxtpx:hr>154</gpxtpx:hr><gpxtpx:cad>34</gpxtpx:cad></gpxtpx:TrackPointExtension></extensions></trkpt>
<trkpt lat="-33.7801125" lon="-70.2084144">
<ele>2017</ele><time>2026-09-26T16:55:18.999Z</time><extensions><gpxtpx:TrackPointExtension><gpxtpx:hr>155</gpxtpx:hr><gpxtpx:cad>32</gpxtpx:cad></gpxtpx:TrackPointExtension></extensions></trkpt>
<trkpt lat="-33.7801004" lon="-70.2084695">
<ele>2018</ele><time>2026-09-26T16:55:28.000Z</time><extensions><gpxtpx:TrackPointExtension><gpxtpx:hr>156</gpxtpx:hr><gpxtpx:cad>31</gpxtpx:cad></gpxtpx:TrackPointExtension></extensions></trkpt>
<trkpt lat="-33.7801006" lon="-70.2085293">
<ele>2019</ele><time>2026-09-26T16:55:40.000Z</time><extensions><gpxtpx:TrackPointExtension><gpxtpx:hr>158</gpxtpx:hr><gpxtpx:cad>32</gpxtpx:cad></gpxtpx:TrackPointExtension></extensions></trkpt>
<trkpt lat="-33.7800594" lon="-70.2085626">
<ele>2019</ele><time>2026-09-26T16:55:49.000Z</time><extensions><gpxtpx:TrackPointExtension><gpxtpx:hr>161</gpxtpx:hr><gpxtpx:cad>32</gpxtpx:cad></gpxtpx:TrackPointExtension></extensions></trkpt>
<trkpt lat="-33.7800173" lon="-70.2086131">
<ele>2019</ele><time>2026-09-26T16:55:55.000Z</time><extensions><gpxtpx:TrackPointExtension><gpxtpx:hr>149</gpxtpx:hr><gpxtpx:cad>31</gpxtpx:cad></gpxtpx:TrackPointExtension></extensions></trkpt>
<trkpt lat="-33.7799915" lon="-70.2086578">
<ele>2019</ele><time>2026-09-26T16:56:01.000Z</time><extensions><gpxtpx:TrackPointExtension><gpxtpx:hr>151</gpxtpx:hr><gpxtpx:cad>30</gpxtpx:cad></gpxtpx:TrackPointExtension></extensions></trkpt>
<trkpt lat="-33.7799614" lon="-70.2087037">
<ele>2019</ele><time>2026-09-26T16:56:08.000Z</time><extensions><gpxtpx:TrackPointExtension><gpxtpx:hr>151</gpxtpx:hr><gpxtpx:cad>32</gpxtpx:cad></gpxtpx:TrackPointExtension></extensions></trkpt>
<trkpt lat="-33.7799502" lon="-70.2087651">
<ele>2020</ele><time>2026-09-26T16:56:13.000Z</time><extensions><gpxtpx:TrackPointExtension><gpxtpx:hr>150</gpxtpx:hr><gpxtpx:cad>30</gpxtpx:cad></gpxtpx:TrackPointExtension></extensions></trkpt>
<trkpt lat="-33.7799208" lon="-70.2088113">
<ele>2020</ele><time>2026-09-26T16:56:18.000Z</time><extensions><gpxtpx:TrackPointExtension><gpxtpx:hr>148</gpxtpx:hr><gpxtpx:cad>32</gpxtpx:cad></gpxtpx:TrackPointExtension></extensions></trkpt>
<trkpt lat="-33.7799010" lon="-70.2088648">
<ele>2021</ele><time>2026-09-26T16:56:25.000Z</time><extensions><gpxtpx:TrackPointExtension><gpxtpx:hr>145</gpxtpx:hr><gpxtpx:cad>30</gpxtpx:cad></gpxtpx:TrackPointExtension></extensions></trkpt>
<trkpt lat="-33.7798587" lon="-70.2088869">
<ele>2022</ele><time>2026-09-26T16:56:31.000Z</time><extensions><gpxtpx:TrackPointExtension><gpxtpx:hr>147</gpxtpx:hr><gpxtpx:cad>30</gpxtpx:cad></gpxtpx:TrackPointExtension></extensions></trkpt>
<trkpt lat="-33.7798195" lon="-70.2089167">
<ele>2022</ele><time>2026-09-26T16:56:38.000Z</time><extensions><gpxtpx:TrackPointExtension><gpxtpx:hr>149</gpxtpx:hr><gpxtpx:cad>31</gpxtpx:cad></gpxtpx:TrackPointExtension></extensions></trkpt>
<trkpt lat="-33.7797814" lon="-70.2089508">
<ele>2023</ele><time>2026-09-26T16:56:49.000Z</time><extensions><gpxtpx:TrackPointExtension><gpxtpx:hr>151</gpxtpx:hr><gpxtpx:cad>32</gpxtpx:cad></gpxtpx:TrackPointExtension></extensions></trkpt>
<trkpt lat="-33.7797343" lon="-70.2089788">
<ele>2023</ele><time>2026-09-26T16:56:54.000Z</time><extensions><gpxtpx:TrackPointExtension><gpxtpx:hr>150</gpxtpx:hr><gpxtpx:cad>31</gpxtpx:cad></gpxtpx:TrackPointExtension></extensions></trkpt>
<trkpt lat="-33.7796905" lon="-70.2089919">
<ele>2024</ele><time>2026-09-26T16:56:59.000Z</time><extensions><gpxtpx:TrackPointExtension><gpxtpx:hr>150</gpxtpx:hr><gpxtpx:cad>31</gpxtpx:cad></gpxtpx:TrackPointExtension></extensions></trkpt>
<trkpt lat="-33.7796316" lon="-70.2089972">
<ele>2024</ele><time>2026-09-26T16:57:07.000Z</time><extensions><gpxtpx:TrackPointExtension><gpxtpx:hr>150</gpxtpx:hr><gpxtpx:cad>32</gpxtpx:cad></gpxtpx:TrackPointExtension></extensions></trkpt>
<trkpt lat="-33.7795848" lon="-70.2090033">
<ele>2025</ele><time>2026-09-26T16:57:15.000Z</time><extensions><gpxtpx:TrackPointExtension><gpxtpx:hr>149</gpxtpx:hr><gpxtpx:cad>31</gpxtpx:cad></gpxtpx:TrackPointExtension></extensions></trkpt>
<trkpt lat="-33.7795365" lon="-70.2090029">
<ele>2026</ele><time>2026-09-26T16:57:23.000Z</time><extensions><gpxtpx:TrackPointExtension><gpxtpx:hr>151</gpxtpx:hr><gpxtpx:cad>30</gpxtpx:cad></gpxtpx:TrackPointExtension></extensions></trkpt>
<trkpt lat="-33.7794890" lon="-70.2090215">
<ele>2026</ele><time>2026-09-26T16:57:29.000Z</time><extensions><gpxtpx:TrackPointExtension><gpxtpx:hr>154</gpxtpx:hr><gpxtpx:cad>31</gpxtpx:cad></gpxtpx:TrackPointExtension></extensions></trkpt>
<trkpt lat="-33.7794339" lon="-70.2090392">
<ele>2027</ele><time>2026-09-26T16:57:35.000Z</time><extensions><gpxtpx:TrackPointExtension><gpxtpx:hr>158</gpxtpx:hr><gpxtpx:cad>32</gpxtpx:cad></gpxtpx:TrackPointExtension></extensions></trkpt>
<trkpt lat="-33.7793796" lon="-70.2090201">
<ele>2028</ele><time>2026-09-26T16:57:42.000Z</time><extensions><gpxtpx:TrackPointExtension><gpxtpx:hr>159</gpxtpx:hr><gpxtpx:cad>35</gpxtpx:cad></gpxtpx:TrackPointExtension></extensions></trkpt>
<trkpt lat="-33.7793365" lon="-70.2090413">
<ele>2029</ele><time>2026-09-26T16:57:48.000Z</time><extensions><gpxtpx:TrackPointExtension><gpxtpx:hr>160</gpxtpx:hr><gpxtpx:cad>35</gpxtpx:cad></gpxtpx:TrackPointExtension></extensions></trkpt>
<trkpt lat="-33.7792818" lon="-70.2090299">
<ele>2030</ele><time>2026-09-26T16:57:57.000Z</time><extensions><gpxtpx:TrackPointExtension><gpxtpx:hr>160</gpxtpx:hr><gpxtpx:cad>33</gpxtpx:cad></gpxtpx:TrackPointExtension></extensions></trkpt>
<trkpt lat="-33.7792341" lon="-70.2090353">
<ele>2031</ele><time>2026-09-26T16:58:06.000Z</time><extensions><gpxtpx:TrackPointExtension><gpxtpx:hr>161</gpxtpx:hr><gpxtpx:cad>35</gpxtpx:cad></gpxtpx:TrackPointExtension></extensions></trkpt>
<trkpt lat="-33.7791842" lon="-70.2090281">
<ele>2032</ele><time>2026-09-26T16:58:16.000Z</time><extensions><gpxtpx:TrackPointExtension><gpxtpx:hr>161</gpxtpx:hr><gpxtpx:cad>30</gpxtpx:cad></gpxtpx:TrackPointExtension></extensions></trkpt>
<trkpt lat="-33.7791393" lon="-70.2090444">
<ele>2033</ele><time>2026-09-26T16:58:24.000Z</time><extensions><gpxtpx:TrackPointExtension><gpxtpx:hr>162</gpxtpx:hr><gpxtpx:cad>30</gpxtpx:cad></gpxtpx:TrackPointExtension></extensions></trkpt>
<trkpt lat="-33.7790899" lon="-70.2090257">
<ele>2034</ele><time>2026-09-26T16:58:30.000Z</time><extensions><gpxtpx:TrackPointExtension><gpxtpx:hr>163</gpxtpx:hr><gpxtpx:cad>31</gpxtpx:cad></gpxtpx:TrackPointExtension></extensions></trkpt>
<trkpt lat="-33.7790449" lon="-70.2090135">
<ele>2035</ele><time>2026-09-26T16:58:38.000Z</time><extensions><gpxtpx:TrackPointExtension><gpxtpx:hr>162</gpxtpx:hr><gpxtpx:cad>30</gpxtpx:cad></gpxtpx:TrackPointExtension></extensions></trkpt>
<trkpt lat="-33.7790016" lon="-70.2089964">
<ele>2037</ele><time>2026-09-26T16:58:45.000Z</time><extensions><gpxtpx:TrackPointExtension><gpxtpx:hr>161</gpxtpx:hr><gpxtpx:cad>31</gpxtpx:cad></gpxtpx:TrackPointExtension></extensions></trkpt>
<trkpt lat="-33.7789538" lon="-70.2089872">
<ele>2038</ele><time>2026-09-26T16:58:55.000Z</time><extensions><gpxtpx:TrackPointExtension><gpxtpx:hr>162</gpxtpx:hr><gpxtpx:cad>28</gpxtpx:cad></gpxtpx:TrackPointExtension></extensions></trkpt>
<trkpt lat="-33.7789112" lon="-70.2089664">
<ele>2039</ele><time>2026-09-26T16:59:04.000Z</time><extensions><gpxtpx:TrackPointExtension><gpxtpx:hr>162</gpxtpx:hr><gpxtpx:cad>27</gpxtpx:cad></gpxtpx:TrackPointExtension></extensions></trkpt>
<trkpt lat="-33.7788636" lon="-70.2089604">
<ele>2041</ele><time>2026-09-26T16:59:10.000Z</time><extensions><gpxtpx:TrackPointExtension><gpxtpx:hr>162</gpxtpx:hr><gpxtpx:cad>27</gpxtpx:cad></gpxtpx:TrackPointExtension></extensions></trkpt>
<trkpt lat="-33.7788140" lon="-70.2089353">
<ele>2042</ele><time>2026-09-26T16:59:37.000Z</time><extensions><gpxtpx:TrackPointExtension><gpxtpx:hr>159</gpxtpx:hr><gpxtpx:cad>23</gpxtpx:cad></gpxtpx:TrackPointExtension></extensions></trkpt>
<trkpt lat="-33.7787646" lon="-70.2089220">
<ele>2044</ele><time>2026-09-26T16:59:46.000Z</time><extensions><gpxtpx:TrackPointExtension><gpxtpx:hr>159</gpxtpx:hr><gpxtpx:cad>22</gpxtpx:cad></gpxtpx:TrackPointExtension></extensions></trkpt>
<trkpt lat="-33.7787218" lon="-70.2089009">
<ele>2045</ele><time>2026-09-26T16:59:53.000Z</time><extensions><gpxtpx:TrackPointExtension><gpxtpx:hr>154</gpxtpx:hr><gpxtpx:cad>21</gpxtpx:cad></gpxtpx:TrackPointExtension></extensions></trkpt>
<trkpt lat="-33.7786750" lon="-70.2088889">
<ele>2047</ele><time>2026-09-26T17:00:01.000Z</time><extensions><gpxtpx:TrackPointExtension><gpxtpx:hr>157</gpxtpx:hr><gpxtpx:cad>22</gpxtpx:cad></gpxtpx:TrackPointExtension></extensions></trkpt>
<trkpt lat="-33.7786214" lon="-70.2088864">
<ele>2048</ele><time>2026-09-26T17:00:09.000Z</time><extensions><gpxtpx:TrackPointExtension><gpxtpx:hr>157</gpxtpx:hr><gpxtpx:cad>20</gpxtpx:cad></gpxtpx:TrackPointExtension></extensions></trkpt>
<trkpt lat="-33.7785760" lon="-70.2088651">
<ele>2049</ele><time>2026-09-26T17:00:20.000Z</time><extensions><gpxtpx:TrackPointExtension><gpxtpx:hr>160</gpxtpx:hr><gpxtpx:cad>21</gpxtpx:cad></gpxtpx:TrackPointExtension></extensions></trkpt>
<trkpt lat="-33.7785278" lon="-70.2088672">
<ele>2051</ele><time>2026-09-26T17:00:40.000Z</time><extensions><gpxtpx:TrackPointExtension><gpxtpx:hr>163</gpxtpx:hr><gpxtpx:cad>22</gpxtpx:cad></gpxtpx:TrackPointExtension></extensions></trkpt>
<trkpt lat="-33.7785461" lon="-70.2088100">
<ele>2052</ele><time>2026-09-26T17:00:50.000Z</time><extensions><gpxtpx:TrackPointExtension><gpxtpx:hr>162</gpxtpx:hr><gpxtpx:cad>21</gpxtpx:cad></gpxtpx:TrackPointExtension></extensions></trkpt>
<trkpt lat="-33.7785868" lon="-70.2087745">
<ele>2053</ele><time>2026-09-26T17:01:22.000Z</time><extensions><gpxtpx:TrackPointExtension><gpxtpx:hr>145</gpxtpx:hr><gpxtpx:cad>23</gpxtpx:cad></gpxtpx:TrackPointExtension></extensions></trkpt>
<trkpt lat="-33.7786322" lon="-70.2087615">
<ele>2054</ele><time>2026-09-26T17:01:25.000Z</time><extensions><gpxtpx:TrackPointExtension><gpxtpx:hr>145</gpxtpx:hr><gpxtpx:cad>25</gpxtpx:cad></gpxtpx:TrackPointExtension></extensions></trkpt>
<trkpt lat="-33.7786712" lon="-70.2087292">
<ele>2054</ele><time>2026-09-26T17:01:30.000Z</time><extensions><gpxtpx:TrackPointExtension><gpxtpx:hr>146</gpxtpx:hr><gpxtpx:cad>25</gpxtpx:cad></gpxtpx:TrackPointExtension></extensions></trkpt>
<trkpt lat="-33.7786305" lon="-70.2087051">
<ele>2055</ele><time>2026-09-26T17:01:42.000Z</time><extensions><gpxtpx:TrackPointExtension><gpxtpx:hr>139</gpxtpx:hr><gpxtpx:cad>25</gpxtpx:cad></gpxtpx:TrackPointExtension></extensions></trkpt>
<trkpt lat="-33.7785838" lon="-70.2086870">
<ele>2055</ele><time>2026-09-26T17:01:48.000Z</time><extensions><gpxtpx:TrackPointExtension><gpxtpx:hr>141</gpxtpx:hr><gpxtpx:cad>25</gpxtpx:cad></gpxtpx:TrackPointExtension></extensions></trkpt>
<trkpt lat="-33.7785390" lon="-70.2086933">
<ele>2056</ele><time>2026-09-26T17:01:52.000Z</time><extensions><gpxtpx:TrackPointExtension><gpxtpx:hr>143</gpxtpx:hr><gpxtpx:cad>27</gpxtpx:cad></gpxtpx:TrackPointExtension></extensions></trkpt>
<trkpt lat="-33.7784876" lon="-70.2086868">
<ele>2057</ele><time>2026-09-26T17:01:58.000Z</time><extensions><gpxtpx:TrackPointExtension><gpxtpx:hr>145</gpxtpx:hr><gpxtpx:cad>27</gpxtpx:cad></gpxtpx:TrackPointExtension></extensions></trkpt>
<trkpt lat="-33.7784383" lon="-70.2086855">
<ele>2057</ele><time>2026-09-26T17:02:09.000Z</time><extensions><gpxtpx:TrackPointExtension><gpxtpx:hr>152</gpxtpx:hr><gpxtpx:cad>29</gpxtpx:cad></gpxtpx:TrackPointExtension></extensions></trkpt>
<trkpt lat="-33.7783902" lon="-70.2086921">
<ele>2058</ele><time>2026-09-26T17:02:14.000Z</time><extensions><gpxtpx:TrackPointExtension><gpxtpx:hr>149</gpxtpx:hr><gpxtpx:cad>30</gpxtpx:cad></gpxtpx:TrackPointExtension></extensions></trkpt>
<trkpt lat="-33.7783449" lon="-70.2086731">
<ele>2059</ele><time>2026-09-26T17:02:21.000Z</time><extensions><gpxtpx:TrackPointExtension><gpxtpx:hr>148</gpxtpx:hr><gpxtpx:cad>32</gpxtpx:cad></gpxtpx:TrackPointExtension></extensions></trkpt>
<trkpt lat="-33.7782920" lon="-70.2086862">
<ele>2060</ele><time>2026-09-26T17:02:26.000Z</time><extensions><gpxtpx:TrackPointExtension><gpxtpx:hr>151</gpxtpx:hr><gpxtpx:cad>30</gpxtpx:cad></gpxtpx:TrackPointExtension></extensions></trkpt>
<trkpt lat="-33.7782423" lon="-70.2086833">
<ele>2061</ele><time>2026-09-26T17:02:32.000Z</time><extensions><gpxtpx:TrackPointExtension><gpxtpx:hr>153</gpxtpx:hr><gpxtpx:cad>29</gpxtpx:cad></gpxtpx:TrackPointExtension></extensions></trkpt>
<trkpt lat="-33.7781936" lon="-70.2086982">
<ele>2062</ele><time>2026-09-26T17:02:40.000Z</time><extensions><gpxtpx:TrackPointExtension><gpxtpx:hr>152</gpxtpx:hr><gpxtpx:cad>30</gpxtpx:cad></gpxtpx:TrackPointExtension></extensions></trkpt>
<trkpt lat="-33.7781474" lon="-70.2087035">
<ele>2064</ele><time>2026-09-26T17:02:45.000Z</time><extensions><gpxtpx:TrackPointExtension><gpxtpx:hr>152</gpxtpx:hr><gpxtpx:cad>28</gpxtpx:cad></gpxtpx:TrackPointExtension></extensions></trkpt>
<trkpt lat="-33.7780983" lon="-70.2086885">
<ele>2066</ele><time>2026-09-26T17:02:51.000Z</time><extensions><gpxtpx:TrackPointExtension><gpxtpx:hr>155</gpxtpx:hr><gpxtpx:cad>30</gpxtpx:cad></gpxtpx:TrackPointExtension></extensions></trkpt>
<trkpt lat="-33.7780490" lon="-70.2086692">
<ele>2067</ele><time>2026-09-26T17:03:01.000Z</time><extensions><gpxtpx:TrackPointExtension><gpxtpx:hr>156</gpxtpx:hr><gpxtpx:cad>31</gpxtpx:cad></gpxtpx:TrackPointExtension></extensions></trkpt>
<trkpt lat="-33.7780319" lon="-70.2086180">
<ele>2069</ele><time>2026-09-26T17:03:31.000Z</time><extensions><gpxtpx:TrackPointExtension><gpxtpx:hr>160</gpxtpx:hr><gpxtpx:cad>31</gpxtpx:cad></gpxtpx:TrackPointExtension></extensions></trkpt>
<trkpt lat="-33.7780256" lon="-70.2085618">
<ele>2070</ele><time>2026-09-26T17:03:44.000Z</time><extensions><gpxtpx:TrackPointExtension><gpxtpx:hr>155</gpxtpx:hr><gpxtpx:cad>30</gpxtpx:cad></gpxtpx:TrackPointExtension></extensions></trkpt>
<trkpt lat="-33.7780202" lon="-70.2085061">
<ele>2072</ele><time>2026-09-26T17:03:55.000Z</time><extensions><gpxtpx:TrackPointExtension><gpxtpx:hr>152</gpxtpx:hr><gpxtpx:cad>31</gpxtpx:cad></gpxtpx:TrackPointExtension></extensions></trkpt>
<trkpt lat="-33.7780265" lon="-70.2084492">
<ele>2073</ele><time>2026-09-26T17:04:00.000Z</time><extensions><gpxtpx:TrackPointExtension><gpxtpx:hr>150</gpxtpx:hr><gpxtpx:cad>31</gpxtpx:cad></gpxtpx:TrackPointExtension></extensions></trkpt>
<trkpt lat="-33.7780386" lon="-70.2083958">
<ele>2074</ele><time>2026-09-26T17:04:06.000Z</time><extensions><gpxtpx:TrackPointExtension><gpxtpx:hr>144</gpxtpx:hr><gpxtpx:cad>31</gpxtpx:cad></gpxtpx:TrackPointExtension></extensions></trkpt>
<trkpt lat="-33.7780431" lon="-70.2083413">
<ele>2075</ele><time>2026-09-26T17:04:12.000Z</time><extensions><gpxtpx:TrackPointExtension><gpxtpx:hr>145</gpxtpx:hr><gpxtpx:cad>31</gpxtpx:cad></gpxtpx:TrackPointExtension></extensions></trkpt>
<trkpt lat="-33.7780351" lon="-70.2082718">
<ele>2076</ele><time>2026-09-26T17:04:21.000Z</time><extensions><gpxtpx:TrackPointExtension><gpxtpx:hr>146</gpxtpx:hr><gpxtpx:cad>33</gpxtpx:cad></gpxtpx:TrackPointExtension></extensions></trkpt>
<trkpt lat="-33.7780259" lon="-70.2082085">
<ele>2077</ele><time>2026-09-26T17:04:28.000Z</time><extensions><gpxtpx:TrackPointExtension><gpxtpx:hr>146</gpxtpx:hr><gpxtpx:cad>34</gpxtpx:cad></gpxtpx:TrackPointExtension></extensions></trkpt>
<trkpt lat="-33.7779974" lon="-70.2081661">
<ele>2078</ele><time>2026-09-26T17:04:39.000Z</time><extensions><gpxtpx:TrackPointExtension><gpxtpx:hr>160</gpxtpx:hr><gpxtpx:cad>40</gpxtpx:cad></gpxtpx:TrackPointExtension></extensions></trkpt>
<trkpt lat="-33.7779661" lon="-70.2081251">
<ele>2080</ele><time>2026-09-26T17:04:45.000Z</time><extensions><gpxtpx:TrackPointExtension><gpxtpx:hr>161</gpxtpx:hr><gpxtpx:cad>39</gpxtpx:cad></gpxtpx:TrackPointExtension></extensions></trkpt>
<trkpt lat="-33.7779627" lon="-70.2080675">
<ele>2081</ele><time>2026-09-26T17:04:53.000Z</time><extensions><gpxtpx:TrackPointExtension><gpxtpx:hr>162</gpxtpx:hr><gpxtpx:cad>43</gpxtpx:cad></gpxtpx:TrackPointExtension></extensions></trkpt>
<trkpt lat="-33.7779526" lon="-70.2080076">
<ele>2082</ele><time>2026-09-26T17:05:01.000Z</time><extensions><gpxtpx:TrackPointExtension><gpxtpx:hr>162</gpxtpx:hr><gpxtpx:cad>42</gpxtpx:cad></gpxtpx:TrackPointExtension></extensions></trkpt>
<trkpt lat="-33.7779338" lon="-70.2079552">
<ele>2082</ele><time>2026-09-26T17:05:07.000Z</time><extensions><gpxtpx:TrackPointExtension><gpxtpx:hr>163</gpxtpx:hr><gpxtpx:cad>43</gpxtpx:cad></gpxtpx:TrackPointExtension></extensions></trkpt>
<trkpt lat="-33.7779173" lon="-70.2078988">
<ele>2083</ele><time>2026-09-26T17:05:16.000Z</time><extensions><gpxtpx:TrackPointExtension><gpxtpx:hr>164</gpxtpx:hr><gpxtpx:cad>42</gpxtpx:cad></gpxtpx:TrackPointExtension></extensions></trkpt>
<trkpt lat="-33.7778761" lon="-70.2078750">
<ele>2083</ele><time>2026-09-26T17:05:22.000Z</time><extensions><gpxtpx:TrackPointExtension><gpxtpx:hr>164</gpxtpx:hr><gpxtpx:cad>41</gpxtpx:cad></gpxtpx:TrackPointExtension></extensions></trkpt>
<trkpt lat="-33.7778295" lon="-70.2078692">
<ele>2084</ele><time>2026-09-26T17:05:27.000Z</time><extensions><gpxtpx:TrackPointExtension><gpxtpx:hr>163</gpxtpx:hr><gpxtpx:cad>36</gpxtpx:cad></gpxtpx:TrackPointExtension></extensions></trkpt>
<trkpt lat="-33.7777957" lon="-70.2078291">
<ele>2085</ele><time>2026-09-26T17:05:35.000Z</time><extensions><gpxtpx:TrackPointExtension><gpxtpx:hr>163</gpxtpx:hr><gpxtpx:cad>34</gpxtpx:cad></gpxtpx:TrackPointExtension></extensions></trkpt>
<trkpt lat="-33.7777548" lon="-70.2078035">
<ele>2086</ele><time>2026-09-26T17:05:42.000Z</time><extensions><gpxtpx:TrackPointExtension><gpxtpx:hr>164</gpxtpx:hr><gpxtpx:cad>35</gpxtpx:cad></gpxtpx:TrackPointExtension></extensions></trkpt>
<trkpt lat="-33.7777069" lon="-70.2078374">
<ele>2087</ele><time>2026-09-26T17:05:49.000Z</time><extensions><gpxtpx:TrackPointExtension><gpxtpx:hr>164</gpxtpx:hr><gpxtpx:cad>33</gpxtpx:cad></gpxtpx:TrackPointExtension></extensions></trkpt>
<trkpt lat="-33.7776812" lon="-70.2077884">
<ele>2088</ele><time>2026-09-26T17:05:56.000Z</time><extensions><gpxtpx:TrackPointExtension><gpxtpx:hr>164</gpxtpx:hr><gpxtpx:cad>28</gpxtpx:cad></gpxtpx:TrackPointExtension></extensions></trkpt>
<trkpt lat="-33.7776389" lon="-70.2077645">
<ele>2089</ele><time>2026-09-26T17:06:03.000Z</time><extensions><gpxtpx:TrackPointExtension><gpxtpx:hr>163</gpxtpx:hr><gpxtpx:cad>27</gpxtpx:cad></gpxtpx:TrackPointExtension></extensions></trkpt>
<trkpt lat="-33.7775900" lon="-70.2077518">
<ele>2090</ele><time>2026-09-26T17:06:13.000Z</time><extensions><gpxtpx:TrackPointExtension><gpxtpx:hr>164</gpxtpx:hr><gpxtpx:cad>28</gpxtpx:cad></gpxtpx:TrackPointExtension></extensions></trkpt>
<trkpt lat="-33.7775480" lon="-70.2077237">
<ele>2091</ele><time>2026-09-26T17:06:21.000Z</time><extensions><gpxtpx:TrackPointExtension><gpxtpx:hr>165</gpxtpx:hr><gpxtpx:cad>26</gpxtpx:cad></gpxtpx:TrackPointExtension></extensions></trkpt>
<trkpt lat="-33.7775010" lon="-70.2077251">
<ele>2092</ele><time>2026-09-26T17:06:43.000Z</time><extensions><gpxtpx:TrackPointExtension><gpxtpx:hr>163</gpxtpx:hr><gpxtpx:cad>25</gpxtpx:cad></gpxtpx:TrackPointExtension></extensions></trkpt>
<trkpt lat="-33.7774615" lon="-70.2076870">
<ele>2092</ele><time>2026-09-26T17:06:53.000Z</time><extensions><gpxtpx:TrackPointExtension><gpxtpx:hr>162</gpxtpx:hr><gpxtpx:cad>24</gpxtpx:cad></gpxtpx:TrackPointExtension></extensions></trkpt>
<trkpt lat="-33.7774218" lon="-70.2076549">
<ele>2093</ele><time>2026-09-26T17:07:05.000Z</time><extensions><gpxtpx:TrackPointExtension><gpxtpx:hr>154</gpxtpx:hr><gpxtpx:cad>24</gpxtpx:cad></gpxtpx:TrackPointExtension></extensions></trkpt>
<trkpt lat="-33.7773732" lon="-70.2076435">
<ele>2093</ele><time>2026-09-26T17:07:18.000Z</time><extensions><gpxtpx:TrackPointExtension><gpxtpx:hr>153</gpxtpx:hr><gpxtpx:cad>23</gpxtpx:cad></gpxtpx:TrackPointExtension></extensions></trkpt>
<trkpt lat="-33.7773336" lon="-70.2076177">
<ele>2094</ele><time>2026-09-26T17:07:57.000Z</time><extensions><gpxtpx:TrackPointExtension><gpxtpx:hr>144</gpxtpx:hr><gpxtpx:cad>22</gpxtpx:cad></gpxtpx:TrackPointExtension></extensions></trkpt>
<trkpt lat="-33.7772935" lon="-70.2075823">
<ele>2094</ele><time>2026-09-26T17:08:07.000Z</time><extensions><gpxtpx:TrackPointExtension><gpxtpx:hr>140</gpxtpx:hr><gpxtpx:cad>21</gpxtpx:cad></gpxtpx:TrackPointExtension></extensions></trkpt>
<trkpt lat="-33.7772505" lon="-70.2075635">
<ele>2094</ele><time>2026-09-26T17:08:14.000Z</time><extensions><gpxtpx:TrackPointExtension><gpxtpx:hr>136</gpxtpx:hr><gpxtpx:cad>20</gpxtpx:cad></gpxtpx:TrackPointExtension></extensions></trkpt>
<trkpt lat="-33.7772930" lon="-70.2075283">
<ele>2094</ele><time>2026-09-26T17:08:24.611Z</time><extensions><gpxtpx:TrackPointExtension><gpxtpx:hr>140</gpxtpx:hr><gpxtpx:cad>21</gpxtpx:cad></gpxtpx:TrackPointExtension></extensions></trkpt>
<trkpt lat="-33.7772519" lon="-70.2075621">
<ele>2094</ele><time>2026-09-26T17:08:28.161Z</time><extensions><gpxtpx:TrackPointExtension><gpxtpx:hr>140</gpxtpx:hr><gpxtpx:cad>23</gpxtpx:cad></gpxtpx:TrackPointExtension></extensions></trkpt>
<trkpt lat="-33.7771443" lon="-70.2076641">
<ele>2094</ele><time>2026-09-26T17:08:32.642Z</time><extensions><gpxtpx:TrackPointExtension><gpxtpx:hr>139</gpxtpx:hr><gpxtpx:cad>20</gpxtpx:cad></gpxtpx:TrackPointExtension></extensions></trkpt>
<trkpt lat="-33.7771877" lon="-70.2076200">
<ele>2094</ele><time>2026-09-26T17:08:34.642Z</time><extensions><gpxtpx:TrackPointExtension><gpxtpx:hr>134</gpxtpx:hr><gpxtpx:cad>21</gpxtpx:cad></gpxtpx:TrackPointExtension></extensions></trkpt>
<trkpt lat="-33.7772269" lon="-70.2075834">
<ele>2094</ele><time>2026-09-26T17:08:37.000Z</time><extensions><gpxtpx:TrackPointExtension><gpxtpx:hr>134</gpxtpx:hr><gpxtpx:cad>25</gpxtpx:cad></gpxtpx:TrackPointExtension></extensions></trkpt>
<trkpt lat="-33.7771953" lon="-70.2075366">
<ele>2094</ele><time>2026-09-26T17:08:51.000Z</time><extensions><gpxtpx:TrackPointExtension><gpxtpx:hr>136</gpxtpx:hr><gpxtpx:cad>23</gpxtpx:cad></gpxtpx:TrackPointExtension></extensions></trkpt>
<trkpt lat="-33.7771595" lon="-70.2074913">
<ele>2094</ele><time>2026-09-26T17:08:58.000Z</time><extensions><gpxtpx:TrackPointExtension><gpxtpx:hr>135</gpxtpx:hr><gpxtpx:cad>26</gpxtpx:cad></gpxtpx:TrackPointExtension></extensions></trkpt>
<trkpt lat="-33.7771043" lon="-70.2074730">
<ele>2094</ele><time>2026-09-26T17:09:03.000Z</time><extensions><gpxtpx:TrackPointExtension><gpxtpx:hr>131</gpxtpx:hr><gpxtpx:cad>27</gpxtpx:cad></gpxtpx:TrackPointExtension></extensions></trkpt>
<trkpt lat="-33.7770834" lon="-70.2074196">
<ele>2095</ele><time>2026-09-26T17:09:26.000Z</time><extensions><gpxtpx:TrackPointExtension><gpxtpx:hr>138</gpxtpx:hr><gpxtpx:cad>28</gpxtpx:cad></gpxtpx:TrackPointExtension></extensions></trkpt>
<trkpt lat="-33.7770446" lon="-70.2073856">
<ele>2095</ele><time>2026-09-26T17:09:31.000Z</time><extensions><gpxtpx:TrackPointExtension><gpxtpx:hr>132</gpxtpx:hr><gpxtpx:cad>29</gpxtpx:cad></gpxtpx:TrackPointExtension></extensions></trkpt>
<trkpt lat="-33.7770185" lon="-70.2073371">
<ele>2096</ele><time>2026-09-26T17:09:38.000Z</time><extensions><gpxtpx:TrackPointExtension><gpxtpx:hr>131</gpxtpx:hr><gpxtpx:cad>30</gpxtpx:cad></gpxtpx:TrackPointExtension></extensions></trkpt>
<trkpt lat="-33.7770346" lon="-70.2072855">
<ele>2096</ele><time>2026-09-26T17:09:54.000Z</time><extensions><gpxtpx:TrackPointExtension><gpxtpx:hr>134</gpxtpx:hr><gpxtpx:cad>30</gpxtpx:cad></gpxtpx:TrackPointExtension></extensions></trkpt>
<trkpt lat="-33.7770271" lon="-70.2072308">
<ele>2097</ele><time>2026-09-26T17:09:59.000Z</time><extensions><gpxtpx:TrackPointExtension><gpxtpx:hr>134</gpxtpx:hr><gpxtpx:cad>31</gpxtpx:cad></gpxtpx:TrackPointExtension></extensions></trkpt>
<trkpt lat="-33.7770243" lon="-70.2071710">
<ele>2097</ele><time>2026-09-26T17:10:06.000Z</time><extensions><gpxtpx:TrackPointExtension><gpxtpx:hr>132</gpxtpx:hr><gpxtpx:cad>33</gpxtpx:cad></gpxtpx:TrackPointExtension></extensions></trkpt>
<trkpt lat="-33.7770021" lon="-70.2071132">
<ele>2097</ele><time>2026-09-26T17:10:16.000Z</time><extensions><gpxtpx:TrackPointExtension><gpxtpx:hr>132</gpxtpx:hr><gpxtpx:cad>32</gpxtpx:cad></gpxtpx:TrackPointExtension></extensions></trkpt>
<trkpt lat="-33.7770481" lon="-70.2071072">
<ele>2097</ele><time>2026-09-26T17:10:27.000Z</time><extensions><gpxtpx:TrackPointExtension><gpxtpx:hr>135</gpxtpx:hr><gpxtpx:cad>33</gpxtpx:cad></gpxtpx:TrackPointExtension></extensions></trkpt>
<trkpt lat="-33.7770227" lon="-70.2071561">
<ele>2097</ele><time>2026-09-26T17:10:44.000Z</time><extensions><gpxtpx:TrackPointExtension><gpxtpx:hr>130</gpxtpx:hr><gpxtpx:cad>29</gpxtpx:cad></gpxtpx:TrackPointExtension></extensions></trkpt>
<trkpt lat="-33.7769735" lon="-70.2071640">
<ele>2097</ele><time>2026-09-26T17:10:49.000Z</time><extensions><gpxtpx:TrackPointExtension><gpxtpx:hr>131</gpxtpx:hr><gpxtpx:cad>29</gpxtpx:cad></gpxtpx:TrackPointExtension></extensions></trkpt>
<trkpt lat="-33.7769622" lon="-70.2071098">
<ele>2097</ele><time>2026-09-26T17:10:53.000Z</time><extensions><gpxtpx:TrackPointExtension><gpxtpx:hr>130</gpxtpx:hr><gpxtpx:cad>25</gpxtpx:cad></gpxtpx:TrackPointExtension></extensions></trkpt>
<trkpt lat="-33.7769332" lon="-70.2070539">
<ele>2098</ele><time>2026-09-26T17:10:59.000Z</time><extensions><gpxtpx:TrackPointExtension><gpxtpx:hr>130</gpxtpx:hr><gpxtpx:cad>26</gpxtpx:cad></gpxtpx:TrackPointExtension></extensions></trkpt>
<trkpt lat="-33.7769027" lon="-70.2070059">
<ele>2098</ele><time>2026-09-26T17:11:04.000Z</time><extensions><gpxtpx:TrackPointExtension><gpxtpx:hr>128</gpxtpx:hr><gpxtpx:cad>25</gpxtpx:cad></gpxtpx:TrackPointExtension></extensions></trkpt>
<trkpt lat="-33.7768760" lon="-70.2069600">
<ele>2099</ele><time>2026-09-26T17:11:08.000Z</time><extensions><gpxtpx:TrackPointExtension><gpxtpx:hr>128</gpxtpx:hr><gpxtpx:cad>25</gpxtpx:cad></gpxtpx:TrackPointExtension></extensions></trkpt>
<trkpt lat="-33.7768343" lon="-70.2069183">
<ele>2099</ele><time>2026-09-26T17:11:13.000Z</time><extensions><gpxtpx:TrackPointExtension><gpxtpx:hr>131</gpxtpx:hr><gpxtpx:cad>25</gpxtpx:cad></gpxtpx:TrackPointExtension></extensions></trkpt>
<trkpt lat="-33.7767961" lon="-70.2068891">
<ele>2099</ele><time>2026-09-26T17:11:19.000Z</time><extensions><gpxtpx:TrackPointExtension><gpxtpx:hr>139</gpxtpx:hr><gpxtpx:cad>26</gpxtpx:cad></gpxtpx:TrackPointExtension></extensions></trkpt>
<trkpt lat="-33.7768394" lon="-70.2068630">
<ele>2099</ele><time>2026-09-26T17:12:06.999Z</time><extensions><gpxtpx:TrackPointExtension><gpxtpx:hr>136</gpxtpx:hr><gpxtpx:cad>26</gpxtpx:cad></gpxtpx:TrackPointExtension></extensions></trkpt>
<trkpt lat="-33.7768862" lon="-70.2068556">
<ele>2099</ele><time>2026-09-26T17:12:15.999Z</time><extensions><gpxtpx:TrackPointExtension><gpxtpx:hr>130</gpxtpx:hr><gpxtpx:cad>25</gpxtpx:cad></gpxtpx:TrackPointExtension></extensions></trkpt>
<trkpt lat="-33.7768462" lon="-70.2068829">
<ele>2099</ele><time>2026-09-26T17:12:46.999Z</time><extensions><gpxtpx:TrackPointExtension><gpxtpx:hr>123</gpxtpx:hr><gpxtpx:cad>25</gpxtpx:cad></gpxtpx:TrackPointExtension></extensions></trkpt>
<trkpt lat="-33.7767969" lon="-70.2068685">
<ele>2099</ele><time>2026-09-26T17:13:02.999Z</time><extensions><gpxtpx:TrackPointExtension><gpxtpx:hr>123</gpxtpx:hr><gpxtpx:cad>23</gpxtpx:cad></gpxtpx:TrackPointExtension></extensions></trkpt>
<trkpt lat="-33.7767443" lon="-70.2068507">
<ele>2099</ele><time>2026-09-26T17:13:07.999Z</time><extensions><gpxtpx:TrackPointExtension><gpxtpx:hr>124</gpxtpx:hr><gpxtpx:cad>24</gpxtpx:cad></gpxtpx:TrackPointExtension></extensions></trkpt>
<trkpt lat="-33.7767212" lon="-70.2068016">
<ele>2099</ele><time>2026-09-26T17:13:12.999Z</time><extensions><gpxtpx:TrackPointExtension><gpxtpx:hr>125</gpxtpx:hr><gpxtpx:cad>18</gpxtpx:cad></gpxtpx:TrackPointExtension></extensions></trkpt>
<trkpt lat="-33.7766725" lon="-70.2067767">
<ele>2099</ele><time>2026-09-26T17:13:17.999Z</time><extensions><gpxtpx:TrackPointExtension><gpxtpx:hr>128</gpxtpx:hr><gpxtpx:cad>18</gpxtpx:cad></gpxtpx:TrackPointExtension></extensions></trkpt>
<trkpt lat="-33.7766179" lon="-70.2067606">
<ele>2100</ele><time>2026-09-26T17:13:22.999Z</time><extensions><gpxtpx:TrackPointExtension><gpxtpx:hr>132</gpxtpx:hr><gpxtpx:cad>17</gpxtpx:cad></gpxtpx:TrackPointExtension></extensions></trkpt>
<trkpt lat="-33.7765635" lon="-70.2067594">
<ele>2100</ele><time>2026-09-26T17:13:26.999Z</time><extensions><gpxtpx:TrackPointExtension><gpxtpx:hr>137</gpxtpx:hr><gpxtpx:cad>19</gpxtpx:cad></gpxtpx:TrackPointExtension></extensions></trkpt>
<trkpt lat="-33.7765184" lon="-70.2067276">
<ele>2101</ele><time>2026-09-26T17:13:33.999Z</time><extensions><gpxtpx:TrackPointExtension><gpxtpx:hr>138</gpxtpx:hr><gpxtpx:cad>19</gpxtpx:cad></gpxtpx:TrackPointExtension></extensions></trkpt>
<trkpt lat="-33.7765599" lon="-70.2067624">
<ele>2101</ele><time>2026-09-26T17:13:55.999Z</time><extensions><gpxtpx:TrackPointExtension><gpxtpx:hr>141</gpxtpx:hr><gpxtpx:cad>22</gpxtpx:cad></gpxtpx:TrackPointExtension></extensions></trkpt>
<trkpt lat="-33.7765113" lon="-70.2067378">
<ele>2102</ele><time>2026-09-26T17:14:05.999Z</time><extensions><gpxtpx:TrackPointExtension><gpxtpx:hr>139</gpxtpx:hr><gpxtpx:cad>23</gpxtpx:cad></gpxtpx:TrackPointExtension></extensions></trkpt>
<trkpt lat="-33.7764695" lon="-70.2067123">
<ele>2102</ele><time>2026-09-26T17:16:42.999Z</time><extensions><gpxtpx:TrackPointExtension><gpxtpx:hr>127</gpxtpx:hr><gpxtpx:cad>22</gpxtpx:cad></gpxtpx:TrackPointExtension></extensions></trkpt>
<trkpt lat="-33.7764285" lon="-70.2066884">
<ele>2102</ele><time>2026-09-26T17:16:46.999Z</time><extensions><gpxtpx:TrackPointExtension><gpxtpx:hr>127</gpxtpx:hr><gpxtpx:cad>22</gpxtpx:cad></gpxtpx:TrackPointExtension></extensions></trkpt>
<trkpt lat="-33.7763842" lon="-70.2066599">
<ele>2103</ele><time>2026-09-26T17:16:52.999Z</time><extensions><gpxtpx:TrackPointExtension><gpxtpx:hr>130</gpxtpx:hr><gpxtpx:cad>22</gpxtpx:cad></gpxtpx:TrackPointExtension></extensions></trkpt>
<trkpt lat="-33.7763456" lon="-70.2066296">
<ele>2103</ele><time>2026-09-26T17:16:58.999Z</time><extensions><gpxtpx:TrackPointExtension><gpxtpx:hr>133</gpxtpx:hr><gpxtpx:cad>22</gpxtpx:cad></gpxtpx:TrackPointExtension></extensions></trkpt>
<trkpt lat="-33.7763027" lon="-70.2066021">
<ele>2104</ele><time>2026-09-26T17:17:04.999Z</time><extensions><gpxtpx:TrackPointExtension><gpxtpx:hr>136</gpxtpx:hr><gpxtpx:cad>21</gpxtpx:cad></gpxtpx:TrackPointExtension></extensions></trkpt>
<trkpt lat="-33.7762575" lon="-70.2065808">
<ele>2104</ele><time>2026-09-26T17:17:10.999Z</time><extensions><gpxtpx:TrackPointExtension><gpxtpx:hr>137</gpxtpx:hr><gpxtpx:cad>22</gpxtpx:cad></gpxtpx:TrackPointExtension></extensions></trkpt>
<trkpt lat="-33.7762152" lon="-70.2065590">
<ele>2105</ele><time>2026-09-26T17:17:16.999Z</time><extensions><gpxtpx:TrackPointExtension><gpxtpx:hr>139</gpxtpx:hr><gpxtpx:cad>24</gpxtpx:cad></gpxtpx:TrackPointExtension></extensions></trkpt>
<trkpt lat="-33.7761777" lon="-70.2065177">
<ele>2105</ele><time>2026-09-26T17:17:24.999Z</time><extensions><gpxtpx:TrackPointExtension><gpxtpx:hr>135</gpxtpx:hr><gpxtpx:cad>23</gpxtpx:cad></gpxtpx:TrackPointExtension></extensions></trkpt>
<trkpt lat="-33.7761321" lon="-70.2064942">
<ele>2106</ele><time>2026-09-26T17:17:30.999Z</time><extensions><gpxtpx:TrackPointExtension><gpxtpx:hr>137</gpxtpx:hr><gpxtpx:cad>36</gpxtpx:cad></gpxtpx:TrackPointExtension></extensions></trkpt>
<trkpt lat="-33.7760910" lon="-70.2064604">
<ele>2106</ele><time>2026-09-26T17:17:36.999Z</time><extensions><gpxtpx:TrackPointExtension><gpxtpx:hr>139</gpxtpx:hr><gpxtpx:cad>34</gpxtpx:cad></gpxtpx:TrackPointExtension></extensions></trkpt>
<trkpt lat="-33.7760524" lon="-70.2064325">
<ele>2107</ele><time>2026-09-26T17:17:43.999Z</time><extensions><gpxtpx:TrackPointExtension><gpxtpx:hr>140</gpxtpx:hr><gpxtpx:cad>31</gpxtpx:cad></gpxtpx:TrackPointExtension></extensions></trkpt>
<trkpt lat="-33.7760094" lon="-70.2064132">
<ele>2108</ele><time>2026-09-26T17:17:49.999Z</time><extensions><gpxtpx:TrackPointExtension><gpxtpx:hr>141</gpxtpx:hr><gpxtpx:cad>31</gpxtpx:cad></gpxtpx:TrackPointExtension></extensions></trkpt>
<trkpt lat="-33.7759595" lon="-70.2064026">
<ele>2109</ele><time>2026-09-26T17:17:54.999Z</time><extensions><gpxtpx:TrackPointExtension><gpxtpx:hr>142</gpxtpx:hr><gpxtpx:cad>29</gpxtpx:cad></gpxtpx:TrackPointExtension></extensions></trkpt>
<trkpt lat="-33.7759112" lon="-70.2063883">
<ele>2110</ele><time>2026-09-26T17:18:02.999Z</time><extensions><gpxtpx:TrackPointExtension><gpxtpx:hr>146</gpxtpx:hr><gpxtpx:cad>29</gpxtpx:cad></gpxtpx:TrackPointExtension></extensions></trkpt>
<trkpt lat="-33.7758591" lon="-70.2063762">
<ele>2111</ele><time>2026-09-26T17:18:10.999Z</time><extensions><gpxtpx:TrackPointExtension><gpxtpx:hr>146</gpxtpx:hr><gpxtpx:cad>28</gpxtpx:cad></gpxtpx:TrackPointExtension></extensions></trkpt>
<trkpt lat="-33.7758133" lon="-70.2063603">
<ele>2112</ele><time>2026-09-26T17:18:19.999Z</time><extensions><gpxtpx:TrackPointExtension><gpxtpx:hr>147</gpxtpx:hr><gpxtpx:cad>29</gpxtpx:cad></gpxtpx:TrackPointExtension></extensions></trkpt>
<trkpt lat="-33.7757953" lon="-70.2063083">
<ele>2113</ele><time>2026-09-26T17:18:50.999Z</time><extensions><gpxtpx:TrackPointExtension><gpxtpx:hr>149</gpxtpx:hr><gpxtpx:cad>30</gpxtpx:cad></gpxtpx:TrackPointExtension></extensions></trkpt>
<trkpt lat="-33.7757497" lon="-70.2063354">
<ele>2115</ele><time>2026-09-26T17:18:57.999Z</time><extensions><gpxtpx:TrackPointExtension><gpxtpx:hr>149</gpxtpx:hr><gpxtpx:cad>30</gpxtpx:cad></gpxtpx:TrackPointExtension></extensions></trkpt>
<trkpt lat="-33.7757199" lon="-70.2063765">
<ele>2116</ele><time>2026-09-26T17:19:22.999Z</time><extensions><gpxtpx:TrackPointExtension><gpxtpx:hr>150</gpxtpx:hr><gpxtpx:cad>28</gpxtpx:cad></gpxtpx:TrackPointExtension></extensions></trkpt>
<trkpt lat="-33.7756777" lon="-70.2064012">
<ele>2118</ele><time>2026-09-26T17:19:27.999Z</time><extensions><gpxtpx:TrackPointExtension><gpxtpx:hr>148</gpxtpx:hr><gpxtpx:cad>29</gpxtpx:cad></gpxtpx:TrackPointExtension></extensions></trkpt>
<trkpt lat="-33.7756231" lon="-70.2064334">
<ele>2120</ele><time>2026-09-26T17:19:34.999Z</time><extensions><gpxtpx:TrackPointExtension><gpxtpx:hr>143</gpxtpx:hr><gpxtpx:cad>30</gpxtpx:cad></gpxtpx:TrackPointExtension></extensions></trkpt>
<trkpt lat="-33.7755859" lon="-70.2063917">
<ele>2122</ele><time>2026-09-26T17:19:39.999Z</time><extensions><gpxtpx:TrackPointExtension><gpxtpx:hr>143</gpxtpx:hr><gpxtpx:cad>30</gpxtpx:cad></gpxtpx:TrackPointExtension></extensions></trkpt>
<trkpt lat="-33.7755399" lon="-70.2063796">
<ele>2124</ele><time>2026-09-26T17:19:47.999Z</time><extensions><gpxtpx:TrackPointExtension><gpxtpx:hr>145</gpxtpx:hr><gpxtpx:cad>29</gpxtpx:cad></gpxtpx:TrackPointExtension></extensions></trkpt>
<trkpt lat="-33.7754957" lon="-70.2063500">
<ele>2127</ele><time>2026-09-26T17:20:01.999Z</time><extensions><gpxtpx:TrackPointExtension><gpxtpx:hr>161</gpxtpx:hr><gpxtpx:cad>29</gpxtpx:cad></gpxtpx:TrackPointExtension></extensions></trkpt>
<trkpt lat="-33.7754503" lon="-70.2063667">
<ele>2128</ele><time>2026-09-26T17:20:11.999Z</time><extensions><gpxtpx:TrackPointExtension><gpxtpx:hr>168</gpxtpx:hr><gpxtpx:cad>33</gpxtpx:cad></gpxtpx:TrackPointExtension></extensions></trkpt>
<trkpt lat="-33.7754011" lon="-70.2063683">
<ele>2129</ele><time>2026-09-26T17:20:19.999Z</time><extensions><gpxtpx:TrackPointExtension><gpxtpx:hr>169</gpxtpx:hr><gpxtpx:cad>34</gpxtpx:cad></gpxtpx:TrackPointExtension></extensions></trkpt>
<trkpt lat="-33.7754339" lon="-70.2064121">
<ele>2129</ele><time>2026-09-26T17:21:14.999Z</time><extensions><gpxtpx:TrackPointExtension><gpxtpx:hr>147</gpxtpx:hr><gpxtpx:cad>38</gpxtpx:cad></gpxtpx:TrackPointExtension></extensions></trkpt>
<trkpt lat="-33.7754854" lon="-70.2064198">
<ele>2128</ele><time>2026-09-26T17:21:18.999Z</time><extensions><gpxtpx:TrackPointExtension><gpxtpx:hr>147</gpxtpx:hr><gpxtpx:cad>39</gpxtpx:cad></gpxtpx:TrackPointExtension></extensions></trkpt>
<trkpt lat="-33.7755355" lon="-70.2064046">
<ele>2127</ele><time>2026-09-26T17:21:23.999Z</time><extensions><gpxtpx:TrackPointExtension><gpxtpx:hr>146</gpxtpx:hr><gpxtpx:cad>42</gpxtpx:cad></gpxtpx:TrackPointExtension></extensions></trkpt>
<trkpt lat="-33.7755886" lon="-70.2063782">
<ele>2125</ele><time>2026-09-26T17:21:29.999Z</time><extensions><gpxtpx:TrackPointExtension><gpxtpx:hr>137</gpxtpx:hr><gpxtpx:cad>42</gpxtpx:cad></gpxtpx:TrackPointExtension></extensions></trkpt>
<trkpt lat="-33.7756103" lon="-70.2064317">
<ele>2124</ele><time>2026-09-26T17:21:33.999Z</time><extensions><gpxtpx:TrackPointExtension><gpxtpx:hr>137</gpxtpx:hr><gpxtpx:cad>42</gpxtpx:cad></gpxtpx:TrackPointExtension></extensions></trkpt>
<trkpt lat="-33.7756275" lon="-70.2064828">
<ele>2122</ele><time>2026-09-26T17:21:37.999Z</time><extensions><gpxtpx:TrackPointExtension><gpxtpx:hr>137</gpxtpx:hr><gpxtpx:cad>42</gpxtpx:cad></gpxtpx:TrackPointExtension></extensions></trkpt>
<trkpt lat="-33.7756530" lon="-70.2064346">
<ele>2120</ele><time>2026-09-26T17:21:46.999Z</time><extensions><gpxtpx:TrackPointExtension><gpxtpx:hr>135</gpxtpx:hr><gpxtpx:cad>42</gpxtpx:cad></gpxtpx:TrackPointExtension></extensions></trkpt>
<trkpt lat="-33.7756830" lon="-70.2063934">
<ele>2118</ele><time>2026-09-26T17:21:51.999Z</time><extensions><gpxtpx:TrackPointExtension><gpxtpx:hr>137</gpxtpx:hr><gpxtpx:cad>43</gpxtpx:cad></gpxtpx:TrackPointExtension></extensions></trkpt>
<trkpt lat="-33.7757234" lon="-70.2063662">
<ele>2117</ele><time>2026-09-26T17:21:56.999Z</time><extensions><gpxtpx:TrackPointExtension><gpxtpx:hr>140</gpxtpx:hr><gpxtpx:cad>59</gpxtpx:cad></gpxtpx:TrackPointExtension></extensions></trkpt>
<trkpt lat="-33.7757672" lon="-70.2063423">
<ele>2115</ele><time>2026-09-26T17:21:59.999Z</time><extensions><gpxtpx:TrackPointExtension><gpxtpx:hr>139</gpxtpx:hr><gpxtpx:cad>56</gpxtpx:cad></gpxtpx:TrackPointExtension></extensions></trkpt>
<trkpt lat="-33.7757795" lon="-70.2064007">
<ele>2114</ele><time>2026-09-26T17:22:04.999Z</time><extensions><gpxtpx:TrackPointExtension><gpxtpx:hr>138</gpxtpx:hr><gpxtpx:cad>56</gpxtpx:cad></gpxtpx:TrackPointExtension></extensions></trkpt>
<trkpt lat="-33.7758110" lon="-70.2064414">
<ele>2113</ele><time>2026-09-26T17:22:07.999Z</time><extensions><gpxtpx:TrackPointExtension><gpxtpx:hr>138</gpxtpx:hr><gpxtpx:cad>55</gpxtpx:cad></gpxtpx:TrackPointExtension></extensions></trkpt>
<trkpt lat="-33.7758174" lon="-70.2065019">
<ele>2112</ele><time>2026-09-26T17:22:11.999Z</time><extensions><gpxtpx:TrackPointExtension><gpxtpx:hr>140</gpxtpx:hr><gpxtpx:cad>54</gpxtpx:cad></gpxtpx:TrackPointExtension></extensions></trkpt>
<trkpt lat="-33.7758593" lon="-70.2065267">
<ele>2111</ele><time>2026-09-26T17:22:14.999Z</time><extensions><gpxtpx:TrackPointExtension><gpxtpx:hr>139</gpxtpx:hr><gpxtpx:cad>57</gpxtpx:cad></gpxtpx:TrackPointExtension></extensions></trkpt>
<trkpt lat="-33.7759093" lon="-70.2065315">
<ele>2110</ele><time>2026-09-26T17:22:18.999Z</time><extensions><gpxtpx:TrackPointExtension><gpxtpx:hr>139</gpxtpx:hr><gpxtpx:cad>54</gpxtpx:cad></gpxtpx:TrackPointExtension></extensions></trkpt>
<trkpt lat="-33.7759568" lon="-70.2065608">
<ele>2109</ele><time>2026-09-26T17:22:23.999Z</time><extensions><gpxtpx:TrackPointExtension><gpxtpx:hr>139</gpxtpx:hr><gpxtpx:cad>58</gpxtpx:cad></gpxtpx:TrackPointExtension></extensions></trkpt>
<trkpt lat="-33.7760096" lon="-70.2065751">
<ele>2108</ele><time>2026-09-26T17:22:27.999Z</time><extensions><gpxtpx:TrackPointExtension><gpxtpx:hr>137</gpxtpx:hr><gpxtpx:cad>56</gpxtpx:cad></gpxtpx:TrackPointExtension></extensions></trkpt>
<trkpt lat="-33.7760632" lon="-70.2065879">
<ele>2107</ele><time>2026-09-26T17:22:31.999Z</time><extensions><gpxtpx:TrackPointExtension><gpxtpx:hr>134</gpxtpx:hr><gpxtpx:cad>56</gpxtpx:cad></gpxtpx:TrackPointExtension></extensions></trkpt>
<trkpt lat="-33.7761113" lon="-70.2066297">
<ele>2107</ele><time>2026-09-26T17:22:35.999Z</time><extensions><gpxtpx:TrackPointExtension><gpxtpx:hr>134</gpxtpx:hr><gpxtpx:cad>55</gpxtpx:cad></gpxtpx:TrackPointExtension></extensions></trkpt>
<trkpt lat="-33.7761542" lon="-70.2066497">
<ele>2106</ele><time>2026-09-26T17:22:39.999Z</time><extensions><gpxtpx:TrackPointExtension><gpxtpx:hr>131</gpxtpx:hr><gpxtpx:cad>54</gpxtpx:cad></gpxtpx:TrackPointExtension></extensions></trkpt>
<trkpt lat="-33.7761900" lon="-70.2066846">
<ele>2106</ele><time>2026-09-26T17:22:43.999Z</time><extensions><gpxtpx:TrackPointExtension><gpxtpx:hr>131</gpxtpx:hr><gpxtpx:cad>53</gpxtpx:cad></gpxtpx:TrackPointExtension></extensions></trkpt>
<trkpt lat="-33.7762204" lon="-70.2067303">
<ele>2105</ele><time>2026-09-26T17:22:47.999Z</time><extensions><gpxtpx:TrackPointExtension><gpxtpx:hr>133</gpxtpx:hr><gpxtpx:cad>55</gpxtpx:cad></gpxtpx:TrackPointExtension></extensions></trkpt>
<trkpt lat="-33.7762669" lon="-70.2067634">
<ele>2105</ele><time>2026-09-26T17:22:52.999Z</time><extensions><gpxtpx:TrackPointExtension><gpxtpx:hr>129</gpxtpx:hr><gpxtpx:cad>55</gpxtpx:cad></gpxtpx:TrackPointExtension></extensions></trkpt>
<trkpt lat="-33.7763152" lon="-70.2067759">
<ele>2104</ele><time>2026-09-26T17:22:56.999Z</time><extensions><gpxtpx:TrackPointExtension><gpxtpx:hr>129</gpxtpx:hr><gpxtpx:cad>52</gpxtpx:cad></gpxtpx:TrackPointExtension></extensions></trkpt>
<trkpt lat="-33.7763656" lon="-70.2068036">
<ele>2104</ele><time>2026-09-26T17:23:00.999Z</time><extensions><gpxtpx:TrackPointExtension><gpxtpx:hr>129</gpxtpx:hr><gpxtpx:cad>55</gpxtpx:cad></gpxtpx:TrackPointExtension></extensions></trkpt>
<trkpt lat="-33.7764080" lon="-70.2068297">
<ele>2103</ele><time>2026-09-26T17:23:03.999Z</time><extensions><gpxtpx:TrackPointExtension><gpxtpx:hr>131</gpxtpx:hr><gpxtpx:cad>56</gpxtpx:cad></gpxtpx:TrackPointExtension></extensions></trkpt>
<trkpt lat="-33.7764509" lon="-70.2068623">
<ele>2103</ele><time>2026-09-26T17:23:08.999Z</time><extensions><gpxtpx:TrackPointExtension><gpxtpx:hr>130</gpxtpx:hr><gpxtpx:cad>53</gpxtpx:cad></gpxtpx:TrackPointExtension></extensions></trkpt>
<trkpt lat="-33.7764914" lon="-70.2068938">
<ele>2102</ele><time>2026-09-26T17:23:12.999Z</time><extensions><gpxtpx:TrackPointExtension><gpxtpx:hr>130</gpxtpx:hr><gpxtpx:cad>56</gpxtpx:cad></gpxtpx:TrackPointExtension></extensions></trkpt>
<trkpt lat="-33.7765329" lon="-70.2069398">
<ele>2102</ele><time>2026-09-26T17:23:17.999Z</time><extensions><gpxtpx:TrackPointExtension><gpxtpx:hr>128</gpxtpx:hr><gpxtpx:cad>53</gpxtpx:cad></gpxtpx:TrackPointExtension></extensions></trkpt>
<trkpt lat="-33.7765790" lon="-70.2069821">
<ele>2101</ele><time>2026-09-26T17:23:21.999Z</time><extensions><gpxtpx:TrackPointExtension><gpxtpx:hr>128</gpxtpx:hr><gpxtpx:cad>47</gpxtpx:cad></gpxtpx:TrackPointExtension></extensions></trkpt>
<trkpt lat="-33.7766162" lon="-70.2070196">
<ele>2101</ele><time>2026-09-26T17:23:25.999Z</time><extensions><gpxtpx:TrackPointExtension><gpxtpx:hr>128</gpxtpx:hr><gpxtpx:cad>43</gpxtpx:cad></gpxtpx:TrackPointExtension></extensions></trkpt>
<trkpt lat="-33.7766640" lon="-70.2070436">
<ele>2100</ele><time>2026-09-26T17:23:29.999Z</time><extensions><gpxtpx:TrackPointExtension><gpxtpx:hr>128</gpxtpx:hr><gpxtpx:cad>40</gpxtpx:cad></gpxtpx:TrackPointExtension></extensions></trkpt>
<trkpt lat="-33.7767030" lon="-70.2070918">
<ele>2100</ele><time>2026-09-26T17:23:33.999Z</time><extensions><gpxtpx:TrackPointExtension><gpxtpx:hr>128</gpxtpx:hr><gpxtpx:cad>39</gpxtpx:cad></gpxtpx:TrackPointExtension></extensions></trkpt>
<trkpt lat="-33.7767456" lon="-70.2071172">
<ele>2099</ele><time>2026-09-26T17:23:37.999Z</time><extensions><gpxtpx:TrackPointExtension><gpxtpx:hr>128</gpxtpx:hr><gpxtpx:cad>39</gpxtpx:cad></gpxtpx:TrackPointExtension></extensions></trkpt>
<trkpt lat="-33.7767871" lon="-70.2071427">
<ele>2099</ele><time>2026-09-26T17:23:41.999Z</time><extensions><gpxtpx:TrackPointExtension><gpxtpx:hr>128</gpxtpx:hr><gpxtpx:cad>40</gpxtpx:cad></gpxtpx:TrackPointExtension></extensions></trkpt>
<trkpt lat="-33.7768327" lon="-70.2071648">
<ele>2099</ele><time>2026-09-26T17:23:45.999Z</time><extensions><gpxtpx:TrackPointExtension><gpxtpx:hr>127</gpxtpx:hr><gpxtpx:cad>40</gpxtpx:cad></gpxtpx:TrackPointExtension></extensions></trkpt>
<trkpt lat="-33.7768802" lon="-70.2071663">
<ele>2099</ele><time>2026-09-26T17:23:51.999Z</time><extensions><gpxtpx:TrackPointExtension><gpxtpx:hr>127</gpxtpx:hr><gpxtpx:cad>39</gpxtpx:cad></gpxtpx:TrackPointExtension></extensions></trkpt>
<trkpt lat="-33.7769305" lon="-70.2071717">
<ele>2098</ele><time>2026-09-26T17:24:08.999Z</time><extensions><gpxtpx:TrackPointExtension><gpxtpx:hr>126</gpxtpx:hr><gpxtpx:cad>39</gpxtpx:cad></gpxtpx:TrackPointExtension></extensions></trkpt>
<trkpt lat="-33.7768888" lon="-70.2071942">
<ele>2098</ele><time>2026-09-26T17:24:22.999Z</time><extensions><gpxtpx:TrackPointExtension><gpxtpx:hr>122</gpxtpx:hr><gpxtpx:cad>40</gpxtpx:cad></gpxtpx:TrackPointExtension></extensions></trkpt>
<trkpt lat="-33.7769228" lon="-70.2071419">
<ele>2097</ele><time>2026-09-26T17:24:35.999Z</time><extensions><gpxtpx:TrackPointExtension><gpxtpx:hr>120</gpxtpx:hr><gpxtpx:cad>39</gpxtpx:cad></gpxtpx:TrackPointExtension></extensions></trkpt>
<trkpt lat="-33.7769835" lon="-70.2071282">
<ele>2097</ele><time>2026-09-26T17:24:39.999Z</time><extensions><gpxtpx:TrackPointExtension><gpxtpx:hr>121</gpxtpx:hr><gpxtpx:cad>37</gpxtpx:cad></gpxtpx:TrackPointExtension></extensions></trkpt>
<trkpt lat="-33.7770420" lon="-70.2071070">
<ele>2097</ele><time>2026-09-26T17:24:44.999Z</time><extensions><gpxtpx:TrackPointExtension><gpxtpx:hr>124</gpxtpx:hr><gpxtpx:cad>37</gpxtpx:cad></gpxtpx:TrackPointExtension></extensions></trkpt>
<trkpt lat="-33.7770879" lon="-70.2070997">
<ele>2097</ele><time>2026-09-26T17:24:48.999Z</time><extensions><gpxtpx:TrackPointExtension><gpxtpx:hr>121</gpxtpx:hr><gpxtpx:cad>33</gpxtpx:cad></gpxtpx:TrackPointExtension></extensions></trkpt>
<trkpt lat="-33.7771396" lon="-70.2070752">
<ele>2096</ele><time>2026-09-26T17:24:53.999Z</time><extensions><gpxtpx:TrackPointExtension><gpxtpx:hr>122</gpxtpx:hr><gpxtpx:cad>32</gpxtpx:cad></gpxtpx:TrackPointExtension></extensions></trkpt>
<trkpt lat="-33.7771815" lon="-70.2070404">
<ele>2096</ele><time>2026-09-26T17:24:58.999Z</time><extensions><gpxtpx:TrackPointExtension><gpxtpx:hr>120</gpxtpx:hr><gpxtpx:cad>35</gpxtpx:cad></gpxtpx:TrackPointExtension></extensions></trkpt>
<trkpt lat="-33.7772281" lon="-70.2070612">
<ele>2095</ele><time>2026-09-26T17:25:03.999Z</time><extensions><gpxtpx:TrackPointExtension><gpxtpx:hr>121</gpxtpx:hr><gpxtpx:cad>36</gpxtpx:cad></gpxtpx:TrackPointExtension></extensions></trkpt>
<trkpt lat="-33.7772688" lon="-70.2070379">
<ele>2095</ele><time>2026-09-26T17:25:11.999Z</time><extensions><gpxtpx:TrackPointExtension><gpxtpx:hr>123</gpxtpx:hr><gpxtpx:cad>38</gpxtpx:cad></gpxtpx:TrackPointExtension></extensions></trkpt>
<trkpt lat="-33.7772725" lon="-70.2069751">
<ele>2095</ele><time>2026-09-26T17:25:26.999Z</time><extensions><gpxtpx:TrackPointExtension><gpxtpx:hr>121</gpxtpx:hr><gpxtpx:cad>40</gpxtpx:cad></gpxtpx:TrackPointExtension></extensions></trkpt>
<trkpt lat="-33.7772787" lon="-70.2069150">
<ele>2095</ele><time>2026-09-26T17:25:30.999Z</time><extensions><gpxtpx:TrackPointExtension><gpxtpx:hr>121</gpxtpx:hr><gpxtpx:cad>36</gpxtpx:cad></gpxtpx:TrackPointExtension></extensions></trkpt>
<trkpt lat="-33.7772829" lon="-70.2068567">
<ele>2095</ele><time>2026-09-26T17:25:35.999Z</time><extensions><gpxtpx:TrackPointExtension><gpxtpx:hr>121</gpxtpx:hr><gpxtpx:cad>38</gpxtpx:cad></gpxtpx:TrackPointExtension></extensions></trkpt>
<trkpt lat="-33.7772796" lon="-70.2067936">
<ele>2094</ele><time>2026-09-26T17:26:03.999Z</time><extensions><gpxtpx:TrackPointExtension><gpxtpx:hr>120</gpxtpx:hr><gpxtpx:cad>30</gpxtpx:cad></gpxtpx:TrackPointExtension></extensions></trkpt>
<trkpt lat="-33.7772906" lon="-70.2067381">
<ele>2094</ele><time>2026-09-26T17:26:08.999Z</time><extensions><gpxtpx:TrackPointExtension><gpxtpx:hr>120</gpxtpx:hr><gpxtpx:cad>29</gpxtpx:cad></gpxtpx:TrackPointExtension></extensions></trkpt>
<trkpt lat="-33.7773044" lon="-70.2066776">
<ele>2094</ele><time>2026-09-26T17:26:12.999Z</time><extensions><gpxtpx:TrackPointExtension><gpxtpx:hr>120</gpxtpx:hr><gpxtpx:cad>29</gpxtpx:cad></gpxtpx:TrackPointExtension></extensions></trkpt>
<trkpt lat="-33.7773214" lon="-70.2066217">
<ele>2093</ele><time>2026-09-26T17:26:17.999Z</time><extensions><gpxtpx:TrackPointExtension><gpxtpx:hr>120</gpxtpx:hr><gpxtpx:cad>29</gpxtpx:cad></gpxtpx:TrackPointExtension></extensions></trkpt>
<trkpt lat="-33.7773201" lon="-70.2065672">
<ele>2093</ele><time>2026-09-26T17:26:21.999Z</time><extensions><gpxtpx:TrackPointExtension><gpxtpx:hr>115</gpxtpx:hr><gpxtpx:cad>29</gpxtpx:cad></gpxtpx:TrackPointExtension></extensions></trkpt>
<trkpt lat="-33.7773183" lon="-70.2065116">
<ele>2093</ele><time>2026-09-26T17:26:28.999Z</time><extensions><gpxtpx:TrackPointExtension><gpxtpx:hr>117</gpxtpx:hr><gpxtpx:cad>29</gpxtpx:cad></gpxtpx:TrackPointExtension></extensions></trkpt>
<trkpt lat="-33.7773165" lon="-70.2064502">
<ele>2093</ele><time>2026-09-26T17:26:41.999Z</time><extensions><gpxtpx:TrackPointExtension><gpxtpx:hr>118</gpxtpx:hr><gpxtpx:cad>29</gpxtpx:cad></gpxtpx:TrackPointExtension></extensions></trkpt>
<trkpt lat="-33.7773619" lon="-70.2064565">
<ele>2093</ele><time>2026-09-26T17:26:54.999Z</time><extensions><gpxtpx:TrackPointExtension><gpxtpx:hr>115</gpxtpx:hr><gpxtpx:cad>28</gpxtpx:cad></gpxtpx:TrackPointExtension></extensions></trkpt>
<trkpt lat="-33.7773095" lon="-70.2064627">
<ele>2093</ele><time>2026-09-26T17:28:16.999Z</time><extensions><gpxtpx:TrackPointExtension><gpxtpx:hr>115</gpxtpx:hr><gpxtpx:cad>30</gpxtpx:cad></gpxtpx:TrackPointExtension></extensions></trkpt>
<trkpt lat="-33.7772660" lon="-70.2064884">
<ele>2093</ele><time>2026-09-26T17:28:19.999Z</time><extensions><gpxtpx:TrackPointExtension><gpxtpx:hr>115</gpxtpx:hr><gpxtpx:cad>29</gpxtpx:cad></gpxtpx:TrackPointExtension></extensions></trkpt>
<trkpt lat="-33.7772241" lon="-70.2065104">
<ele>2093</ele><time>2026-09-26T17:28:24.999Z</time><extensions><gpxtpx:TrackPointExtension><gpxtpx:hr>117</gpxtpx:hr><gpxtpx:cad>29</gpxtpx:cad></gpxtpx:TrackPointExtension></extensions></trkpt>
<trkpt lat="-33.7771688" lon="-70.2065386">
<ele>2094</ele><time>2026-09-26T17:28:37.999Z</time><extensions><gpxtpx:TrackPointExtension><gpxtpx:hr>119</gpxtpx:hr><gpxtpx:cad>29</gpxtpx:cad></gpxtpx:TrackPointExtension></extensions></trkpt>
<trkpt lat="-33.7771239" lon="-70.2065656">
<ele>2094</ele><time>2026-09-26T17:28:40.999Z</time><extensions><gpxtpx:TrackPointExtension><gpxtpx:hr>122</gpxtpx:hr><gpxtpx:cad>28</gpxtpx:cad></gpxtpx:TrackPointExtension></extensions></trkpt>
<trkpt lat="-33.7770653" lon="-70.2065729">
<ele>2094</ele><time>2026-09-26T17:28:42.999Z</time><extensions><gpxtpx:TrackPointExtension><gpxtpx:hr>122</gpxtpx:hr><gpxtpx:cad>28</gpxtpx:cad></gpxtpx:TrackPointExtension></extensions></trkpt>
<trkpt lat="-33.7770154" lon="-70.2065678">
<ele>2095</ele><time>2026-09-26T17:28:47.999Z</time><extensions><gpxtpx:TrackPointExtension><gpxtpx:hr>123</gpxtpx:hr><gpxtpx:cad>28</gpxtpx:cad></gpxtpx:TrackPointExtension></extensions></trkpt>
<trkpt lat="-33.7769402" lon="-70.2065790">
<ele>2095</ele><time>2026-09-26T17:28:52.999Z</time><extensions><gpxtpx:TrackPointExtension><gpxtpx:hr>123</gpxtpx:hr><gpxtpx:cad>34</gpxtpx:cad></gpxtpx:TrackPointExtension></extensions></trkpt>
<trkpt lat="-33.7769020" lon="-70.2066149">
<ele>2096</ele><time>2026-09-26T17:28:58.999Z</time><extensions><gpxtpx:TrackPointExtension><gpxtpx:hr>129</gpxtpx:hr><gpxtpx:cad>36</gpxtpx:cad></gpxtpx:TrackPointExtension></extensions></trkpt>
<trkpt lat="-33.7768575" lon="-70.2066382">
<ele>2096</ele><time>2026-09-26T17:29:06.999Z</time><extensions><gpxtpx:TrackPointExtension><gpxtpx:hr>139</gpxtpx:hr><gpxtpx:cad>23</gpxtpx:cad></gpxtpx:TrackPointExtension></extensions></trkpt>
<trkpt lat="-33.7768093" lon="-70.2066530">
<ele>2097</ele><time>2026-09-26T17:29:11.999Z</time><extensions><gpxtpx:TrackPointExtension><gpxtpx:hr>141</gpxtpx:hr><gpxtpx:cad>23</gpxtpx:cad></gpxtpx:TrackPointExtension></extensions></trkpt>
<trkpt lat="-33.7767660" lon="-70.2066793">
<ele>2097</ele><time>2026-09-26T17:29:16.999Z</time><extensions><gpxtpx:TrackPointExtension><gpxtpx:hr>146</gpxtpx:hr><gpxtpx:cad>24</gpxtpx:cad></gpxtpx:TrackPointExtension></extensions></trkpt>
<trkpt lat="-33.7767267" lon="-70.2067106">
<ele>2098</ele><time>2026-09-26T17:29:22.999Z</time><extensions><gpxtpx:TrackPointExtension><gpxtpx:hr>147</gpxtpx:hr><gpxtpx:cad>24</gpxtpx:cad></gpxtpx:TrackPointExtension></extensions></trkpt>
<trkpt lat="-33.7766786" lon="-70.2067277">
<ele>2099</ele><time>2026-09-26T17:29:26.999Z</time><extensions><gpxtpx:TrackPointExtension><gpxtpx:hr>148</gpxtpx:hr><gpxtpx:cad>25</gpxtpx:cad></gpxtpx:TrackPointExtension></extensions></trkpt>
<trkpt lat="-33.7766370" lon="-70.2067040">
<ele>2099</ele><time>2026-09-26T17:29:31.999Z</time><extensions><gpxtpx:TrackPointExtension><gpxtpx:hr>149</gpxtpx:hr><gpxtpx:cad>25</gpxtpx:cad></gpxtpx:TrackPointExtension></extensions></trkpt>
<trkpt lat="-33.7765884" lon="-70.2067093">
<ele>2100</ele><time>2026-09-26T17:29:36.999Z</time><extensions><gpxtpx:TrackPointExtension><gpxtpx:hr>149</gpxtpx:hr><gpxtpx:cad>26</gpxtpx:cad></gpxtpx:TrackPointExtension></extensions></trkpt>
<trkpt lat="-33.7765330" lon="-70.2067226">
<ele>2100</ele><time>2026-09-26T17:29:43.999Z</time><extensions><gpxtpx:TrackPointExtension><gpxtpx:hr>150</gpxtpx:hr><gpxtpx:cad>26</gpxtpx:cad></gpxtpx:TrackPointExtension></extensions></trkpt>
<trkpt lat="-33.7765793" lon="-70.2067070">
<ele>2100</ele><time>2026-09-26T17:30:58.000Z</time><extensions><gpxtpx:TrackPointExtension><gpxtpx:hr>134</gpxtpx:hr><gpxtpx:cad>27</gpxtpx:cad></gpxtpx:TrackPointExtension></extensions></trkpt>
<trkpt lat="-33.7766284" lon="-70.2066860">
<ele>2100</ele><time>2026-09-26T17:31:02.000Z</time><extensions><gpxtpx:TrackPointExtension><gpxtpx:hr>135</gpxtpx:hr><gpxtpx:cad>27</gpxtpx:cad></gpxtpx:TrackPointExtension></extensions></trkpt>
<trkpt lat="-33.7766671" lon="-70.2066508">
<ele>2099</ele><time>2026-09-26T17:31:06.000Z</time><extensions><gpxtpx:TrackPointExtension><gpxtpx:hr>134</gpxtpx:hr><gpxtpx:cad>27</gpxtpx:cad></gpxtpx:TrackPointExtension></extensions></trkpt>
<trkpt lat="-33.7767122" lon="-70.2066140">
<ele>2099</ele><time>2026-09-26T17:31:10.000Z</time><extensions><gpxtpx:TrackPointExtension><gpxtpx:hr>132</gpxtpx:hr><gpxtpx:cad>27</gpxtpx:cad></gpxtpx:TrackPointExtension></extensions></trkpt>
<trkpt lat="-33.7767574" lon="-70.2065908">
<ele>2098</ele><time>2026-09-26T17:31:14.000Z</time><extensions><gpxtpx:TrackPointExtension><gpxtpx:hr>132</gpxtpx:hr><gpxtpx:cad>28</gpxtpx:cad></gpxtpx:TrackPointExtension></extensions></trkpt>
<trkpt lat="-33.7768077" lon="-70.2065584">
<ele>2097</ele><time>2026-09-26T17:31:18.000Z</time><extensions><gpxtpx:TrackPointExtension><gpxtpx:hr>128</gpxtpx:hr><gpxtpx:cad>29</gpxtpx:cad></gpxtpx:TrackPointExtension></extensions></trkpt>
<trkpt lat="-33.7768507" lon="-70.2065316">
<ele>2097</ele><time>2026-09-26T17:31:21.000Z</time><extensions><gpxtpx:TrackPointExtension><gpxtpx:hr>123</gpxtpx:hr><gpxtpx:cad>30</gpxtpx:cad></gpxtpx:TrackPointExtension></extensions></trkpt>
<trkpt lat="-33.7768952" lon="-70.2065094">
<ele>2097</ele><time>2026-09-26T17:31:25.000Z</time><extensions><gpxtpx:TrackPointExtension><gpxtpx:hr>120</gpxtpx:hr><gpxtpx:cad>54</gpxtpx:cad></gpxtpx:TrackPointExtension></extensions></trkpt>
<trkpt lat="-33.7769485" lon="-70.2064890">
<ele>2096</ele><time>2026-09-26T17:31:29.000Z</time><extensions><gpxtpx:TrackPointExtension><gpxtpx:hr>120</gpxtpx:hr><gpxtpx:cad>55</gpxtpx:cad></gpxtpx:TrackPointExtension></extensions></trkpt>
<trkpt lat="-33.7769992" lon="-70.2064806">
<ele>2096</ele><time>2026-09-26T17:31:33.000Z</time><extensions><gpxtpx:TrackPointExtension><gpxtpx:hr>120</gpxtpx:hr><gpxtpx:cad>54</gpxtpx:cad></gpxtpx:TrackPointExtension></extensions></trkpt>
<trkpt lat="-33.7770508" lon="-70.2064639">
<ele>2095</ele><time>2026-09-26T17:31:37.000Z</time><extensions><gpxtpx:TrackPointExtension><gpxtpx:hr>118</gpxtpx:hr><gpxtpx:cad>18</gpxtpx:cad></gpxtpx:TrackPointExtension></extensions></trkpt>
<trkpt lat="-33.7770985" lon="-70.2064822">
<ele>2095</ele><time>2026-09-26T17:31:41.000Z</time><extensions><gpxtpx:TrackPointExtension><gpxtpx:hr>118</gpxtpx:hr><gpxtpx:cad>19</gpxtpx:cad></gpxtpx:TrackPointExtension></extensions></trkpt>
<trkpt lat="-33.7771533" lon="-70.2064672">
<ele>2094</ele><time>2026-09-26T17:31:45.000Z</time><extensions><gpxtpx:TrackPointExtension><gpxtpx:hr>117</gpxtpx:hr><gpxtpx:cad>19</gpxtpx:cad></gpxtpx:TrackPointExtension></extensions></trkpt>
<trkpt lat="-33.7772062" lon="-70.2064448">
<ele>2094</ele><time>2026-09-26T17:31:49.000Z</time><extensions><gpxtpx:TrackPointExtension><gpxtpx:hr>117</gpxtpx:hr><gpxtpx:cad>19</gpxtpx:cad></gpxtpx:TrackPointExtension></extensions></trkpt>
<trkpt lat="-33.7772606" lon="-70.2064475">
<ele>2093</ele><time>2026-09-26T17:31:53.000Z</time><extensions><gpxtpx:TrackPointExtension><gpxtpx:hr>117</gpxtpx:hr><gpxtpx:cad>19</gpxtpx:cad></gpxtpx:TrackPointExtension></extensions></trkpt>
<trkpt lat="-33.7773180" lon="-70.2064396">
<ele>2093</ele><time>2026-09-26T17:31:57.000Z</time><extensions><gpxtpx:TrackPointExtension><gpxtpx:hr>119</gpxtpx:hr><gpxtpx:cad>19</gpxtpx:cad></gpxtpx:TrackPointExtension></extensions></trkpt>
</trkseg><trkseg>
<trkpt lat="-33.7772336" lon="-70.2065021">
<ele>2090</ele><time>2026-09-27T08:06:01.000Z</time><extensions><gpxtpx:TrackPointExtension><gpxtpx:hr>91</gpxtpx:hr><gpxtpx:cad>19</gpxtpx:cad></gpxtpx:TrackPointExtension></extensions></trkpt>
<trkpt lat="-33.7771967" lon="-70.2065485">
<ele>2090</ele><time>2026-09-27T08:06:06.000Z</time><extensions><gpxtpx:TrackPointExtension><gpxtpx:hr>98</gpxtpx:hr><gpxtpx:cad>19</gpxtpx:cad></gpxtpx:TrackPointExtension></extensions></trkpt>
<trkpt lat="-33.7771623" lon="-70.2065862">
<ele>2090</ele><time>2026-09-27T08:06:10.000Z</time><extensions><gpxtpx:TrackPointExtension><gpxtpx:hr>103</gpxtpx:hr><gpxtpx:cad>18</gpxtpx:cad></gpxtpx:TrackPointExtension></extensions></trkpt>
<trkpt lat="-33.7771088" lon="-70.2066032">
<ele>2091</ele><time>2026-09-27T08:06:14.000Z</time><extensions><gpxtpx:TrackPointExtension><gpxtpx:hr>111</gpxtpx:hr><gpxtpx:cad>19</gpxtpx:cad></gpxtpx:TrackPointExtension></extensions></trkpt>
<trkpt lat="-33.7770609" lon="-70.2066082">
<ele>2091</ele><time>2026-09-27T08:06:18.000Z</time><extensions><gpxtpx:TrackPointExtension><gpxtpx:hr>114</gpxtpx:hr><gpxtpx:cad>19</gpxtpx:cad></gpxtpx:TrackPointExtension></extensions></trkpt>
<trkpt lat="-33.7770220" lon="-70.2066472">
<ele>2091</ele><time>2026-09-27T08:06:25.000Z</time><extensions><gpxtpx:TrackPointExtension><gpxtpx:hr>120</gpxtpx:hr><gpxtpx:cad>19</gpxtpx:cad></gpxtpx:TrackPointExtension></extensions></trkpt>
<trkpt lat="-33.7769829" lon="-70.2066825">
<ele>2092</ele><time>2026-09-27T08:06:29.000Z</time><extensions><gpxtpx:TrackPointExtension><gpxtpx:hr>121</gpxtpx:hr><gpxtpx:cad>19</gpxtpx:cad></gpxtpx:TrackPointExtension></extensions></trkpt>
<trkpt lat="-33.7769489" lon="-70.2067303">
<ele>2092</ele><time>2026-09-27T08:06:34.000Z</time><extensions><gpxtpx:TrackPointExtension><gpxtpx:hr>120</gpxtpx:hr><gpxtpx:cad>47</gpxtpx:cad></gpxtpx:TrackPointExtension></extensions></trkpt>
<trkpt lat="-33.7769049" lon="-70.2067451">
<ele>2093</ele><time>2026-09-27T08:06:38.000Z</time><extensions><gpxtpx:TrackPointExtension><gpxtpx:hr>124</gpxtpx:hr><gpxtpx:cad>44</gpxtpx:cad></gpxtpx:TrackPointExtension></extensions></trkpt>
<trkpt lat="-33.7768528" lon="-70.2067673">
<ele>2094</ele><time>2026-09-27T08:06:44.000Z</time><extensions><gpxtpx:TrackPointExtension><gpxtpx:hr>125</gpxtpx:hr><gpxtpx:cad>43</gpxtpx:cad></gpxtpx:TrackPointExtension></extensions></trkpt>
<trkpt lat="-33.7768093" lon="-70.2067496">
<ele>2094</ele><time>2026-09-27T08:06:49.000Z</time><extensions><gpxtpx:TrackPointExtension><gpxtpx:hr>132</gpxtpx:hr><gpxtpx:cad>42</gpxtpx:cad></gpxtpx:TrackPointExtension></extensions></trkpt>
<trkpt lat="-33.7767605" lon="-70.2067454">
<ele>2095</ele><time>2026-09-27T08:06:55.000Z</time><extensions><gpxtpx:TrackPointExtension><gpxtpx:hr>135</gpxtpx:hr><gpxtpx:cad>42</gpxtpx:cad></gpxtpx:TrackPointExtension></extensions></trkpt>
<trkpt lat="-33.7767074" lon="-70.2067440">
<ele>2095</ele><time>2026-09-27T08:07:00.000Z</time><extensions><gpxtpx:TrackPointExtension><gpxtpx:hr>137</gpxtpx:hr><gpxtpx:cad>43</gpxtpx:cad></gpxtpx:TrackPointExtension></extensions></trkpt>
<trkpt lat="-33.7766701" lon="-70.2067765">
<ele>2096</ele><time>2026-09-27T08:07:06.000Z</time><extensions><gpxtpx:TrackPointExtension><gpxtpx:hr>138</gpxtpx:hr><gpxtpx:cad>43</gpxtpx:cad></gpxtpx:TrackPointExtension></extensions></trkpt>
<trkpt lat="-33.7766170" lon="-70.2067925">
<ele>2096</ele><time>2026-09-27T08:07:11.000Z</time><extensions><gpxtpx:TrackPointExtension><gpxtpx:hr>137</gpxtpx:hr><gpxtpx:cad>44</gpxtpx:cad></gpxtpx:TrackPointExtension></extensions></trkpt>
<trkpt lat="-33.7765708" lon="-70.2068118">
<ele>2097</ele><time>2026-09-27T08:07:16.000Z</time><extensions><gpxtpx:TrackPointExtension><gpxtpx:hr>137</gpxtpx:hr><gpxtpx:cad>44</gpxtpx:cad></gpxtpx:TrackPointExtension></extensions></trkpt>
<trkpt lat="-33.7765269" lon="-70.2068257">
<ele>2097</ele><time>2026-09-27T08:07:21.000Z</time><extensions><gpxtpx:TrackPointExtension><gpxtpx:hr>138</gpxtpx:hr><gpxtpx:cad>45</gpxtpx:cad></gpxtpx:TrackPointExtension></extensions></trkpt>
<trkpt lat="-33.7764799" lon="-70.2068406">
<ele>2098</ele><time>2026-09-27T08:07:27.000Z</time><extensions><gpxtpx:TrackPointExtension><gpxtpx:hr>138</gpxtpx:hr><gpxtpx:cad>43</gpxtpx:cad></gpxtpx:TrackPointExtension></extensions></trkpt>
<trkpt lat="-33.7764303" lon="-70.2068525">
<ele>2099</ele><time>2026-09-27T08:07:33.000Z</time><extensions><gpxtpx:TrackPointExtension><gpxtpx:hr>142</gpxtpx:hr><gpxtpx:cad>43</gpxtpx:cad></gpxtpx:TrackPointExtension></extensions></trkpt>
<trkpt lat="-33.7763781" lon="-70.2068674">
<ele>2100</ele><time>2026-09-27T08:07:38.000Z</time><extensions><gpxtpx:TrackPointExtension><gpxtpx:hr>143</gpxtpx:hr><gpxtpx:cad>43</gpxtpx:cad></gpxtpx:TrackPointExtension></extensions></trkpt>
<trkpt lat="-33.7763295" lon="-70.2068701">
<ele>2100</ele><time>2026-09-27T08:07:43.000Z</time><extensions><gpxtpx:TrackPointExtension><gpxtpx:hr>147</gpxtpx:hr><gpxtpx:cad>43</gpxtpx:cad></gpxtpx:TrackPointExtension></extensions></trkpt>
<trkpt lat="-33.7762840" lon="-70.2068807">
<ele>2101</ele><time>2026-09-27T08:07:49.000Z</time><extensions><gpxtpx:TrackPointExtension><gpxtpx:hr>147</gpxtpx:hr><gpxtpx:cad>44</gpxtpx:cad></gpxtpx:TrackPointExtension></extensions></trkpt>
<trkpt lat="-33.7762282" lon="-70.2068897">
<ele>2102</ele><time>2026-09-27T08:07:55.000Z</time><extensions><gpxtpx:TrackPointExtension><gpxtpx:hr>147</gpxtpx:hr><gpxtpx:cad>44</gpxtpx:cad></gpxtpx:TrackPointExtension></extensions></trkpt>
<trkpt lat="-33.7761818" lon="-70.2069054">
<ele>2102</ele><time>2026-09-27T08:08:01.000Z</time><extensions><gpxtpx:TrackPointExtension><gpxtpx:hr>147</gpxtpx:hr><gpxtpx:cad>44</gpxtpx:cad></gpxtpx:TrackPointExtension></extensions></trkpt>
<trkpt lat="-33.7761436" lon="-70.2069378">
<ele>2103</ele><time>2026-09-27T08:08:07.000Z</time><extensions><gpxtpx:TrackPointExtension><gpxtpx:hr>147</gpxtpx:hr><gpxtpx:cad>44</gpxtpx:cad></gpxtpx:TrackPointExtension></extensions></trkpt>
<trkpt lat="-33.7760906" lon="-70.2069439">
<ele>2104</ele><time>2026-09-27T08:08:13.000Z</time><extensions><gpxtpx:TrackPointExtension><gpxtpx:hr>149</gpxtpx:hr><gpxtpx:cad>45</gpxtpx:cad></gpxtpx:TrackPointExtension></extensions></trkpt>
<trkpt lat="-33.7760460" lon="-70.2069613">
<ele>2105</ele><time>2026-09-27T08:08:19.000Z</time><extensions><gpxtpx:TrackPointExtension><gpxtpx:hr>149</gpxtpx:hr><gpxtpx:cad>46</gpxtpx:cad></gpxtpx:TrackPointExtension></extensions></trkpt>
<trkpt lat="-33.7760021" lon="-70.2069771">
<ele>2105</ele><time>2026-09-27T08:08:24.000Z</time><extensions><gpxtpx:TrackPointExtension><gpxtpx:hr>149</gpxtpx:hr><gpxtpx:cad>45</gpxtpx:cad></gpxtpx:TrackPointExtension></extensions></trkpt>
<trkpt lat="-33.7759562" lon="-70.2069996">
<ele>2106</ele><time>2026-09-27T08:08:29.000Z</time><extensions><gpxtpx:TrackPointExtension><gpxtpx:hr>149</gpxtpx:hr><gpxtpx:cad>45</gpxtpx:cad></gpxtpx:TrackPointExtension></extensions></trkpt>
<trkpt lat="-33.7759124" lon="-70.2070262">
<ele>2106</ele><time>2026-09-27T08:08:35.000Z</time><extensions><gpxtpx:TrackPointExtension><gpxtpx:hr>148</gpxtpx:hr><gpxtpx:cad>44</gpxtpx:cad></gpxtpx:TrackPointExtension></extensions></trkpt>
<trkpt lat="-33.7758620" lon="-70.2070562">
<ele>2107</ele><time>2026-09-27T08:08:41.000Z</time><extensions><gpxtpx:TrackPointExtension><gpxtpx:hr>147</gpxtpx:hr><gpxtpx:cad>44</gpxtpx:cad></gpxtpx:TrackPointExtension></extensions></trkpt>
<trkpt lat="-33.7758149" lon="-70.2070575">
<ele>2108</ele><time>2026-09-27T08:08:48.000Z</time><extensions><gpxtpx:TrackPointExtension><gpxtpx:hr>148</gpxtpx:hr><gpxtpx:cad>44</gpxtpx:cad></gpxtpx:TrackPointExtension></extensions></trkpt>
<trkpt lat="-33.7757658" lon="-70.2070557">
<ele>2109</ele><time>2026-09-27T08:08:53.000Z</time><extensions><gpxtpx:TrackPointExtension><gpxtpx:hr>146</gpxtpx:hr><gpxtpx:cad>41</gpxtpx:cad></gpxtpx:TrackPointExtension></extensions></trkpt>
<trkpt lat="-33.7757164" lon="-70.2070669">
<ele>2110</ele><time>2026-09-27T08:09:00.000Z</time><extensions><gpxtpx:TrackPointExtension><gpxtpx:hr>144</gpxtpx:hr><gpxtpx:cad>43</gpxtpx:cad></gpxtpx:TrackPointExtension></extensions></trkpt>
<trkpt lat="-33.7756678" lon="-70.2070812">
<ele>2111</ele><time>2026-09-27T08:09:06.000Z</time><extensions><gpxtpx:TrackPointExtension><gpxtpx:hr>146</gpxtpx:hr><gpxtpx:cad>44</gpxtpx:cad></gpxtpx:TrackPointExtension></extensions></trkpt>
<trkpt lat="-33.7756133" lon="-70.2070623">
<ele>2112</ele><time>2026-09-27T08:09:13.000Z</time><extensions><gpxtpx:TrackPointExtension><gpxtpx:hr>150</gpxtpx:hr><gpxtpx:cad>43</gpxtpx:cad></gpxtpx:TrackPointExtension></extensions></trkpt>
<trkpt lat="-33.7755620" lon="-70.2070660">
<ele>2113</ele><time>2026-09-27T08:09:20.000Z</time><extensions><gpxtpx:TrackPointExtension><gpxtpx:hr>152</gpxtpx:hr><gpxtpx:cad>43</gpxtpx:cad></gpxtpx:TrackPointExtension></extensions></trkpt>
<trkpt lat="-33.7755169" lon="-70.2070772">
<ele>2114</ele><time>2026-09-27T08:09:27.000Z</time><extensions><gpxtpx:TrackPointExtension><gpxtpx:hr>153</gpxtpx:hr><gpxtpx:cad>43</gpxtpx:cad></gpxtpx:TrackPointExtension></extensions></trkpt>
<trkpt lat="-33.7754659" lon="-70.2070808">
<ele>2115</ele><time>2026-09-27T08:09:34.000Z</time><extensions><gpxtpx:TrackPointExtension><gpxtpx:hr>153</gpxtpx:hr><gpxtpx:cad>43</gpxtpx:cad></gpxtpx:TrackPointExtension></extensions></trkpt>
<trkpt lat="-33.7754214" lon="-70.2070922">
<ele>2116</ele><time>2026-09-27T08:09:39.000Z</time><extensions><gpxtpx:TrackPointExtension><gpxtpx:hr>154</gpxtpx:hr><gpxtpx:cad>42</gpxtpx:cad></gpxtpx:TrackPointExtension></extensions></trkpt>
<trkpt lat="-33.7753750" lon="-70.2071010">
<ele>2117</ele><time>2026-09-27T08:09:46.000Z</time><extensions><gpxtpx:TrackPointExtension><gpxtpx:hr>156</gpxtpx:hr><gpxtpx:cad>40</gpxtpx:cad></gpxtpx:TrackPointExtension></extensions></trkpt>
<trkpt lat="-33.7753210" lon="-70.2070839">
<ele>2118</ele><time>2026-09-27T08:09:53.000Z</time><extensions><gpxtpx:TrackPointExtension><gpxtpx:hr>157</gpxtpx:hr><gpxtpx:cad>40</gpxtpx:cad></gpxtpx:TrackPointExtension></extensions></trkpt>
<trkpt lat="-33.7752672" lon="-70.2070794">
<ele>2119</ele><time>2026-09-27T08:10:02.000Z</time><extensions><gpxtpx:TrackPointExtension><gpxtpx:hr>155</gpxtpx:hr><gpxtpx:cad>39</gpxtpx:cad></gpxtpx:TrackPointExtension></extensions></trkpt>
<trkpt lat="-33.7752213" lon="-70.2071053">
<ele>2120</ele><time>2026-09-27T08:10:10.000Z</time><extensions><gpxtpx:TrackPointExtension><gpxtpx:hr>155</gpxtpx:hr><gpxtpx:cad>40</gpxtpx:cad></gpxtpx:TrackPointExtension></extensions></trkpt>
<trkpt lat="-33.7751741" lon="-70.2071075">
<ele>2121</ele><time>2026-09-27T08:10:19.000Z</time><extensions><gpxtpx:TrackPointExtension><gpxtpx:hr>156</gpxtpx:hr><gpxtpx:cad>40</gpxtpx:cad></gpxtpx:TrackPointExtension></extensions></trkpt>
<trkpt lat="-33.7751207" lon="-70.2071282">
<ele>2122</ele><time>2026-09-27T08:10:25.000Z</time><extensions><gpxtpx:TrackPointExtension><gpxtpx:hr>156</gpxtpx:hr><gpxtpx:cad>39</gpxtpx:cad></gpxtpx:TrackPointExtension></extensions></trkpt>
<trkpt lat="-33.7750733" lon="-70.2071184">
<ele>2123</ele><time>2026-09-27T08:10:34.000Z</time><extensions><gpxtpx:TrackPointExtension><gpxtpx:hr>157</gpxtpx:hr><gpxtpx:cad>38</gpxtpx:cad></gpxtpx:TrackPointExtension></extensions></trkpt>
<trkpt lat="-33.7750259" lon="-70.2071165">
<ele>2124</ele><time>2026-09-27T08:10:42.000Z</time><extensions><gpxtpx:TrackPointExtension><gpxtpx:hr>158</gpxtpx:hr><gpxtpx:cad>38</gpxtpx:cad></gpxtpx:TrackPointExtension></extensions></trkpt>
<trkpt lat="-33.7749783" lon="-70.2071051">
<ele>2125</ele><time>2026-09-27T08:10:50.000Z</time><extensions><gpxtpx:TrackPointExtension><gpxtpx:hr>158</gpxtpx:hr><gpxtpx:cad>40</gpxtpx:cad></gpxtpx:TrackPointExtension></extensions></trkpt>
<trkpt lat="-33.7749299" lon="-70.2070978">
<ele>2126</ele><time>2026-09-27T08:11:00.000Z</time><extensions><gpxtpx:TrackPointExtension><gpxtpx:hr>157</gpxtpx:hr><gpxtpx:cad>38</gpxtpx:cad></gpxtpx:TrackPointExtension></extensions></trkpt>
<trkpt lat="-33.7748813" lon="-70.2071013">
<ele>2127</ele><time>2026-09-27T08:11:09.000Z</time><extensions><gpxtpx:TrackPointExtension><gpxtpx:hr>159</gpxtpx:hr><gpxtpx:cad>37</gpxtpx:cad></gpxtpx:TrackPointExtension></extensions></trkpt>
<trkpt lat="-33.7748340" lon="-70.2071132">
<ele>2128</ele><time>2026-09-27T08:11:19.000Z</time><extensions><gpxtpx:TrackPointExtension><gpxtpx:hr>161</gpxtpx:hr><gpxtpx:cad>36</gpxtpx:cad></gpxtpx:TrackPointExtension></extensions></trkpt>
<trkpt lat="-33.7747857" lon="-70.2070853">
<ele>2130</ele><time>2026-09-27T08:11:29.000Z</time><extensions><gpxtpx:TrackPointExtension><gpxtpx:hr>160</gpxtpx:hr><gpxtpx:cad>34</gpxtpx:cad></gpxtpx:TrackPointExtension></extensions></trkpt>
<trkpt lat="-33.7747425" lon="-70.2070557">
<ele>2131</ele><time>2026-09-27T08:11:39.000Z</time><extensions><gpxtpx:TrackPointExtension><gpxtpx:hr>161</gpxtpx:hr><gpxtpx:cad>35</gpxtpx:cad></gpxtpx:TrackPointExtension></extensions></trkpt>
<trkpt lat="-33.7746973" lon="-70.2070370">
<ele>2132</ele><time>2026-09-27T08:11:47.000Z</time><extensions><gpxtpx:TrackPointExtension><gpxtpx:hr>162</gpxtpx:hr><gpxtpx:cad>35</gpxtpx:cad></gpxtpx:TrackPointExtension></extensions></trkpt>
<trkpt lat="-33.7746507" lon="-70.2070480">
<ele>2133</ele><time>2026-09-27T08:11:54.000Z</time><extensions><gpxtpx:TrackPointExtension><gpxtpx:hr>162</gpxtpx:hr><gpxtpx:cad>34</gpxtpx:cad></gpxtpx:TrackPointExtension></extensions></trkpt>
<trkpt lat="-33.7745991" lon="-70.2070424">
<ele>2134</ele><time>2026-09-27T08:12:03.000Z</time><extensions><gpxtpx:TrackPointExtension><gpxtpx:hr>161</gpxtpx:hr><gpxtpx:cad>36</gpxtpx:cad></gpxtpx:TrackPointExtension></extensions></trkpt>
<trkpt lat="-33.7745511" lon="-70.2070485">
<ele>2135</ele><time>2026-09-27T08:12:11.000Z</time><extensions><gpxtpx:TrackPointExtension><gpxtpx:hr>161</gpxtpx:hr><gpxtpx:cad>36</gpxtpx:cad></gpxtpx:TrackPointExtension></extensions></trkpt>
<trkpt lat="-33.7745024" lon="-70.2070400">
<ele>2136</ele><time>2026-09-27T08:12:21.000Z</time><extensions><gpxtpx:TrackPointExtension><gpxtpx:hr>163</gpxtpx:hr><gpxtpx:cad>36</gpxtpx:cad></gpxtpx:TrackPointExtension></extensions></trkpt>
<trkpt lat="-33.7744530" lon="-70.2070352">
<ele>2138</ele><time>2026-09-27T08:12:32.000Z</time><extensions><gpxtpx:TrackPointExtension><gpxtpx:hr>162</gpxtpx:hr><gpxtpx:cad>35</gpxtpx:cad></gpxtpx:TrackPointExtension></extensions></trkpt>
<trkpt lat="-33.7744002" lon="-70.2070305">
<ele>2139</ele><time>2026-09-27T08:12:48.000Z</time><extensions><gpxtpx:TrackPointExtension><gpxtpx:hr>158</gpxtpx:hr><gpxtpx:cad>35</gpxtpx:cad></gpxtpx:TrackPointExtension></extensions></trkpt>
<trkpt lat="-33.7743526" lon="-70.2070167">
<ele>2140</ele><time>2026-09-27T08:12:57.000Z</time><extensions><gpxtpx:TrackPointExtension><gpxtpx:hr>157</gpxtpx:hr><gpxtpx:cad>35</gpxtpx:cad></gpxtpx:TrackPointExtension></extensions></trkpt>
<trkpt lat="-33.7743034" lon="-70.2070204">
<ele>2141</ele><time>2026-09-27T08:13:07.000Z</time><extensions><gpxtpx:TrackPointExtension><gpxtpx:hr>157</gpxtpx:hr><gpxtpx:cad>37</gpxtpx:cad></gpxtpx:TrackPointExtension></extensions></trkpt>
<trkpt lat="-33.7742549" lon="-70.2070177">
<ele>2142</ele><time>2026-09-27T08:13:15.000Z</time><extensions><gpxtpx:TrackPointExtension><gpxtpx:hr>160</gpxtpx:hr><gpxtpx:cad>33</gpxtpx:cad></gpxtpx:TrackPointExtension></extensions></trkpt>
<trkpt lat="-33.7742059" lon="-70.2069983">
<ele>2143</ele><time>2026-09-27T08:13:25.000Z</time><extensions><gpxtpx:TrackPointExtension><gpxtpx:hr>160</gpxtpx:hr><gpxtpx:cad>33</gpxtpx:cad></gpxtpx:TrackPointExtension></extensions></trkpt>
<trkpt lat="-33.7741583" lon="-70.2069773">
<ele>2145</ele><time>2026-09-27T08:13:36.000Z</time><extensions><gpxtpx:TrackPointExtension><gpxtpx:hr>160</gpxtpx:hr><gpxtpx:cad>32</gpxtpx:cad></gpxtpx:TrackPointExtension></extensions></trkpt>
<trkpt lat="-33.7741070" lon="-70.2069832">
<ele>2146</ele><time>2026-09-27T08:13:46.000Z</time><extensions><gpxtpx:TrackPointExtension><gpxtpx:hr>160</gpxtpx:hr><gpxtpx:cad>32</gpxtpx:cad></gpxtpx:TrackPointExtension></extensions></trkpt>
<trkpt lat="-33.7740646" lon="-70.2069648">
<ele>2147</ele><time>2026-09-27T08:13:55.000Z</time><extensions><gpxtpx:TrackPointExtension><gpxtpx:hr>161</gpxtpx:hr><gpxtpx:cad>34</gpxtpx:cad></gpxtpx:TrackPointExtension></extensions></trkpt>
<trkpt lat="-33.7740172" lon="-70.2069774">
<ele>2149</ele><time>2026-09-27T08:14:04.000Z</time><extensions><gpxtpx:TrackPointExtension><gpxtpx:hr>163</gpxtpx:hr><gpxtpx:cad>32</gpxtpx:cad></gpxtpx:TrackPointExtension></extensions></trkpt>
<trkpt lat="-33.7739715" lon="-70.2069634">
<ele>2150</ele><time>2026-09-27T08:14:13.000Z</time><extensions><gpxtpx:TrackPointExtension><gpxtpx:hr>164</gpxtpx:hr><gpxtpx:cad>31</gpxtpx:cad></gpxtpx:TrackPointExtension></extensions></trkpt>
<trkpt lat="-33.7739195" lon="-70.2069568">
<ele>2151</ele><time>2026-09-27T08:14:22.000Z</time><extensions><gpxtpx:TrackPointExtension><gpxtpx:hr>166</gpxtpx:hr><gpxtpx:cad>32</gpxtpx:cad></gpxtpx:TrackPointExtension></extensions></trkpt>
<trkpt lat="-33.7738724" lon="-70.2069547">
<ele>2153</ele><time>2026-09-27T08:14:44.000Z</time><extensions><gpxtpx:TrackPointExtension><gpxtpx:hr>167</gpxtpx:hr><gpxtpx:cad>34</gpxtpx:cad></gpxtpx:TrackPointExtension></extensions></trkpt>
<trkpt lat="-33.7738232" lon="-70.2069488">
<ele>2154</ele><time>2026-09-27T08:14:52.000Z</time><extensions><gpxtpx:TrackPointExtension><gpxtpx:hr>164</gpxtpx:hr><gpxtpx:cad>33</gpxtpx:cad></gpxtpx:TrackPointExtension></extensions></trkpt>
<trkpt lat="-33.7737799" lon="-70.2069338">
<ele>2155</ele><time>2026-09-27T08:15:01.000Z</time><extensions><gpxtpx:TrackPointExtension><gpxtpx:hr>159</gpxtpx:hr><gpxtpx:cad>28</gpxtpx:cad></gpxtpx:TrackPointExtension></extensions></trkpt>
<trkpt lat="-33.7737354" lon="-70.2069248">
<ele>2156</ele><time>2026-09-27T08:15:09.000Z</time><extensions><gpxtpx:TrackPointExtension><gpxtpx:hr>158</gpxtpx:hr><gpxtpx:cad>28</gpxtpx:cad></gpxtpx:TrackPointExtension></extensions></trkpt>
<trkpt lat="-33.7736839" lon="-70.2069200">
<ele>2157</ele><time>2026-09-27T08:15:19.000Z</time><extensions><gpxtpx:TrackPointExtension><gpxtpx:hr>159</gpxtpx:hr><gpxtpx:cad>28</gpxtpx:cad></gpxtpx:TrackPointExtension></extensions></trkpt>
<trkpt lat="-33.7736332" lon="-70.2069218">
<ele>2158</ele><time>2026-09-27T08:15:43.000Z</time><extensions><gpxtpx:TrackPointExtension><gpxtpx:hr>156</gpxtpx:hr><gpxtpx:cad>28</gpxtpx:cad></gpxtpx:TrackPointExtension></extensions></trkpt>
<trkpt lat="-33.7735858" lon="-70.2069016">
<ele>2160</ele><time>2026-09-27T08:15:53.000Z</time><extensions><gpxtpx:TrackPointExtension><gpxtpx:hr>156</gpxtpx:hr><gpxtpx:cad>29</gpxtpx:cad></gpxtpx:TrackPointExtension></extensions></trkpt>
<trkpt lat="-33.7735344" lon="-70.2068925">
<ele>2161</ele><time>2026-09-27T08:16:01.000Z</time><extensions><gpxtpx:TrackPointExtension><gpxtpx:hr>156</gpxtpx:hr><gpxtpx:cad>29</gpxtpx:cad></gpxtpx:TrackPointExtension></extensions></trkpt>
<trkpt lat="-33.7734884" lon="-70.2068895">
<ele>2163</ele><time>2026-09-27T08:16:12.000Z</time><extensions><gpxtpx:TrackPointExtension><gpxtpx:hr>156</gpxtpx:hr><gpxtpx:cad>32</gpxtpx:cad></gpxtpx:TrackPointExtension></extensions></trkpt>
<trkpt lat="-33.7734430" lon="-70.2068735">
<ele>2164</ele><time>2026-09-27T08:16:22.000Z</time><extensions><gpxtpx:TrackPointExtension><gpxtpx:hr>158</gpxtpx:hr><gpxtpx:cad>32</gpxtpx:cad></gpxtpx:TrackPointExtension></extensions></trkpt>
<trkpt lat="-33.7733976" lon="-70.2068604">
<ele>2166</ele><time>2026-09-27T08:16:57.000Z</time><extensions><gpxtpx:TrackPointExtension><gpxtpx:hr>159</gpxtpx:hr><gpxtpx:cad>32</gpxtpx:cad></gpxtpx:TrackPointExtension></extensions></trkpt>
<trkpt lat="-33.7733508" lon="-70.2068397">
<ele>2167</ele><time>2026-09-27T08:17:09.000Z</time><extensions><gpxtpx:TrackPointExtension><gpxtpx:hr>149</gpxtpx:hr><gpxtpx:cad>31</gpxtpx:cad></gpxtpx:TrackPointExtension></extensions></trkpt>
<trkpt lat="-33.7733074" lon="-70.2068250">
<ele>2169</ele><time>2026-09-27T08:17:17.000Z</time><extensions><gpxtpx:TrackPointExtension><gpxtpx:hr>147</gpxtpx:hr><gpxtpx:cad>30</gpxtpx:cad></gpxtpx:TrackPointExtension></extensions></trkpt>
<trkpt lat="-33.7732618" lon="-70.2068208">
<ele>2170</ele><time>2026-09-27T08:17:28.000Z</time><extensions><gpxtpx:TrackPointExtension><gpxtpx:hr>152</gpxtpx:hr><gpxtpx:cad>32</gpxtpx:cad></gpxtpx:TrackPointExtension></extensions></trkpt>
<trkpt lat="-33.7732139" lon="-70.2068115">
<ele>2172</ele><time>2026-09-27T08:17:38.000Z</time><extensions><gpxtpx:TrackPointExtension><gpxtpx:hr>152</gpxtpx:hr><gpxtpx:cad>32</gpxtpx:cad></gpxtpx:TrackPointExtension></extensions></trkpt>
<trkpt lat="-33.7731695" lon="-70.2068210">
<ele>2173</ele><time>2026-09-27T08:17:46.000Z</time><extensions><gpxtpx:TrackPointExtension><gpxtpx:hr>155</gpxtpx:hr><gpxtpx:cad>32</gpxtpx:cad></gpxtpx:TrackPointExtension></extensions></trkpt>
<trkpt lat="-33.7731295" lon="-70.2067933">
<ele>2174</ele><time>2026-09-27T08:17:54.000Z</time><extensions><gpxtpx:TrackPointExtension><gpxtpx:hr>158</gpxtpx:hr><gpxtpx:cad>30</gpxtpx:cad></gpxtpx:TrackPointExtension></extensions></trkpt>
<trkpt lat="-33.7730783" lon="-70.2067788">
<ele>2176</ele><time>2026-09-27T08:18:18.000Z</time><extensions><gpxtpx:TrackPointExtension><gpxtpx:hr>154</gpxtpx:hr><gpxtpx:cad>30</gpxtpx:cad></gpxtpx:TrackPointExtension></extensions></trkpt>
<trkpt lat="-33.7730332" lon="-70.2067602">
<ele>2177</ele><time>2026-09-27T08:18:28.000Z</time><extensions><gpxtpx:TrackPointExtension><gpxtpx:hr>154</gpxtpx:hr><gpxtpx:cad>35</gpxtpx:cad></gpxtpx:TrackPointExtension></extensions></trkpt>
<trkpt lat="-33.7729865" lon="-70.2067427">
<ele>2178</ele><time>2026-09-27T08:18:40.000Z</time><extensions><gpxtpx:TrackPointExtension><gpxtpx:hr>155</gpxtpx:hr><gpxtpx:cad>36</gpxtpx:cad></gpxtpx:TrackPointExtension></extensions></trkpt>
<trkpt lat="-33.7729393" lon="-70.2067345">
<ele>2180</ele><time>2026-09-27T08:18:50.999Z</time><extensions><gpxtpx:TrackPointExtension><gpxtpx:hr>156</gpxtpx:hr><gpxtpx:cad>37</gpxtpx:cad></gpxtpx:TrackPointExtension></extensions></trkpt>
<trkpt lat="-33.7728923" lon="-70.2067402">
<ele>2181</ele><time>2026-09-27T08:19:01.999Z</time><extensions><gpxtpx:TrackPointExtension><gpxtpx:hr>154</gpxtpx:hr><gpxtpx:cad>36</gpxtpx:cad></gpxtpx:TrackPointExtension></extensions></trkpt>
<trkpt lat="-33.7728383" lon="-70.2067375">
<ele>2182</ele><time>2026-09-27T08:19:12.999Z</time><extensions><gpxtpx:TrackPointExtension><gpxtpx:hr>157</gpxtpx:hr><gpxtpx:cad>36</gpxtpx:cad></gpxtpx:TrackPointExtension></extensions></trkpt>
<trkpt lat="-33.7727913" lon="-70.2067267">
<ele>2184</ele><time>2026-09-27T08:19:25.999Z</time><extensions><gpxtpx:TrackPointExtension><gpxtpx:hr>157</gpxtpx:hr><gpxtpx:cad>34</gpxtpx:cad></gpxtpx:TrackPointExtension></extensions></trkpt>
<trkpt lat="-33.7727472" lon="-70.2067399">
<ele>2186</ele><time>2026-09-27T08:19:38.999Z</time><extensions><gpxtpx:TrackPointExtension><gpxtpx:hr>158</gpxtpx:hr><gpxtpx:cad>33</gpxtpx:cad></gpxtpx:TrackPointExtension></extensions></trkpt>
<trkpt lat="-33.7726928" lon="-70.2067325">
<ele>2188</ele><time>2026-09-27T08:19:53.999Z</time><extensions><gpxtpx:TrackPointExtension><gpxtpx:hr>158</gpxtpx:hr><gpxtpx:cad>31</gpxtpx:cad></gpxtpx:TrackPointExtension></extensions></trkpt>
<trkpt lat="-33.7726451" lon="-70.2067125">
<ele>2189</ele><time>2026-09-27T08:20:05.999Z</time><extensions><gpxtpx:TrackPointExtension><gpxtpx:hr>158</gpxtpx:hr><gpxtpx:cad>29</gpxtpx:cad></gpxtpx:TrackPointExtension></extensions></trkpt>
<trkpt lat="-33.7726001" lon="-70.2067246">
<ele>2191</ele><time>2026-09-27T08:20:17.999Z</time><extensions><gpxtpx:TrackPointExtension><gpxtpx:hr>159</gpxtpx:hr><gpxtpx:cad>29</gpxtpx:cad></gpxtpx:TrackPointExtension></extensions></trkpt>
<trkpt lat="-33.7725487" lon="-70.2067359">
<ele>2192</ele><time>2026-09-27T08:20:30.999Z</time><extensions><gpxtpx:TrackPointExtension><gpxtpx:hr>161</gpxtpx:hr><gpxtpx:cad>30</gpxtpx:cad></gpxtpx:TrackPointExtension></extensions></trkpt>
<trkpt lat="-33.7725040" lon="-70.2067202">
<ele>2194</ele><time>2026-09-27T08:20:41.999Z</time><extensions><gpxtpx:TrackPointExtension><gpxtpx:hr>162</gpxtpx:hr><gpxtpx:cad>29</gpxtpx:cad></gpxtpx:TrackPointExtension></extensions></trkpt>
<trkpt lat="-33.7724502" lon="-70.2067183">
<ele>2195</ele><time>2026-09-27T08:20:57.999Z</time><extensions><gpxtpx:TrackPointExtension><gpxtpx:hr>161</gpxtpx:hr><gpxtpx:cad>28</gpxtpx:cad></gpxtpx:TrackPointExtension></extensions></trkpt>
<trkpt lat="-33.7724086" lon="-70.2067475">
<ele>2197</ele><time>2026-09-27T08:21:09.999Z</time><extensions><gpxtpx:TrackPointExtension><gpxtpx:hr>161</gpxtpx:hr><gpxtpx:cad>28</gpxtpx:cad></gpxtpx:TrackPointExtension></extensions></trkpt>
<trkpt lat="-33.7723641" lon="-70.2067371">
<ele>2198</ele><time>2026-09-27T08:21:19.999Z</time><extensions><gpxtpx:TrackPointExtension><gpxtpx:hr>159</gpxtpx:hr><gpxtpx:cad>28</gpxtpx:cad></gpxtpx:TrackPointExtension></extensions></trkpt>
<trkpt lat="-33.7723204" lon="-70.2067147">
<ele>2200</ele><time>2026-09-27T08:21:41.999Z</time><extensions><gpxtpx:TrackPointExtension><gpxtpx:hr>159</gpxtpx:hr><gpxtpx:cad>28</gpxtpx:cad></gpxtpx:TrackPointExtension></extensions></trkpt>
<trkpt lat="-33.7722732" lon="-70.2067253">
<ele>2201</ele><time>2026-09-27T08:21:52.999Z</time><extensions><gpxtpx:TrackPointExtension><gpxtpx:hr>154</gpxtpx:hr><gpxtpx:cad>19</gpxtpx:cad></gpxtpx:TrackPointExtension></extensions></trkpt>
<trkpt lat="-33.7722271" lon="-70.2067092">
<ele>2203</ele><time>2026-09-27T08:22:05.999Z</time><extensions><gpxtpx:TrackPointExtension><gpxtpx:hr>154</gpxtpx:hr><gpxtpx:cad>18</gpxtpx:cad></gpxtpx:TrackPointExtension></extensions></trkpt>
<trkpt lat="-33.7721834" lon="-70.2066861">
<ele>2204</ele><time>2026-09-27T08:22:17.999Z</time><extensions><gpxtpx:TrackPointExtension><gpxtpx:hr>154</gpxtpx:hr><gpxtpx:cad>17</gpxtpx:cad></gpxtpx:TrackPointExtension></extensions></trkpt>
<trkpt lat="-33.7721378" lon="-70.2066864">
<ele>2206</ele><time>2026-09-27T08:22:30.999Z</time><extensions><gpxtpx:TrackPointExtension><gpxtpx:hr>153</gpxtpx:hr><gpxtpx:cad>17</gpxtpx:cad></gpxtpx:TrackPointExtension></extensions></trkpt>
<trkpt lat="-33.7720878" lon="-70.2066937">
<ele>2207</ele><time>2026-09-27T08:22:43.999Z</time><extensions><gpxtpx:TrackPointExtension><gpxtpx:hr>156</gpxtpx:hr><gpxtpx:cad>17</gpxtpx:cad></gpxtpx:TrackPointExtension></extensions></trkpt>
<trkpt lat="-33.7720348" lon="-70.2066988">
<ele>2209</ele><time>2026-09-27T08:23:00.999Z</time><extensions><gpxtpx:TrackPointExtension><gpxtpx:hr>156</gpxtpx:hr><gpxtpx:cad>17</gpxtpx:cad></gpxtpx:TrackPointExtension></extensions></trkpt>
<trkpt lat="-33.7719953" lon="-70.2067251">
<ele>2211</ele><time>2026-09-27T08:23:08.999Z</time><extensions><gpxtpx:TrackPointExtension><gpxtpx:hr>157</gpxtpx:hr><gpxtpx:cad>17</gpxtpx:cad></gpxtpx:TrackPointExtension></extensions></trkpt>
<trkpt lat="-33.7719621" lon="-70.2066861">
<ele>2212</ele><time>2026-09-27T08:23:20.999Z</time><extensions><gpxtpx:TrackPointExtension><gpxtpx:hr>159</gpxtpx:hr><gpxtpx:cad>18</gpxtpx:cad></gpxtpx:TrackPointExtension></extensions></trkpt>
<trkpt lat="-33.7719231" lon="-70.2066587">
<ele>2214</ele><time>2026-09-27T08:25:35.999Z</time><extensions><gpxtpx:TrackPointExtension><gpxtpx:hr>122</gpxtpx:hr><gpxtpx:cad>20</gpxtpx:cad></gpxtpx:TrackPointExtension></extensions></trkpt>
<trkpt lat="-33.7718811" lon="-70.2066837">
<ele>2215</ele><time>2026-09-27T08:26:10.999Z</time><extensions><gpxtpx:TrackPointExtension><gpxtpx:hr>126</gpxtpx:hr><gpxtpx:cad>21</gpxtpx:cad></gpxtpx:TrackPointExtension></extensions></trkpt>
<trkpt lat="-33.7718345" lon="-70.2066550">
<ele>2217</ele><time>2026-09-27T08:26:18.999Z</time><extensions><gpxtpx:TrackPointExtension><gpxtpx:hr>131</gpxtpx:hr><gpxtpx:cad>21</gpxtpx:cad></gpxtpx:TrackPointExtension></extensions></trkpt>
<trkpt lat="-33.7717881" lon="-70.2066387">
<ele>2218</ele><time>2026-09-27T08:26:26.999Z</time><extensions><gpxtpx:TrackPointExtension><gpxtpx:hr>133</gpxtpx:hr><gpxtpx:cad>21</gpxtpx:cad></gpxtpx:TrackPointExtension></extensions></trkpt>
<trkpt lat="-33.7717375" lon="-70.2066402">
<ele>2220</ele><time>2026-09-27T08:26:36.999Z</time><extensions><gpxtpx:TrackPointExtension><gpxtpx:hr>142</gpxtpx:hr><gpxtpx:cad>21</gpxtpx:cad></gpxtpx:TrackPointExtension></extensions></trkpt>
<trkpt lat="-33.7716917" lon="-70.2066456">
<ele>2221</ele><time>2026-09-27T08:26:49.999Z</time><extensions><gpxtpx:TrackPointExtension><gpxtpx:hr>146</gpxtpx:hr><gpxtpx:cad>22</gpxtpx:cad></gpxtpx:TrackPointExtension></extensions></trkpt>
<trkpt lat="-33.7716519" lon="-70.2066073">
<ele>2223</ele><time>2026-09-27T08:27:01.999Z</time><extensions><gpxtpx:TrackPointExtension><gpxtpx:hr>149</gpxtpx:hr><gpxtpx:cad>22</gpxtpx:cad></gpxtpx:TrackPointExtension></extensions></trkpt>
<trkpt lat="-33.7716041" lon="-70.2065838">
<ele>2225</ele><time>2026-09-27T08:27:12.999Z</time><extensions><gpxtpx:TrackPointExtension><gpxtpx:hr>153</gpxtpx:hr><gpxtpx:cad>22</gpxtpx:cad></gpxtpx:TrackPointExtension></extensions></trkpt>
<trkpt lat="-33.7715577" lon="-70.2065856">
<ele>2227</ele><time>2026-09-27T08:27:27.999Z</time><extensions><gpxtpx:TrackPointExtension><gpxtpx:hr>156</gpxtpx:hr><gpxtpx:cad>31</gpxtpx:cad></gpxtpx:TrackPointExtension></extensions></trkpt>
<trkpt lat="-33.7715122" lon="-70.2065754">
<ele>2229</ele><time>2026-09-27T08:27:42.999Z</time><extensions><gpxtpx:TrackPointExtension><gpxtpx:hr>160</gpxtpx:hr><gpxtpx:cad>32</gpxtpx:cad></gpxtpx:TrackPointExtension></extensions></trkpt>
<trkpt lat="-33.7714692" lon="-70.2065976">
<ele>2231</ele><time>2026-09-27T08:27:57.999Z</time><extensions><gpxtpx:TrackPointExtension><gpxtpx:hr>162</gpxtpx:hr><gpxtpx:cad>32</gpxtpx:cad></gpxtpx:TrackPointExtension></extensions></trkpt>
<trkpt lat="-33.7714177" lon="-70.2066016">
<ele>2233</ele><time>2026-09-27T08:28:16.999Z</time><extensions><gpxtpx:TrackPointExtension><gpxtpx:hr>161</gpxtpx:hr><gpxtpx:cad>30</gpxtpx:cad></gpxtpx:TrackPointExtension></extensions></trkpt>
<trkpt lat="-33.7713682" lon="-70.2065997">
<ele>2235</ele><time>2026-09-27T08:28:30.999Z</time><extensions><gpxtpx:TrackPointExtension><gpxtpx:hr>160</gpxtpx:hr><gpxtpx:cad>30</gpxtpx:cad></gpxtpx:TrackPointExtension></extensions></trkpt>
<trkpt lat="-33.7713166" lon="-70.2066002">
<ele>2237</ele><time>2026-09-27T08:28:47.999Z</time><extensions><gpxtpx:TrackPointExtension><gpxtpx:hr>160</gpxtpx:hr><gpxtpx:cad>31</gpxtpx:cad></gpxtpx:TrackPointExtension></extensions></trkpt>
<trkpt lat="-33.7712728" lon="-70.2066230">
<ele>2239</ele><time>2026-09-27T08:29:01.999Z</time><extensions><gpxtpx:TrackPointExtension><gpxtpx:hr>161</gpxtpx:hr><gpxtpx:cad>32</gpxtpx:cad></gpxtpx:TrackPointExtension></extensions></trkpt>
<trkpt lat="-33.7712297" lon="-70.2066027">
<ele>2240</ele><time>2026-09-27T08:29:21.999Z</time><extensions><gpxtpx:TrackPointExtension><gpxtpx:hr>161</gpxtpx:hr><gpxtpx:cad>30</gpxtpx:cad></gpxtpx:TrackPointExtension></extensions></trkpt>
<trkpt lat="-33.7711848" lon="-70.2066107">
<ele>2242</ele><time>2026-09-27T08:29:36.999Z</time><extensions><gpxtpx:TrackPointExtension><gpxtpx:hr>162</gpxtpx:hr><gpxtpx:cad>29</gpxtpx:cad></gpxtpx:TrackPointExtension></extensions></trkpt>
<trkpt lat="-33.7711332" lon="-70.2066099">
<ele>2244</ele><time>2026-09-27T08:29:51.999Z</time><extensions><gpxtpx:TrackPointExtension><gpxtpx:hr>160</gpxtpx:hr><gpxtpx:cad>28</gpxtpx:cad></gpxtpx:TrackPointExtension></extensions></trkpt>
<trkpt lat="-33.7710861" lon="-70.2066209">
<ele>2245</ele><time>2026-09-27T08:30:10.999Z</time><extensions><gpxtpx:TrackPointExtension><gpxtpx:hr>161</gpxtpx:hr><gpxtpx:cad>28</gpxtpx:cad></gpxtpx:TrackPointExtension></extensions></trkpt>
<trkpt lat="-33.7710398" lon="-70.2066011">
<ele>2247</ele><time>2026-09-27T08:30:36.999Z</time><extensions><gpxtpx:TrackPointExtension><gpxtpx:hr>150</gpxtpx:hr><gpxtpx:cad>25</gpxtpx:cad></gpxtpx:TrackPointExtension></extensions></trkpt>
<trkpt lat="-33.7709948" lon="-70.2066026">
<ele>2249</ele><time>2026-09-27T08:30:54.999Z</time><extensions><gpxtpx:TrackPointExtension><gpxtpx:hr>151</gpxtpx:hr><gpxtpx:cad>25</gpxtpx:cad></gpxtpx:TrackPointExtension></extensions></trkpt>
<trkpt lat="-33.7709482" lon="-70.2065964">
<ele>2251</ele><time>2026-09-27T08:31:04.999Z</time><extensions><gpxtpx:TrackPointExtension><gpxtpx:hr>153</gpxtpx:hr><gpxtpx:cad>24</gpxtpx:cad></gpxtpx:TrackPointExtension></extensions></trkpt>
<trkpt lat="-33.7709065" lon="-70.2066182">
<ele>2252</ele><time>2026-09-27T08:31:23.998Z</time><extensions><gpxtpx:TrackPointExtension><gpxtpx:hr>154</gpxtpx:hr><gpxtpx:cad>23</gpxtpx:cad></gpxtpx:TrackPointExtension></extensions></trkpt>
<trkpt lat="-33.7708689" lon="-70.2065860">
<ele>2254</ele><time>2026-09-27T08:31:34.998Z</time><extensions><gpxtpx:TrackPointExtension><gpxtpx:hr>155</gpxtpx:hr><gpxtpx:cad>23</gpxtpx:cad></gpxtpx:TrackPointExtension></extensions></trkpt>
<trkpt lat="-33.7708243" lon="-70.2065785">
<ele>2256</ele><time>2026-09-27T08:31:43.998Z</time><extensions><gpxtpx:TrackPointExtension><gpxtpx:hr>154</gpxtpx:hr><gpxtpx:cad>24</gpxtpx:cad></gpxtpx:TrackPointExtension></extensions></trkpt>
<trkpt lat="-33.7707760" lon="-70.2065940">
<ele>2257</ele><time>2026-09-27T08:32:03.998Z</time><extensions><gpxtpx:TrackPointExtension><gpxtpx:hr>162</gpxtpx:hr><gpxtpx:cad>24</gpxtpx:cad></gpxtpx:TrackPointExtension></extensions></trkpt>
<trkpt lat="-33.7707315" lon="-70.2066062">
<ele>2259</ele><time>2026-09-27T08:32:17.998Z</time><extensions><gpxtpx:TrackPointExtension><gpxtpx:hr>164</gpxtpx:hr><gpxtpx:cad>23</gpxtpx:cad></gpxtpx:TrackPointExtension></extensions></trkpt>
<trkpt lat="-33.7706842" lon="-70.2065900">
<ele>2261</ele><time>2026-09-27T08:32:56.998Z</time><extensions><gpxtpx:TrackPointExtension><gpxtpx:hr>149</gpxtpx:hr><gpxtpx:cad>25</gpxtpx:cad></gpxtpx:TrackPointExtension></extensions></trkpt>
<trkpt lat="-33.7706365" lon="-70.2065909">
<ele>2262</ele><time>2026-09-27T08:33:06.999Z</time><extensions><gpxtpx:TrackPointExtension><gpxtpx:hr>145</gpxtpx:hr><gpxtpx:cad>25</gpxtpx:cad></gpxtpx:TrackPointExtension></extensions></trkpt>
<trkpt lat="-33.7705879" lon="-70.2065901">
<ele>2264</ele><time>2026-09-27T08:33:21.999Z</time><extensions><gpxtpx:TrackPointExtension><gpxtpx:hr>149</gpxtpx:hr><gpxtpx:cad>22</gpxtpx:cad></gpxtpx:TrackPointExtension></extensions></trkpt>
<trkpt lat="-33.7705418" lon="-70.2065774">
<ele>2266</ele><time>2026-09-27T08:33:40.999Z</time><extensions><gpxtpx:TrackPointExtension><gpxtpx:hr>152</gpxtpx:hr><gpxtpx:cad>20</gpxtpx:cad></gpxtpx:TrackPointExtension></extensions></trkpt>
<trkpt lat="-33.7704979" lon="-70.2065655">
<ele>2267</ele><time>2026-09-27T08:34:09.999Z</time><extensions><gpxtpx:TrackPointExtension><gpxtpx:hr>153</gpxtpx:hr><gpxtpx:cad>22</gpxtpx:cad></gpxtpx:TrackPointExtension></extensions></trkpt>
<trkpt lat="-33.7704489" lon="-70.2065455">
<ele>2269</ele><time>2026-09-27T08:34:21.000Z</time><extensions><gpxtpx:TrackPointExtension><gpxtpx:hr>149</gpxtpx:hr><gpxtpx:cad>22</gpxtpx:cad></gpxtpx:TrackPointExtension></extensions></trkpt>
<trkpt lat="-33.7704124" lon="-70.2065814">
<ele>2270</ele><time>2026-09-27T08:34:37.000Z</time><extensions><gpxtpx:TrackPointExtension><gpxtpx:hr>144</gpxtpx:hr><gpxtpx:cad>21</gpxtpx:cad></gpxtpx:TrackPointExtension></extensions></trkpt>
<trkpt lat="-33.7703652" lon="-70.2065776">
<ele>2272</ele><time>2026-09-27T08:34:53.000Z</time><extensions><gpxtpx:TrackPointExtension><gpxtpx:hr>149</gpxtpx:hr><gpxtpx:cad>15</gpxtpx:cad></gpxtpx:TrackPointExtension></extensions></trkpt>
<trkpt lat="-33.7703200" lon="-70.2065748">
<ele>2274</ele><time>2026-09-27T08:35:04.999Z</time><extensions><gpxtpx:TrackPointExtension><gpxtpx:hr>154</gpxtpx:hr><gpxtpx:cad>14</gpxtpx:cad></gpxtpx:TrackPointExtension></extensions></trkpt>
<trkpt lat="-33.7702747" lon="-70.2065774">
<ele>2276</ele><time>2026-09-27T08:35:15.999Z</time><extensions><gpxtpx:TrackPointExtension><gpxtpx:hr>158</gpxtpx:hr><gpxtpx:cad>15</gpxtpx:cad></gpxtpx:TrackPointExtension></extensions></trkpt>
<trkpt lat="-33.7702234" lon="-70.2065539">
<ele>2278</ele><time>2026-09-27T08:35:55.999Z</time><extensions><gpxtpx:TrackPointExtension><gpxtpx:hr>156</gpxtpx:hr><gpxtpx:cad>15</gpxtpx:cad></gpxtpx:TrackPointExtension></extensions></trkpt>
<trkpt lat="-33.7701810" lon="-70.2065864">
<ele>2280</ele><time>2026-09-27T08:36:11.999Z</time><extensions><gpxtpx:TrackPointExtension><gpxtpx:hr>147</gpxtpx:hr><gpxtpx:cad>15</gpxtpx:cad></gpxtpx:TrackPointExtension></extensions></trkpt>
<trkpt lat="-33.7701301" lon="-70.2065763">
<ele>2281</ele><time>2026-09-27T08:36:24.999Z</time><extensions><gpxtpx:TrackPointExtension><gpxtpx:hr>148</gpxtpx:hr><gpxtpx:cad>15</gpxtpx:cad></gpxtpx:TrackPointExtension></extensions></trkpt>
<trkpt lat="-33.7700809" lon="-70.2065678">
<ele>2283</ele><time>2026-09-27T08:36:46.999Z</time><extensions><gpxtpx:TrackPointExtension><gpxtpx:hr>153</gpxtpx:hr><gpxtpx:cad>14</gpxtpx:cad></gpxtpx:TrackPointExtension></extensions></trkpt>
<trkpt lat="-33.7700342" lon="-70.2065488">
<ele>2285</ele><time>2026-09-27T08:37:01.000Z</time><extensions><gpxtpx:TrackPointExtension><gpxtpx:hr>149</gpxtpx:hr><gpxtpx:cad>14</gpxtpx:cad></gpxtpx:TrackPointExtension></extensions></trkpt>
<trkpt lat="-33.7699915" lon="-70.2065132">
<ele>2287</ele><time>2026-09-27T08:39:57.000Z</time><extensions><gpxtpx:TrackPointExtension><gpxtpx:hr>113</gpxtpx:hr><gpxtpx:cad>14</gpxtpx:cad></gpxtpx:TrackPointExtension></extensions></trkpt>
<trkpt lat="-33.7699439" lon="-70.2065016">
<ele>2289</ele><time>2026-09-27T08:41:35.999Z</time><extensions><gpxtpx:TrackPointExtension><gpxtpx:hr>128</gpxtpx:hr><gpxtpx:cad>13</gpxtpx:cad></gpxtpx:TrackPointExtension></extensions></trkpt>
<trkpt lat="-33.7698951" lon="-70.2065069">
<ele>2291</ele><time>2026-09-27T08:41:51.000Z</time><extensions><gpxtpx:TrackPointExtension><gpxtpx:hr>134</gpxtpx:hr><gpxtpx:cad>13</gpxtpx:cad></gpxtpx:TrackPointExtension></extensions></trkpt>
<trkpt lat="-33.7698567" lon="-70.2064736">
<ele>2293</ele><time>2026-09-27T08:42:04.000Z</time><extensions><gpxtpx:TrackPointExtension><gpxtpx:hr>138</gpxtpx:hr><gpxtpx:cad>14</gpxtpx:cad></gpxtpx:TrackPointExtension></extensions></trkpt>
<trkpt lat="-33.7698106" lon="-70.2064560">
<ele>2295</ele><time>2026-09-27T08:42:22.000Z</time><extensions><gpxtpx:TrackPointExtension><gpxtpx:hr>144</gpxtpx:hr><gpxtpx:cad>14</gpxtpx:cad></gpxtpx:TrackPointExtension></extensions></trkpt>
<trkpt lat="-33.7697650" lon="-70.2064592">
<ele>2296</ele><time>2026-09-27T08:42:37.000Z</time><extensions><gpxtpx:TrackPointExtension><gpxtpx:hr>148</gpxtpx:hr><gpxtpx:cad>14</gpxtpx:cad></gpxtpx:TrackPointExtension></extensions></trkpt>
<trkpt lat="-33.7697378" lon="-70.2064158">
<ele>2298</ele><time>2026-09-27T08:42:55.000Z</time><extensions><gpxtpx:TrackPointExtension><gpxtpx:hr>150</gpxtpx:hr><gpxtpx:cad>14</gpxtpx:cad></gpxtpx:TrackPointExtension></extensions></trkpt>
<trkpt lat="-33.7696947" lon="-70.2063963">
<ele>2300</ele><time>2026-09-27T08:43:08.000Z</time><extensions><gpxtpx:TrackPointExtension><gpxtpx:hr>143</gpxtpx:hr><gpxtpx:cad>14</gpxtpx:cad></gpxtpx:TrackPointExtension></extensions></trkpt>
<trkpt lat="-33.7696501" lon="-70.2063877">
<ele>2302</ele><time>2026-09-27T08:43:34.000Z</time><extensions><gpxtpx:TrackPointExtension><gpxtpx:hr>144</gpxtpx:hr><gpxtpx:cad>18</gpxtpx:cad></gpxtpx:TrackPointExtension></extensions></trkpt>
<trkpt lat="-33.7696067" lon="-70.2063657">
<ele>2304</ele><time>2026-09-27T08:43:48.000Z</time><extensions><gpxtpx:TrackPointExtension><gpxtpx:hr>149</gpxtpx:hr><gpxtpx:cad>21</gpxtpx:cad></gpxtpx:TrackPointExtension></extensions></trkpt>
<trkpt lat="-33.7695585" lon="-70.2063497">
<ele>2306</ele><time>2026-09-27T08:44:10.000Z</time><extensions><gpxtpx:TrackPointExtension><gpxtpx:hr>151</gpxtpx:hr><gpxtpx:cad>19</gpxtpx:cad></gpxtpx:TrackPointExtension></extensions></trkpt>
<trkpt lat="-33.7695146" lon="-70.2063183">
<ele>2308</ele><time>2026-09-27T08:44:26.000Z</time><extensions><gpxtpx:TrackPointExtension><gpxtpx:hr>152</gpxtpx:hr><gpxtpx:cad>19</gpxtpx:cad></gpxtpx:TrackPointExtension></extensions></trkpt>
<trkpt lat="-33.7694674" lon="-70.2063061">
<ele>2310</ele><time>2026-09-27T08:44:43.000Z</time><extensions><gpxtpx:TrackPointExtension><gpxtpx:hr>153</gpxtpx:hr><gpxtpx:cad>20</gpxtpx:cad></gpxtpx:TrackPointExtension></extensions></trkpt>
<trkpt lat="-33.7694258" lon="-70.2062855">
<ele>2313</ele><time>2026-09-27T08:45:03.000Z</time><extensions><gpxtpx:TrackPointExtension><gpxtpx:hr>151</gpxtpx:hr><gpxtpx:cad>20</gpxtpx:cad></gpxtpx:TrackPointExtension></extensions></trkpt>
<trkpt lat="-33.7693784" lon="-70.2062645">
<ele>2315</ele><time>2026-09-27T08:45:41.000Z</time><extensions><gpxtpx:TrackPointExtension><gpxtpx:hr>139</gpxtpx:hr><gpxtpx:cad>21</gpxtpx:cad></gpxtpx:TrackPointExtension></extensions></trkpt>
<trkpt lat="-33.7693404" lon="-70.2062350">
<ele>2317</ele><time>2026-09-27T08:46:01.000Z</time><extensions><gpxtpx:TrackPointExtension><gpxtpx:hr>138</gpxtpx:hr><gpxtpx:cad>20</gpxtpx:cad></gpxtpx:TrackPointExtension></extensions></trkpt>
<trkpt lat="-33.7693000" lon="-70.2062103">
<ele>2319</ele><time>2026-09-27T08:46:21.000Z</time><extensions><gpxtpx:TrackPointExtension><gpxtpx:hr>144</gpxtpx:hr><gpxtpx:cad>21</gpxtpx:cad></gpxtpx:TrackPointExtension></extensions></trkpt>
<trkpt lat="-33.7692556" lon="-70.2062204">
<ele>2321</ele><time>2026-09-27T08:46:33.000Z</time><extensions><gpxtpx:TrackPointExtension><gpxtpx:hr>137</gpxtpx:hr><gpxtpx:cad>22</gpxtpx:cad></gpxtpx:TrackPointExtension></extensions></trkpt>
<trkpt lat="-33.7692185" lon="-70.2061833">
<ele>2323</ele><time>2026-09-27T08:46:52.000Z</time><extensions><gpxtpx:TrackPointExtension><gpxtpx:hr>145</gpxtpx:hr><gpxtpx:cad>24</gpxtpx:cad></gpxtpx:TrackPointExtension></extensions></trkpt>
<trkpt lat="-33.7691740" lon="-70.2061593">
<ele>2325</ele><time>2026-09-27T08:47:11.000Z</time><extensions><gpxtpx:TrackPointExtension><gpxtpx:hr>142</gpxtpx:hr><gpxtpx:cad>23</gpxtpx:cad></gpxtpx:TrackPointExtension></extensions></trkpt>
<trkpt lat="-33.7691359" lon="-70.2061265">
<ele>2327</ele><time>2026-09-27T08:47:29.000Z</time><extensions><gpxtpx:TrackPointExtension><gpxtpx:hr>143</gpxtpx:hr><gpxtpx:cad>23</gpxtpx:cad></gpxtpx:TrackPointExtension></extensions></trkpt>
<trkpt lat="-33.7690942" lon="-70.2061037">
<ele>2329</ele><time>2026-09-27T08:47:42.000Z</time><extensions><gpxtpx:TrackPointExtension><gpxtpx:hr>140</gpxtpx:hr><gpxtpx:cad>23</gpxtpx:cad></gpxtpx:TrackPointExtension></extensions></trkpt>
<trkpt lat="-33.7690496" lon="-70.2060878">
<ele>2331</ele><time>2026-09-27T08:48:07.998Z</time><extensions><gpxtpx:TrackPointExtension><gpxtpx:hr>148</gpxtpx:hr><gpxtpx:cad>25</gpxtpx:cad></gpxtpx:TrackPointExtension></extensions></trkpt>
<trkpt lat="-33.7690073" lon="-70.2060624">
<ele>2333</ele><time>2026-09-27T08:48:43.998Z</time><extensions><gpxtpx:TrackPointExtension><gpxtpx:hr>128</gpxtpx:hr><gpxtpx:cad>25</gpxtpx:cad></gpxtpx:TrackPointExtension></extensions></trkpt>
<trkpt lat="-33.7689578" lon="-70.2060535">
<ele>2335</ele><time>2026-09-27T08:48:57.998Z</time><extensions><gpxtpx:TrackPointExtension><gpxtpx:hr>134</gpxtpx:hr><gpxtpx:cad>27</gpxtpx:cad></gpxtpx:TrackPointExtension></extensions></trkpt>
<trkpt lat="-33.7689122" lon="-70.2060555">
<ele>2337</ele><time>2026-09-27T08:49:09.998Z</time><extensions><gpxtpx:TrackPointExtension><gpxtpx:hr>137</gpxtpx:hr><gpxtpx:cad>27</gpxtpx:cad></gpxtpx:TrackPointExtension></extensions></trkpt>
<trkpt lat="-33.7688767" lon="-70.2060182">
<ele>2339</ele><time>2026-09-27T08:49:22.998Z</time><extensions><gpxtpx:TrackPointExtension><gpxtpx:hr>144</gpxtpx:hr><gpxtpx:cad>29</gpxtpx:cad></gpxtpx:TrackPointExtension></extensions></trkpt>
<trkpt lat="-33.7688315" lon="-70.2060008">
<ele>2341</ele><time>2026-09-27T08:50:01.999Z</time><extensions><gpxtpx:TrackPointExtension><gpxtpx:hr>138</gpxtpx:hr><gpxtpx:cad>28</gpxtpx:cad></gpxtpx:TrackPointExtension></extensions></trkpt>
<trkpt lat="-33.7687859" lon="-70.2059808">
<ele>2343</ele><time>2026-09-27T08:50:13.000Z</time><extensions><gpxtpx:TrackPointExtension><gpxtpx:hr>141</gpxtpx:hr><gpxtpx:cad>29</gpxtpx:cad></gpxtpx:TrackPointExtension></extensions></trkpt>
<trkpt lat="-33.7687430" lon="-70.2059604">
<ele>2345</ele><time>2026-09-27T08:50:27.000Z</time><extensions><gpxtpx:TrackPointExtension><gpxtpx:hr>140</gpxtpx:hr><gpxtpx:cad>28</gpxtpx:cad></gpxtpx:TrackPointExtension></extensions></trkpt>
<trkpt lat="-33.7687019" lon="-70.2059359">
<ele>2347</ele><time>2026-09-27T08:50:41.000Z</time><extensions><gpxtpx:TrackPointExtension><gpxtpx:hr>140</gpxtpx:hr><gpxtpx:cad>22</gpxtpx:cad></gpxtpx:TrackPointExtension></extensions></trkpt>
<trkpt lat="-33.7686569" lon="-70.2059238">
<ele>2349</ele><time>2026-09-27T08:50:59.000Z</time><extensions><gpxtpx:TrackPointExtension><gpxtpx:hr>145</gpxtpx:hr><gpxtpx:cad>23</gpxtpx:cad></gpxtpx:TrackPointExtension></extensions></trkpt>
<trkpt lat="-33.7686116" lon="-70.2059186">
<ele>2351</ele><time>2026-09-27T08:51:14.000Z</time><extensions><gpxtpx:TrackPointExtension><gpxtpx:hr>142</gpxtpx:hr><gpxtpx:cad>22</gpxtpx:cad></gpxtpx:TrackPointExtension></extensions></trkpt>
<trkpt lat="-33.7685676" lon="-70.2058926">
<ele>2353</ele><time>2026-09-27T08:51:53.000Z</time><extensions><gpxtpx:TrackPointExtension><gpxtpx:hr>141</gpxtpx:hr><gpxtpx:cad>22</gpxtpx:cad></gpxtpx:TrackPointExtension></extensions></trkpt>
<trkpt lat="-33.7685226" lon="-70.2058733">
<ele>2355</ele><time>2026-09-27T08:52:02.000Z</time><extensions><gpxtpx:TrackPointExtension><gpxtpx:hr>144</gpxtpx:hr><gpxtpx:cad>21</gpxtpx:cad></gpxtpx:TrackPointExtension></extensions></trkpt>
<trkpt lat="-33.7684812" lon="-70.2058479">
<ele>2358</ele><time>2026-09-27T08:52:17.000Z</time><extensions><gpxtpx:TrackPointExtension><gpxtpx:hr>142</gpxtpx:hr><gpxtpx:cad>23</gpxtpx:cad></gpxtpx:TrackPointExtension></extensions></trkpt>
<trkpt lat="-33.7684381" lon="-70.2058238">
<ele>2360</ele><time>2026-09-27T08:52:30.000Z</time><extensions><gpxtpx:TrackPointExtension><gpxtpx:hr>147</gpxtpx:hr><gpxtpx:cad>23</gpxtpx:cad></gpxtpx:TrackPointExtension></extensions></trkpt>
<trkpt lat="-33.7683927" lon="-70.2058070">
<ele>2362</ele><time>2026-09-27T08:53:08.000Z</time><extensions><gpxtpx:TrackPointExtension><gpxtpx:hr>151</gpxtpx:hr><gpxtpx:cad>23</gpxtpx:cad></gpxtpx:TrackPointExtension></extensions></trkpt>
<trkpt lat="-33.7683481" lon="-70.2057794">
<ele>2365</ele><time>2026-09-27T08:55:34.000Z</time><extensions><gpxtpx:TrackPointExtension><gpxtpx:hr>122</gpxtpx:hr><gpxtpx:cad>23</gpxtpx:cad></gpxtpx:TrackPointExtension></extensions></trkpt>
<trkpt lat="-33.7682999" lon="-70.2057687">
<ele>2367</ele><time>2026-09-27T08:55:45.000Z</time><extensions><gpxtpx:TrackPointExtension><gpxtpx:hr>136</gpxtpx:hr><gpxtpx:cad>23</gpxtpx:cad></gpxtpx:TrackPointExtension></extensions></trkpt>
<trkpt lat="-33.7682604" lon="-70.2057297">
<ele>2369</ele><time>2026-09-27T08:55:59.000Z</time><extensions><gpxtpx:TrackPointExtension><gpxtpx:hr>139</gpxtpx:hr><gpxtpx:cad>21</gpxtpx:cad></gpxtpx:TrackPointExtension></extensions></trkpt>
<trkpt lat="-33.7682199" lon="-70.2057009">
<ele>2371</ele><time>2026-09-27T08:56:16.000Z</time><extensions><gpxtpx:TrackPointExtension><gpxtpx:hr>143</gpxtpx:hr><gpxtpx:cad>22</gpxtpx:cad></gpxtpx:TrackPointExtension></extensions></trkpt>
<trkpt lat="-33.7681757" lon="-70.2056894">
<ele>2373</ele><time>2026-09-27T08:56:27.000Z</time><extensions><gpxtpx:TrackPointExtension><gpxtpx:hr>147</gpxtpx:hr><gpxtpx:cad>22</gpxtpx:cad></gpxtpx:TrackPointExtension></extensions></trkpt>
<trkpt lat="-33.7681283" lon="-70.2056749">
<ele>2376</ele><time>2026-09-27T08:56:48.000Z</time><extensions><gpxtpx:TrackPointExtension><gpxtpx:hr>152</gpxtpx:hr><gpxtpx:cad>22</gpxtpx:cad></gpxtpx:TrackPointExtension></extensions></trkpt>
<trkpt lat="-33.7680923" lon="-70.2056424">
<ele>2378</ele><time>2026-09-27T08:57:03.000Z</time><extensions><gpxtpx:TrackPointExtension><gpxtpx:hr>150</gpxtpx:hr><gpxtpx:cad>22</gpxtpx:cad></gpxtpx:TrackPointExtension></extensions></trkpt>
<trkpt lat="-33.7680500" lon="-70.2056140">
<ele>2381</ele><time>2026-09-27T08:57:19.000Z</time><extensions><gpxtpx:TrackPointExtension><gpxtpx:hr>148</gpxtpx:hr><gpxtpx:cad>23</gpxtpx:cad></gpxtpx:TrackPointExtension></extensions></trkpt>
<trkpt lat="-33.7680025" lon="-70.2056046">
<ele>2383</ele><time>2026-09-27T08:57:37.000Z</time><extensions><gpxtpx:TrackPointExtension><gpxtpx:hr>150</gpxtpx:hr><gpxtpx:cad>30</gpxtpx:cad></gpxtpx:TrackPointExtension></extensions></trkpt>
<trkpt lat="-33.7679659" lon="-70.2055642">
<ele>2386</ele><time>2026-09-27T08:57:52.000Z</time><extensions><gpxtpx:TrackPointExtension><gpxtpx:hr>152</gpxtpx:hr><gpxtpx:cad>28</gpxtpx:cad></gpxtpx:TrackPointExtension></extensions></trkpt>
<trkpt lat="-33.7679234" lon="-70.2055460">
<ele>2388</ele><time>2026-09-27T08:58:52.000Z</time><extensions><gpxtpx:TrackPointExtension><gpxtpx:hr>127</gpxtpx:hr><gpxtpx:cad>29</gpxtpx:cad></gpxtpx:TrackPointExtension></extensions></trkpt>
<trkpt lat="-33.7678777" lon="-70.2055399">
<ele>2390</ele><time>2026-09-27T08:59:05.000Z</time><extensions><gpxtpx:TrackPointExtension><gpxtpx:hr>128</gpxtpx:hr><gpxtpx:cad>28</gpxtpx:cad></gpxtpx:TrackPointExtension></extensions></trkpt>
<trkpt lat="-33.7678327" lon="-70.2055256">
<ele>2393</ele><time>2026-09-27T08:59:24.000Z</time><extensions><gpxtpx:TrackPointExtension><gpxtpx:hr>133</gpxtpx:hr><gpxtpx:cad>28</gpxtpx:cad></gpxtpx:TrackPointExtension></extensions></trkpt>
<trkpt lat="-33.7677859" lon="-70.2055103">
<ele>2395</ele><time>2026-09-27T08:59:40.000Z</time><extensions><gpxtpx:TrackPointExtension><gpxtpx:hr>139</gpxtpx:hr><gpxtpx:cad>27</gpxtpx:cad></gpxtpx:TrackPointExtension></extensions></trkpt>
<trkpt lat="-33.7677505" lon="-70.2054723">
<ele>2398</ele><time>2026-09-27T08:59:54.000Z</time><extensions><gpxtpx:TrackPointExtension><gpxtpx:hr>148</gpxtpx:hr><gpxtpx:cad>25</gpxtpx:cad></gpxtpx:TrackPointExtension></extensions></trkpt>
<trkpt lat="-33.7677077" lon="-70.2054515">
<ele>2401</ele><time>2026-09-27T09:00:09.000Z</time><extensions><gpxtpx:TrackPointExtension><gpxtpx:hr>151</gpxtpx:hr><gpxtpx:cad>22</gpxtpx:cad></gpxtpx:TrackPointExtension></extensions></trkpt>
<trkpt lat="-33.7676637" lon="-70.2054364">
<ele>2403</ele><time>2026-09-27T09:00:30.000Z</time><extensions><gpxtpx:TrackPointExtension><gpxtpx:hr>153</gpxtpx:hr><gpxtpx:cad>22</gpxtpx:cad></gpxtpx:TrackPointExtension></extensions></trkpt>
<trkpt lat="-33.7676164" lon="-70.2054341">
<ele>2406</ele><time>2026-09-27T09:00:56.000Z</time><extensions><gpxtpx:TrackPointExtension><gpxtpx:hr>150</gpxtpx:hr><gpxtpx:cad>21</gpxtpx:cad></gpxtpx:TrackPointExtension></extensions></trkpt>
<trkpt lat="-33.7675735" lon="-70.2054066">
<ele>2409</ele><time>2026-09-27T09:01:13.000Z</time><extensions><gpxtpx:TrackPointExtension><gpxtpx:hr>147</gpxtpx:hr><gpxtpx:cad>23</gpxtpx:cad></gpxtpx:TrackPointExtension></extensions></trkpt>
<trkpt lat="-33.7675292" lon="-70.2053931">
<ele>2412</ele><time>2026-09-27T09:01:29.000Z</time><extensions><gpxtpx:TrackPointExtension><gpxtpx:hr>146</gpxtpx:hr><gpxtpx:cad>23</gpxtpx:cad></gpxtpx:TrackPointExtension></extensions></trkpt>
<trkpt lat="-33.7674903" lon="-70.2053644">
<ele>2414</ele><time>2026-09-27T09:01:47.000Z</time><extensions><gpxtpx:TrackPointExtension><gpxtpx:hr>149</gpxtpx:hr><gpxtpx:cad>22</gpxtpx:cad></gpxtpx:TrackPointExtension></extensions></trkpt>
<trkpt lat="-33.7674445" lon="-70.2053461">
<ele>2417</ele><time>2026-09-27T09:02:06.000Z</time><extensions><gpxtpx:TrackPointExtension><gpxtpx:hr>150</gpxtpx:hr><gpxtpx:cad>22</gpxtpx:cad></gpxtpx:TrackPointExtension></extensions></trkpt>
<trkpt lat="-33.7673970" lon="-70.2053357">
<ele>2419</ele><time>2026-09-27T09:02:40.000Z</time><extensions><gpxtpx:TrackPointExtension><gpxtpx:hr>145</gpxtpx:hr><gpxtpx:cad>21</gpxtpx:cad></gpxtpx:TrackPointExtension></extensions></trkpt>
<trkpt lat="-33.7673528" lon="-70.2053238">
<ele>2422</ele><time>2026-09-27T09:03:35.000Z</time><extensions><gpxtpx:TrackPointExtension><gpxtpx:hr>127</gpxtpx:hr><gpxtpx:cad>21</gpxtpx:cad></gpxtpx:TrackPointExtension></extensions></trkpt>
<trkpt lat="-33.7673055" lon="-70.2053007">
<ele>2424</ele><time>2026-09-27T09:03:55.000Z</time><extensions><gpxtpx:TrackPointExtension><gpxtpx:hr>137</gpxtpx:hr><gpxtpx:cad>21</gpxtpx:cad></gpxtpx:TrackPointExtension></extensions></trkpt>
<trkpt lat="-33.7672598" lon="-70.2052782">
<ele>2427</ele><time>2026-09-27T09:04:27.000Z</time><extensions><gpxtpx:TrackPointExtension><gpxtpx:hr>136</gpxtpx:hr><gpxtpx:cad>22</gpxtpx:cad></gpxtpx:TrackPointExtension></extensions></trkpt>
<trkpt lat="-33.7672158" lon="-70.2052619">
<ele>2430</ele><time>2026-09-27T09:04:48.000Z</time><extensions><gpxtpx:TrackPointExtension><gpxtpx:hr>138</gpxtpx:hr><gpxtpx:cad>21</gpxtpx:cad></gpxtpx:TrackPointExtension></extensions></trkpt>
<trkpt lat="-33.7671740" lon="-70.2052390">
<ele>2433</ele><time>2026-09-27T09:05:03.000Z</time><extensions><gpxtpx:TrackPointExtension><gpxtpx:hr>142</gpxtpx:hr><gpxtpx:cad>21</gpxtpx:cad></gpxtpx:TrackPointExtension></extensions></trkpt>
<trkpt lat="-33.7671288" lon="-70.2052285">
<ele>2435</ele><time>2026-09-27T09:05:31.000Z</time><extensions><gpxtpx:TrackPointExtension><gpxtpx:hr>145</gpxtpx:hr><gpxtpx:cad>22</gpxtpx:cad></gpxtpx:TrackPointExtension></extensions></trkpt>
<trkpt lat="-33.7670835" lon="-70.2052253">
<ele>2438</ele><time>2026-09-27T09:05:50.000Z</time><extensions><gpxtpx:TrackPointExtension><gpxtpx:hr>143</gpxtpx:hr><gpxtpx:cad>22</gpxtpx:cad></gpxtpx:TrackPointExtension></extensions></trkpt>
<trkpt lat="-33.7670334" lon="-70.2052318">
<ele>2441</ele><time>2026-09-27T09:06:11.000Z</time><extensions><gpxtpx:TrackPointExtension><gpxtpx:hr>145</gpxtpx:hr><gpxtpx:cad>23</gpxtpx:cad></gpxtpx:TrackPointExtension></extensions></trkpt>
<trkpt lat="-33.7669878" lon="-70.2052121">
<ele>2443</ele><time>2026-09-27T09:06:27.000Z</time><extensions><gpxtpx:TrackPointExtension><gpxtpx:hr>149</gpxtpx:hr><gpxtpx:cad>25</gpxtpx:cad></gpxtpx:TrackPointExtension></extensions></trkpt>
<trkpt lat="-33.7669405" lon="-70.2051985">
<ele>2446</ele><time>2026-09-27T09:06:48.000Z</time><extensions><gpxtpx:TrackPointExtension><gpxtpx:hr>148</gpxtpx:hr><gpxtpx:cad>23</gpxtpx:cad></gpxtpx:TrackPointExtension></extensions></trkpt>
<trkpt lat="-33.7668975" lon="-70.2051777">
<ele>2449</ele><time>2026-09-27T09:07:13.000Z</time><extensions><gpxtpx:TrackPointExtension><gpxtpx:hr>150</gpxtpx:hr><gpxtpx:cad>25</gpxtpx:cad></gpxtpx:TrackPointExtension></extensions></trkpt>
<trkpt lat="-33.7668518" lon="-70.2051836">
<ele>2452</ele><time>2026-09-27T09:07:32.000Z</time><extensions><gpxtpx:TrackPointExtension><gpxtpx:hr>148</gpxtpx:hr><gpxtpx:cad>23</gpxtpx:cad></gpxtpx:TrackPointExtension></extensions></trkpt>
<trkpt lat="-33.7668009" lon="-70.2051712">
<ele>2455</ele><time>2026-09-27T09:07:52.000Z</time><extensions><gpxtpx:TrackPointExtension><gpxtpx:hr>147</gpxtpx:hr><gpxtpx:cad>23</gpxtpx:cad></gpxtpx:TrackPointExtension></extensions></trkpt>
<trkpt lat="-33.7667578" lon="-70.2051541">
<ele>2458</ele><time>2026-09-27T09:08:17.000Z</time><extensions><gpxtpx:TrackPointExtension><gpxtpx:hr>148</gpxtpx:hr><gpxtpx:cad>24</gpxtpx:cad></gpxtpx:TrackPointExtension></extensions></trkpt>
<trkpt lat="-33.7667106" lon="-70.2051472">
<ele>2461</ele><time>2026-09-27T09:08:50.999Z</time><extensions><gpxtpx:TrackPointExtension><gpxtpx:hr>135</gpxtpx:hr><gpxtpx:cad>24</gpxtpx:cad></gpxtpx:TrackPointExtension></extensions></trkpt>
<trkpt lat="-33.7666651" lon="-70.2051514">
<ele>2464</ele><time>2026-09-27T09:09:24.999Z</time><extensions><gpxtpx:TrackPointExtension><gpxtpx:hr>133</gpxtpx:hr><gpxtpx:cad>23</gpxtpx:cad></gpxtpx:TrackPointExtension></extensions></trkpt>
<trkpt lat="-33.7666166" lon="-70.2051478">
<ele>2467</ele><time>2026-09-27T09:09:39.999Z</time><extensions><gpxtpx:TrackPointExtension><gpxtpx:hr>138</gpxtpx:hr><gpxtpx:cad>22</gpxtpx:cad></gpxtpx:TrackPointExtension></extensions></trkpt>
<trkpt lat="-33.7665675" lon="-70.2051396">
<ele>2470</ele><time>2026-09-27T09:10:32.999Z</time><extensions><gpxtpx:TrackPointExtension><gpxtpx:hr>131</gpxtpx:hr><gpxtpx:cad>17</gpxtpx:cad></gpxtpx:TrackPointExtension></extensions></trkpt>
<trkpt lat="-33.7665235" lon="-70.2051244">
<ele>2473</ele><time>2026-09-27T09:10:52.999Z</time><extensions><gpxtpx:TrackPointExtension><gpxtpx:hr>142</gpxtpx:hr><gpxtpx:cad>17</gpxtpx:cad></gpxtpx:TrackPointExtension></extensions></trkpt>
<trkpt lat="-33.7664791" lon="-70.2051070">
<ele>2476</ele><time>2026-09-27T09:11:36.999Z</time><extensions><gpxtpx:TrackPointExtension><gpxtpx:hr>131</gpxtpx:hr><gpxtpx:cad>18</gpxtpx:cad></gpxtpx:TrackPointExtension></extensions></trkpt>
<trkpt lat="-33.7664311" lon="-70.2051115">
<ele>2480</ele><time>2026-09-27T09:11:51.999Z</time><extensions><gpxtpx:TrackPointExtension><gpxtpx:hr>134</gpxtpx:hr><gpxtpx:cad>17</gpxtpx:cad></gpxtpx:TrackPointExtension></extensions></trkpt>
<trkpt lat="-33.7663855" lon="-70.2051096">
<ele>2483</ele><time>2026-09-27T09:12:17.999Z</time><extensions><gpxtpx:TrackPointExtension><gpxtpx:hr>143</gpxtpx:hr><gpxtpx:cad>17</gpxtpx:cad></gpxtpx:TrackPointExtension></extensions></trkpt>
<trkpt lat="-33.7663375" lon="-70.2051148">
<ele>2486</ele><time>2026-09-27T09:12:32.999Z</time><extensions><gpxtpx:TrackPointExtension><gpxtpx:hr>147</gpxtpx:hr><gpxtpx:cad>17</gpxtpx:cad></gpxtpx:TrackPointExtension></extensions></trkpt>
<trkpt lat="-33.7663004" lon="-70.2050767">
<ele>2488</ele><time>2026-09-27T09:13:09.999Z</time><extensions><gpxtpx:TrackPointExtension><gpxtpx:hr>141</gpxtpx:hr><gpxtpx:cad>17</gpxtpx:cad></gpxtpx:TrackPointExtension></extensions></trkpt>
<trkpt lat="-33.7662641" lon="-70.2050318">
<ele>2490</ele><time>2026-09-27T09:13:41.999Z</time><extensions><gpxtpx:TrackPointExtension><gpxtpx:hr>134</gpxtpx:hr><gpxtpx:cad>17</gpxtpx:cad></gpxtpx:TrackPointExtension></extensions></trkpt>
<trkpt lat="-33.7662277" lon="-70.2049875">
<ele>2492</ele><time>2026-09-27T09:18:42.999Z</time><extensions><gpxtpx:TrackPointExtension><gpxtpx:hr>114</gpxtpx:hr><gpxtpx:cad>18</gpxtpx:cad></gpxtpx:TrackPointExtension></extensions></trkpt>
<trkpt lat="-33.7661829" lon="-70.2049685">
<ele>2494</ele><time>2026-09-27T09:18:59.999Z</time><extensions><gpxtpx:TrackPointExtension><gpxtpx:hr>127</gpxtpx:hr><gpxtpx:cad>17</gpxtpx:cad></gpxtpx:TrackPointExtension></extensions></trkpt>
<trkpt lat="-33.7661434" lon="-70.2049382">
<ele>2496</ele><time>2026-09-27T09:19:12.999Z</time><extensions><gpxtpx:TrackPointExtension><gpxtpx:hr>131</gpxtpx:hr><gpxtpx:cad>18</gpxtpx:cad></gpxtpx:TrackPointExtension></extensions></trkpt>
<trkpt lat="-33.7661142" lon="-70.2048909">
<ele>2498</ele><time>2026-09-27T09:19:26.999Z</time><extensions><gpxtpx:TrackPointExtension><gpxtpx:hr>134</gpxtpx:hr><gpxtpx:cad>17</gpxtpx:cad></gpxtpx:TrackPointExtension></extensions></trkpt>
<trkpt lat="-33.7660843" lon="-70.2048491">
<ele>2500</ele><time>2026-09-27T09:19:39.999Z</time><extensions><gpxtpx:TrackPointExtension><gpxtpx:hr>140</gpxtpx:hr><gpxtpx:cad>17</gpxtpx:cad></gpxtpx:TrackPointExtension></extensions></trkpt>
<trkpt lat="-33.7660393" lon="-70.2048323">
<ele>2502</ele><time>2026-09-27T09:19:54.999Z</time><extensions><gpxtpx:TrackPointExtension><gpxtpx:hr>149</gpxtpx:hr><gpxtpx:cad>17</gpxtpx:cad></gpxtpx:TrackPointExtension></extensions></trkpt>
<trkpt lat="-33.7659887" lon="-70.2048154">
<ele>2504</ele><time>2026-09-27T09:20:13.999Z</time><extensions><gpxtpx:TrackPointExtension><gpxtpx:hr>154</gpxtpx:hr><gpxtpx:cad>17</gpxtpx:cad></gpxtpx:TrackPointExtension></extensions></trkpt>
<trkpt lat="-33.7659406" lon="-70.2047926">
<ele>2507</ele><time>2026-09-27T09:20:29.999Z</time><extensions><gpxtpx:TrackPointExtension><gpxtpx:hr>154</gpxtpx:hr><gpxtpx:cad>18</gpxtpx:cad></gpxtpx:TrackPointExtension></extensions></trkpt>
<trkpt lat="-33.7658977" lon="-70.2047628">
<ele>2509</ele><time>2026-09-27T09:20:47.999Z</time><extensions><gpxtpx:TrackPointExtension><gpxtpx:hr>154</gpxtpx:hr><gpxtpx:cad>27</gpxtpx:cad></gpxtpx:TrackPointExtension></extensions></trkpt>
<trkpt lat="-33.7658576" lon="-70.2047267">
<ele>2512</ele><time>2026-09-27T09:21:10.999Z</time><extensions><gpxtpx:TrackPointExtension><gpxtpx:hr>147</gpxtpx:hr><gpxtpx:cad>27</gpxtpx:cad></gpxtpx:TrackPointExtension></extensions></trkpt>
<trkpt lat="-33.7658165" lon="-70.2047016">
<ele>2514</ele><time>2026-09-27T09:21:39.999Z</time><extensions><gpxtpx:TrackPointExtension><gpxtpx:hr>147</gpxtpx:hr><gpxtpx:cad>27</gpxtpx:cad></gpxtpx:TrackPointExtension></extensions></trkpt>
<trkpt lat="-33.7657758" lon="-70.2046787">
<ele>2516</ele><time>2026-09-27T09:21:53.999Z</time><extensions><gpxtpx:TrackPointExtension><gpxtpx:hr>139</gpxtpx:hr><gpxtpx:cad>26</gpxtpx:cad></gpxtpx:TrackPointExtension></extensions></trkpt>
<trkpt lat="-33.7657297" lon="-70.2046682">
<ele>2518</ele><time>2026-09-27T09:22:08.999Z</time><extensions><gpxtpx:TrackPointExtension><gpxtpx:hr>142</gpxtpx:hr><gpxtpx:cad>27</gpxtpx:cad></gpxtpx:TrackPointExtension></extensions></trkpt>
<trkpt lat="-33.7656905" lon="-70.2046373">
<ele>2520</ele><time>2026-09-27T09:22:31.999Z</time><extensions><gpxtpx:TrackPointExtension><gpxtpx:hr>143</gpxtpx:hr><gpxtpx:cad>26</gpxtpx:cad></gpxtpx:TrackPointExtension></extensions></trkpt>
<trkpt lat="-33.7656426" lon="-70.2046140">
<ele>2522</ele><time>2026-09-27T09:22:42.999Z</time><extensions><gpxtpx:TrackPointExtension><gpxtpx:hr>143</gpxtpx:hr><gpxtpx:cad>27</gpxtpx:cad></gpxtpx:TrackPointExtension></extensions></trkpt>
<trkpt lat="-33.7656016" lon="-70.2045872">
<ele>2523</ele><time>2026-09-27T09:22:54.999Z</time><extensions><gpxtpx:TrackPointExtension><gpxtpx:hr>144</gpxtpx:hr><gpxtpx:cad>25</gpxtpx:cad></gpxtpx:TrackPointExtension></extensions></trkpt>
<trkpt lat="-33.7655580" lon="-70.2045725">
<ele>2525</ele><time>2026-09-27T09:23:05.999Z</time><extensions><gpxtpx:TrackPointExtension><gpxtpx:hr>149</gpxtpx:hr><gpxtpx:cad>24</gpxtpx:cad></gpxtpx:TrackPointExtension></extensions></trkpt>
<trkpt lat="-33.7655155" lon="-70.2045428">
<ele>2526</ele><time>2026-09-27T09:23:16.999Z</time><extensions><gpxtpx:TrackPointExtension><gpxtpx:hr>152</gpxtpx:hr><gpxtpx:cad>25</gpxtpx:cad></gpxtpx:TrackPointExtension></extensions></trkpt>
<trkpt lat="-33.7654723" lon="-70.2045140">
<ele>2528</ele><time>2026-09-27T09:23:36.999Z</time><extensions><gpxtpx:TrackPointExtension><gpxtpx:hr>153</gpxtpx:hr><gpxtpx:cad>25</gpxtpx:cad></gpxtpx:TrackPointExtension></extensions></trkpt>
<trkpt lat="-33.7654266" lon="-70.2044863">
<ele>2529</ele><time>2026-09-27T09:23:49.999Z</time><extensions><gpxtpx:TrackPointExtension><gpxtpx:hr>148</gpxtpx:hr><gpxtpx:cad>24</gpxtpx:cad></gpxtpx:TrackPointExtension></extensions></trkpt>
<trkpt lat="-33.7653785" lon="-70.2044752">
<ele>2531</ele><time>2026-09-27T09:24:00.999Z</time><extensions><gpxtpx:TrackPointExtension><gpxtpx:hr>153</gpxtpx:hr><gpxtpx:cad>23</gpxtpx:cad></gpxtpx:TrackPointExtension></extensions></trkpt>
<trkpt lat="-33.7653394" lon="-70.2044413">
<ele>2533</ele><time>2026-09-27T09:24:11.999Z</time><extensions><gpxtpx:TrackPointExtension><gpxtpx:hr>155</gpxtpx:hr><gpxtpx:cad>23</gpxtpx:cad></gpxtpx:TrackPointExtension></extensions></trkpt>
<trkpt lat="-33.7652906" lon="-70.2044334">
<ele>2535</ele><time>2026-09-27T09:24:20.999Z</time><extensions><gpxtpx:TrackPointExtension><gpxtpx:hr>156</gpxtpx:hr><gpxtpx:cad>22</gpxtpx:cad></gpxtpx:TrackPointExtension></extensions></trkpt>
<trkpt lat="-33.7652531" lon="-70.2044006">
<ele>2537</ele><time>2026-09-27T09:24:47.999Z</time><extensions><gpxtpx:TrackPointExtension><gpxtpx:hr>156</gpxtpx:hr><gpxtpx:cad>21</gpxtpx:cad></gpxtpx:TrackPointExtension></extensions></trkpt>
<trkpt lat="-33.7652099" lon="-70.2043803">
<ele>2539</ele><time>2026-09-27T09:25:07.999Z</time><extensions><gpxtpx:TrackPointExtension><gpxtpx:hr>151</gpxtpx:hr><gpxtpx:cad>23</gpxtpx:cad></gpxtpx:TrackPointExtension></extensions></trkpt>
<trkpt lat="-33.7651613" lon="-70.2043689">
<ele>2541</ele><time>2026-09-27T09:25:29.999Z</time><extensions><gpxtpx:TrackPointExtension><gpxtpx:hr>153</gpxtpx:hr><gpxtpx:cad>23</gpxtpx:cad></gpxtpx:TrackPointExtension></extensions></trkpt>
<trkpt lat="-33.7651187" lon="-70.2043432">
<ele>2544</ele><time>2026-09-27T09:25:44.999Z</time><extensions><gpxtpx:TrackPointExtension><gpxtpx:hr>150</gpxtpx:hr><gpxtpx:cad>23</gpxtpx:cad></gpxtpx:TrackPointExtension></extensions></trkpt>
<trkpt lat="-33.7650738" lon="-70.2043264">
<ele>2546</ele><time>2026-09-27T09:26:21.999Z</time><extensions><gpxtpx:TrackPointExtension><gpxtpx:hr>150</gpxtpx:hr><gpxtpx:cad>24</gpxtpx:cad></gpxtpx:TrackPointExtension></extensions></trkpt>
<trkpt lat="-33.7650361" lon="-70.2042951">
<ele>2548</ele><time>2026-09-27T09:26:33.999Z</time><extensions><gpxtpx:TrackPointExtension><gpxtpx:hr>138</gpxtpx:hr><gpxtpx:cad>24</gpxtpx:cad></gpxtpx:TrackPointExtension></extensions></trkpt>
<trkpt lat="-33.7649894" lon="-70.2042661">
<ele>2549</ele><time>2026-09-27T09:26:48.999Z</time><extensions><gpxtpx:TrackPointExtension><gpxtpx:hr>143</gpxtpx:hr><gpxtpx:cad>25</gpxtpx:cad></gpxtpx:TrackPointExtension></extensions></trkpt>
<trkpt lat="-33.7649440" lon="-70.2042415">
<ele>2551</ele><time>2026-09-27T09:27:13.999Z</time><extensions><gpxtpx:TrackPointExtension><gpxtpx:hr>145</gpxtpx:hr><gpxtpx:cad>25</gpxtpx:cad></gpxtpx:TrackPointExtension></extensions></trkpt>
<trkpt lat="-33.7649180" lon="-70.2041912">
<ele>2552</ele><time>2026-09-27T09:27:23.999Z</time><extensions><gpxtpx:TrackPointExtension><gpxtpx:hr>141</gpxtpx:hr><gpxtpx:cad>27</gpxtpx:cad></gpxtpx:TrackPointExtension></extensions></trkpt>
<trkpt lat="-33.7648923" lon="-70.2041424">
<ele>2554</ele><time>2026-09-27T09:27:37.999Z</time><extensions><gpxtpx:TrackPointExtension><gpxtpx:hr>142</gpxtpx:hr><gpxtpx:cad>10</gpxtpx:cad></gpxtpx:TrackPointExtension></extensions></trkpt>
<trkpt lat="-33.7648736" lon="-70.2040924">
<ele>2555</ele><time>2026-09-27T09:27:48.999Z</time><extensions><gpxtpx:TrackPointExtension><gpxtpx:hr>139</gpxtpx:hr><gpxtpx:cad>10</gpxtpx:cad></gpxtpx:TrackPointExtension></extensions></trkpt>
<trkpt lat="-33.7648481" lon="-70.2040448">
<ele>2555</ele><time>2026-09-27T09:27:58.999Z</time><extensions><gpxtpx:TrackPointExtension><gpxtpx:hr>141</gpxtpx:hr><gpxtpx:cad>10</gpxtpx:cad></gpxtpx:TrackPointExtension></extensions></trkpt>
<trkpt lat="-33.7648142" lon="-70.2040065">
<ele>2556</ele><time>2026-09-27T09:28:09.999Z</time><extensions><gpxtpx:TrackPointExtension><gpxtpx:hr>141</gpxtpx:hr><gpxtpx:cad>10</gpxtpx:cad></gpxtpx:TrackPointExtension></extensions></trkpt>
<trkpt lat="-33.7647774" lon="-70.2039633">
<ele>2556</ele><time>2026-09-27T09:28:22.999Z</time><extensions><gpxtpx:TrackPointExtension><gpxtpx:hr>141</gpxtpx:hr><gpxtpx:cad>10</gpxtpx:cad></gpxtpx:TrackPointExtension></extensions></trkpt>
<trkpt lat="-33.7647397" lon="-70.2039242">
<ele>2557</ele><time>2026-09-27T09:28:32.999Z</time><extensions><gpxtpx:TrackPointExtension><gpxtpx:hr>139</gpxtpx:hr><gpxtpx:cad>10</gpxtpx:cad></gpxtpx:TrackPointExtension></extensions></trkpt>
<trkpt lat="-33.7647002" lon="-70.2038979">
<ele>2557</ele><time>2026-09-27T09:28:43.999Z</time><extensions><gpxtpx:TrackPointExtension><gpxtpx:hr>138</gpxtpx:hr><gpxtpx:cad>10</gpxtpx:cad></gpxtpx:TrackPointExtension></extensions></trkpt>
<trkpt lat="-33.7646593" lon="-70.2038742">
<ele>2558</ele><time>2026-09-27T09:28:55.999Z</time><extensions><gpxtpx:TrackPointExtension><gpxtpx:hr>139</gpxtpx:hr><gpxtpx:cad>10</gpxtpx:cad></gpxtpx:TrackPointExtension></extensions></trkpt>
<trkpt lat="-33.7646215" lon="-70.2038386">
<ele>2558</ele><time>2026-09-27T09:48:00.000Z</time><extensions><gpxtpx:TrackPointExtension><gpxtpx:hr>104</gpxtpx:hr><gpxtpx:cad>10</gpxtpx:cad></gpxtpx:TrackPointExtension></extensions></trkpt>
<trkpt lat="-33.7646057" lon="-70.2038914">
<ele>2559</ele><time>2026-09-27T09:48:14.000Z</time><extensions><gpxtpx:TrackPointExtension><gpxtpx:hr>110</gpxtpx:hr><gpxtpx:cad>10</gpxtpx:cad></gpxtpx:TrackPointExtension></extensions></trkpt>
<trkpt lat="-33.7645616" lon="-70.2039091">
<ele>2560</ele><time>2026-09-27T09:48:22.000Z</time><extensions><gpxtpx:TrackPointExtension><gpxtpx:hr>113</gpxtpx:hr><gpxtpx:cad>10</gpxtpx:cad></gpxtpx:TrackPointExtension></extensions></trkpt>
<trkpt lat="-33.7645166" lon="-70.2038975">
<ele>2561</ele><time>2026-09-27T09:48:32.000Z</time><extensions><gpxtpx:TrackPointExtension><gpxtpx:hr>123</gpxtpx:hr><gpxtpx:cad>9</gpxtpx:cad></gpxtpx:TrackPointExtension></extensions></trkpt>
<trkpt lat="-33.7644675" lon="-70.2039038">
<ele>2562</ele><time>2026-09-27T09:48:52.000Z</time><extensions><gpxtpx:TrackPointExtension><gpxtpx:hr>133</gpxtpx:hr><gpxtpx:cad>9</gpxtpx:cad></gpxtpx:TrackPointExtension></extensions></trkpt>
<trkpt lat="-33.7644253" lon="-70.2039237">
<ele>2563</ele><time>2026-09-27T09:48:59.000Z</time><extensions><gpxtpx:TrackPointExtension><gpxtpx:hr>133</gpxtpx:hr><gpxtpx:cad>9</gpxtpx:cad></gpxtpx:TrackPointExtension></extensions></trkpt>
<trkpt lat="-33.7643793" lon="-70.2039171">
<ele>2564</ele><time>2026-09-27T09:49:08.000Z</time><extensions><gpxtpx:TrackPointExtension><gpxtpx:hr>141</gpxtpx:hr><gpxtpx:cad>9</gpxtpx:cad></gpxtpx:TrackPointExtension></extensions></trkpt>
<trkpt lat="-33.7643343" lon="-70.2039003">
<ele>2566</ele><time>2026-09-27T09:49:20.000Z</time><extensions><gpxtpx:TrackPointExtension><gpxtpx:hr>144</gpxtpx:hr><gpxtpx:cad>9</gpxtpx:cad></gpxtpx:TrackPointExtension></extensions></trkpt>
<trkpt lat="-33.7642800" lon="-70.2038983">
<ele>2568</ele><time>2026-09-27T09:49:31.000Z</time><extensions><gpxtpx:TrackPointExtension><gpxtpx:hr>145</gpxtpx:hr><gpxtpx:cad>24</gpxtpx:cad></gpxtpx:TrackPointExtension></extensions></trkpt>
<trkpt lat="-33.7642344" lon="-70.2039140">
<ele>2569</ele><time>2026-09-27T09:49:44.000Z</time><extensions><gpxtpx:TrackPointExtension><gpxtpx:hr>151</gpxtpx:hr><gpxtpx:cad>25</gpxtpx:cad></gpxtpx:TrackPointExtension></extensions></trkpt>
<trkpt lat="-33.7641879" lon="-70.2039215">
<ele>2571</ele><time>2026-09-27T09:49:54.000Z</time><extensions><gpxtpx:TrackPointExtension><gpxtpx:hr>155</gpxtpx:hr><gpxtpx:cad>24</gpxtpx:cad></gpxtpx:TrackPointExtension></extensions></trkpt>
<trkpt lat="-33.7641402" lon="-70.2039319">
<ele>2573</ele><time>2026-09-27T09:50:10.000Z</time><extensions><gpxtpx:TrackPointExtension><gpxtpx:hr>157</gpxtpx:hr><gpxtpx:cad>24</gpxtpx:cad></gpxtpx:TrackPointExtension></extensions></trkpt>
<trkpt lat="-33.7640953" lon="-70.2039178">
<ele>2574</ele><time>2026-09-27T09:50:24.000Z</time><extensions><gpxtpx:TrackPointExtension><gpxtpx:hr>155</gpxtpx:hr><gpxtpx:cad>25</gpxtpx:cad></gpxtpx:TrackPointExtension></extensions></trkpt>
<trkpt lat="-33.7640496" lon="-70.2039150">
<ele>2576</ele><time>2026-09-27T09:50:41.000Z</time><extensions><gpxtpx:TrackPointExtension><gpxtpx:hr>158</gpxtpx:hr><gpxtpx:cad>25</gpxtpx:cad></gpxtpx:TrackPointExtension></extensions></trkpt>
<trkpt lat="-33.7639977" lon="-70.2039140">
<ele>2577</ele><time>2026-09-27T09:50:56.000Z</time><extensions><gpxtpx:TrackPointExtension><gpxtpx:hr>153</gpxtpx:hr><gpxtpx:cad>26</gpxtpx:cad></gpxtpx:TrackPointExtension></extensions></trkpt>
<trkpt lat="-33.7639566" lon="-70.2038890">
<ele>2579</ele><time>2026-09-27T09:51:07.000Z</time><extensions><gpxtpx:TrackPointExtension><gpxtpx:hr>156</gpxtpx:hr><gpxtpx:cad>23</gpxtpx:cad></gpxtpx:TrackPointExtension></extensions></trkpt>
<trkpt lat="-33.7639114" lon="-70.2038790">
<ele>2580</ele><time>2026-09-27T09:51:18.000Z</time><extensions><gpxtpx:TrackPointExtension><gpxtpx:hr>154</gpxtpx:hr><gpxtpx:cad>23</gpxtpx:cad></gpxtpx:TrackPointExtension></extensions></trkpt>
<trkpt lat="-33.7638624" lon="-70.2038822">
<ele>2582</ele><time>2026-09-27T09:51:25.000Z</time><extensions><gpxtpx:TrackPointExtension><gpxtpx:hr>154</gpxtpx:hr><gpxtpx:cad>23</gpxtpx:cad></gpxtpx:TrackPointExtension></extensions></trkpt>
<trkpt lat="-33.7638185" lon="-70.2039124">
<ele>2584</ele><time>2026-09-27T09:51:40.000Z</time><extensions><gpxtpx:TrackPointExtension><gpxtpx:hr>156</gpxtpx:hr><gpxtpx:cad>24</gpxtpx:cad></gpxtpx:TrackPointExtension></extensions></trkpt>
<trkpt lat="-33.7637721" lon="-70.2039209">
<ele>2586</ele><time>2026-09-27T09:51:54.000Z</time><extensions><gpxtpx:TrackPointExtension><gpxtpx:hr>155</gpxtpx:hr><gpxtpx:cad>20</gpxtpx:cad></gpxtpx:TrackPointExtension></extensions></trkpt>
<trkpt lat="-33.7637351" lon="-70.2039591">
<ele>2588</ele><time>2026-09-27T09:52:08.000Z</time><extensions><gpxtpx:TrackPointExtension><gpxtpx:hr>155</gpxtpx:hr><gpxtpx:cad>11</gpxtpx:cad></gpxtpx:TrackPointExtension></extensions></trkpt>
<trkpt lat="-33.7636869" lon="-70.2039594">
<ele>2590</ele><time>2026-09-27T09:52:20.000Z</time><extensions><gpxtpx:TrackPointExtension><gpxtpx:hr>156</gpxtpx:hr><gpxtpx:cad>12</gpxtpx:cad></gpxtpx:TrackPointExtension></extensions></trkpt>
<trkpt lat="-33.7636541" lon="-70.2040075">
<ele>2592</ele><time>2026-09-27T09:52:33.000Z</time><extensions><gpxtpx:TrackPointExtension><gpxtpx:hr>160</gpxtpx:hr><gpxtpx:cad>12</gpxtpx:cad></gpxtpx:TrackPointExtension></extensions></trkpt>
<trkpt lat="-33.7636107" lon="-70.2040262">
<ele>2594</ele><time>2026-09-27T09:52:49.000Z</time><extensions><gpxtpx:TrackPointExtension><gpxtpx:hr>158</gpxtpx:hr><gpxtpx:cad>12</gpxtpx:cad></gpxtpx:TrackPointExtension></extensions></trkpt>
<trkpt lat="-33.7635725" lon="-70.2040566">
<ele>2596</ele><time>2026-09-27T09:52:59.000Z</time><extensions><gpxtpx:TrackPointExtension><gpxtpx:hr>159</gpxtpx:hr><gpxtpx:cad>13</gpxtpx:cad></gpxtpx:TrackPointExtension></extensions></trkpt>
<trkpt lat="-33.7635358" lon="-70.2040945">
<ele>2598</ele><time>2026-09-27T09:53:12.000Z</time><extensions><gpxtpx:TrackPointExtension><gpxtpx:hr>159</gpxtpx:hr><gpxtpx:cad>13</gpxtpx:cad></gpxtpx:TrackPointExtension></extensions></trkpt>
<trkpt lat="-33.7634934" lon="-70.2041275">
<ele>2599</ele><time>2026-09-27T09:53:27.000Z</time><extensions><gpxtpx:TrackPointExtension><gpxtpx:hr>163</gpxtpx:hr><gpxtpx:cad>13</gpxtpx:cad></gpxtpx:TrackPointExtension></extensions></trkpt>
<trkpt lat="-33.7634610" lon="-70.2041672">
<ele>2601</ele><time>2026-09-27T09:54:37.000Z</time><extensions><gpxtpx:TrackPointExtension><gpxtpx:hr>127</gpxtpx:hr><gpxtpx:cad>13</gpxtpx:cad></gpxtpx:TrackPointExtension></extensions></trkpt>
<trkpt lat="-33.7634302" lon="-70.2042093">
<ele>2603</ele><time>2026-09-27T09:58:12.000Z</time><extensions><gpxtpx:TrackPointExtension><gpxtpx:hr>105</gpxtpx:hr><gpxtpx:cad>13</gpxtpx:cad></gpxtpx:TrackPointExtension></extensions></trkpt>
<trkpt lat="-33.7633907" lon="-70.2042486">
<ele>2605</ele><time>2026-09-27T09:58:20.999Z</time><extensions><gpxtpx:TrackPointExtension><gpxtpx:hr>114</gpxtpx:hr><gpxtpx:cad>13</gpxtpx:cad></gpxtpx:TrackPointExtension></extensions></trkpt>
<trkpt lat="-33.7633528" lon="-70.2042821">
<ele>2607</ele><time>2026-09-27T09:58:29.999Z</time><extensions><gpxtpx:TrackPointExtension><gpxtpx:hr>126</gpxtpx:hr><gpxtpx:cad>12</gpxtpx:cad></gpxtpx:TrackPointExtension></extensions></trkpt>
<trkpt lat="-33.7633155" lon="-70.2043200">
<ele>2609</ele><time>2026-09-27T09:58:38.999Z</time><extensions><gpxtpx:TrackPointExtension><gpxtpx:hr>137</gpxtpx:hr><gpxtpx:cad>12</gpxtpx:cad></gpxtpx:TrackPointExtension></extensions></trkpt>
<trkpt lat="-33.7632735" lon="-70.2043491">
<ele>2611</ele><time>2026-09-27T09:58:49.999Z</time><extensions><gpxtpx:TrackPointExtension><gpxtpx:hr>146</gpxtpx:hr><gpxtpx:cad>13</gpxtpx:cad></gpxtpx:TrackPointExtension></extensions></trkpt>
<trkpt lat="-33.7632365" lon="-70.2043890">
<ele>2614</ele><time>2026-09-27T09:58:58.999Z</time><extensions><gpxtpx:TrackPointExtension><gpxtpx:hr>149</gpxtpx:hr><gpxtpx:cad>13</gpxtpx:cad></gpxtpx:TrackPointExtension></extensions></trkpt>
<trkpt lat="-33.7631987" lon="-70.2044223">
<ele>2616</ele><time>2026-09-27T09:59:30.999Z</time><extensions><gpxtpx:TrackPointExtension><gpxtpx:hr>150</gpxtpx:hr><gpxtpx:cad>13</gpxtpx:cad></gpxtpx:TrackPointExtension></extensions></trkpt>
<trkpt lat="-33.7631572" lon="-70.2044541">
<ele>2618</ele><time>2026-09-27T09:59:39.999Z</time><extensions><gpxtpx:TrackPointExtension><gpxtpx:hr>149</gpxtpx:hr><gpxtpx:cad>14</gpxtpx:cad></gpxtpx:TrackPointExtension></extensions></trkpt>
<trkpt lat="-33.7631222" lon="-70.2044889">
<ele>2620</ele><time>2026-09-27T09:59:53.999Z</time><extensions><gpxtpx:TrackPointExtension><gpxtpx:hr>153</gpxtpx:hr><gpxtpx:cad>26</gpxtpx:cad></gpxtpx:TrackPointExtension></extensions></trkpt>
<trkpt lat="-33.7630918" lon="-70.2045316">
<ele>2622</ele><time>2026-09-27T10:00:31.999Z</time><extensions><gpxtpx:TrackPointExtension><gpxtpx:hr>151</gpxtpx:hr><gpxtpx:cad>26</gpxtpx:cad></gpxtpx:TrackPointExtension></extensions></trkpt>
<trkpt lat="-33.7630597" lon="-70.2045750">
<ele>2625</ele><time>2026-09-27T10:00:41.999Z</time><extensions><gpxtpx:TrackPointExtension><gpxtpx:hr>147</gpxtpx:hr><gpxtpx:cad>21</gpxtpx:cad></gpxtpx:TrackPointExtension></extensions></trkpt>
<trkpt lat="-33.7630139" lon="-70.2045890">
<ele>2627</ele><time>2026-09-27T10:00:52.999Z</time><extensions><gpxtpx:TrackPointExtension><gpxtpx:hr>145</gpxtpx:hr><gpxtpx:cad>21</gpxtpx:cad></gpxtpx:TrackPointExtension></extensions></trkpt>
<trkpt lat="-33.7629681" lon="-70.2045855">
<ele>2629</ele><time>2026-09-27T10:01:08.999Z</time><extensions><gpxtpx:TrackPointExtension><gpxtpx:hr>150</gpxtpx:hr><gpxtpx:cad>20</gpxtpx:cad></gpxtpx:TrackPointExtension></extensions></trkpt>
<trkpt lat="-33.7629543" lon="-70.2046372">
<ele>2631</ele><time>2026-09-27T10:01:37.999Z</time><extensions><gpxtpx:TrackPointExtension><gpxtpx:hr>141</gpxtpx:hr><gpxtpx:cad>19</gpxtpx:cad></gpxtpx:TrackPointExtension></extensions></trkpt>
<trkpt lat="-33.7629610" lon="-70.2046934">
<ele>2633</ele><time>2026-09-27T10:02:10.999Z</time><extensions><gpxtpx:TrackPointExtension><gpxtpx:hr>138</gpxtpx:hr><gpxtpx:cad>19</gpxtpx:cad></gpxtpx:TrackPointExtension></extensions></trkpt>
<trkpt lat="-33.7629845" lon="-70.2047407">
<ele>2636</ele><time>2026-09-27T10:02:20.999Z</time><extensions><gpxtpx:TrackPointExtension><gpxtpx:hr>138</gpxtpx:hr><gpxtpx:cad>19</gpxtpx:cad></gpxtpx:TrackPointExtension></extensions></trkpt>
<trkpt lat="-33.7629610" lon="-70.2047945">
<ele>2638</ele><time>2026-09-27T10:02:31.999Z</time><extensions><gpxtpx:TrackPointExtension><gpxtpx:hr>144</gpxtpx:hr><gpxtpx:cad>19</gpxtpx:cad></gpxtpx:TrackPointExtension></extensions></trkpt>
<trkpt lat="-33.7629737" lon="-70.2048523">
<ele>2640</ele><time>2026-09-27T10:02:47.999Z</time><extensions><gpxtpx:TrackPointExtension><gpxtpx:hr>154</gpxtpx:hr><gpxtpx:cad>21</gpxtpx:cad></gpxtpx:TrackPointExtension></extensions></trkpt>
<trkpt lat="-33.7629792" lon="-70.2049081">
<ele>2642</ele><time>2026-09-27T10:04:30.999Z</time><extensions><gpxtpx:TrackPointExtension><gpxtpx:hr>123</gpxtpx:hr><gpxtpx:cad>19</gpxtpx:cad></gpxtpx:TrackPointExtension></extensions></trkpt>
<trkpt lat="-33.7629352" lon="-70.2049303">
<ele>2644</ele><time>2026-09-27T10:04:45.999Z</time><extensions><gpxtpx:TrackPointExtension><gpxtpx:hr>130</gpxtpx:hr><gpxtpx:cad>19</gpxtpx:cad></gpxtpx:TrackPointExtension></extensions></trkpt>
<trkpt lat="-33.7628835" lon="-70.2049394">
<ele>2647</ele><time>2026-09-27T10:04:56.999Z</time><extensions><gpxtpx:TrackPointExtension><gpxtpx:hr>143</gpxtpx:hr><gpxtpx:cad>16</gpxtpx:cad></gpxtpx:TrackPointExtension></extensions></trkpt>
<trkpt lat="-33.7628354" lon="-70.2049474">
<ele>2649</ele><time>2026-09-27T10:05:28.999Z</time><extensions><gpxtpx:TrackPointExtension><gpxtpx:hr>153</gpxtpx:hr><gpxtpx:cad>18</gpxtpx:cad></gpxtpx:TrackPointExtension></extensions></trkpt>
<trkpt lat="-33.7627841" lon="-70.2049461">
<ele>2652</ele><time>2026-09-27T10:05:49.999Z</time><extensions><gpxtpx:TrackPointExtension><gpxtpx:hr>154</gpxtpx:hr><gpxtpx:cad>18</gpxtpx:cad></gpxtpx:TrackPointExtension></extensions></trkpt>
<trkpt lat="-33.7628072" lon="-70.2049987">
<ele>2654</ele><time>2026-09-27T10:06:07.999Z</time><extensions><gpxtpx:TrackPointExtension><gpxtpx:hr>151</gpxtpx:hr><gpxtpx:cad>19</gpxtpx:cad></gpxtpx:TrackPointExtension></extensions></trkpt>
<trkpt lat="-33.7628370" lon="-70.2050477">
<ele>2656</ele><time>2026-09-27T10:06:19.999Z</time><extensions><gpxtpx:TrackPointExtension><gpxtpx:hr>151</gpxtpx:hr><gpxtpx:cad>19</gpxtpx:cad></gpxtpx:TrackPointExtension></extensions></trkpt>
<trkpt lat="-33.7627985" lon="-70.2050790">
<ele>2658</ele><time>2026-09-27T10:06:36.999Z</time><extensions><gpxtpx:TrackPointExtension><gpxtpx:hr>158</gpxtpx:hr><gpxtpx:cad>19</gpxtpx:cad></gpxtpx:TrackPointExtension></extensions></trkpt>
<trkpt lat="-33.7627485" lon="-70.2050777">
<ele>2660</ele><time>2026-09-27T10:07:25.999Z</time><extensions><gpxtpx:TrackPointExtension><gpxtpx:hr>141</gpxtpx:hr><gpxtpx:cad>18</gpxtpx:cad></gpxtpx:TrackPointExtension></extensions></trkpt>
<trkpt lat="-33.7627029" lon="-70.2050719">
<ele>2662</ele><time>2026-09-27T10:07:40.999Z</time><extensions><gpxtpx:TrackPointExtension><gpxtpx:hr>141</gpxtpx:hr><gpxtpx:cad>18</gpxtpx:cad></gpxtpx:TrackPointExtension></extensions></trkpt>
<trkpt lat="-33.7627237" lon="-70.2051230">
<ele>2665</ele><time>2026-09-27T10:08:47.999Z</time><extensions><gpxtpx:TrackPointExtension><gpxtpx:hr>125</gpxtpx:hr><gpxtpx:cad>17</gpxtpx:cad></gpxtpx:TrackPointExtension></extensions></trkpt>
<trkpt lat="-33.7627438" lon="-70.2051788">
<ele>2667</ele><time>2026-09-27T10:09:03.999Z</time><extensions><gpxtpx:TrackPointExtension><gpxtpx:hr>141</gpxtpx:hr><gpxtpx:cad>18</gpxtpx:cad></gpxtpx:TrackPointExtension></extensions></trkpt>
<trkpt lat="-33.7627023" lon="-70.2052051">
<ele>2670</ele><time>2026-09-27T10:09:46.999Z</time><extensions><gpxtpx:TrackPointExtension><gpxtpx:hr>125</gpxtpx:hr><gpxtpx:cad>19</gpxtpx:cad></gpxtpx:TrackPointExtension></extensions></trkpt>
<trkpt lat="-33.7626554" lon="-70.2052120">
<ele>2672</ele><time>2026-09-27T10:10:02.999Z</time><extensions><gpxtpx:TrackPointExtension><gpxtpx:hr>141</gpxtpx:hr><gpxtpx:cad>20</gpxtpx:cad></gpxtpx:TrackPointExtension></extensions></trkpt>
<trkpt lat="-33.7626085" lon="-70.2052081">
<ele>2675</ele><time>2026-09-27T10:10:17.999Z</time><extensions><gpxtpx:TrackPointExtension><gpxtpx:hr>145</gpxtpx:hr><gpxtpx:cad>18</gpxtpx:cad></gpxtpx:TrackPointExtension></extensions></trkpt>
<trkpt lat="-33.7626356" lon="-70.2052529">
<ele>2677</ele><time>2026-09-27T10:10:38.999Z</time><extensions><gpxtpx:TrackPointExtension><gpxtpx:hr>143</gpxtpx:hr><gpxtpx:cad>19</gpxtpx:cad></gpxtpx:TrackPointExtension></extensions></trkpt>
<trkpt lat="-33.7626357" lon="-70.2053130">
<ele>2679</ele><time>2026-09-27T10:12:39.999Z</time><extensions><gpxtpx:TrackPointExtension><gpxtpx:hr>106</gpxtpx:hr><gpxtpx:cad>21</gpxtpx:cad></gpxtpx:TrackPointExtension></extensions></trkpt>
<trkpt lat="-33.7626680" lon="-70.2053540">
<ele>2681</ele><time>2026-09-27T10:12:51.999Z</time><extensions><gpxtpx:TrackPointExtension><gpxtpx:hr>114</gpxtpx:hr><gpxtpx:cad>13</gpxtpx:cad></gpxtpx:TrackPointExtension></extensions></trkpt>
<trkpt lat="-33.7626105" lon="-70.2053793">
<ele>2683</ele><time>2026-09-27T10:14:09.999Z</time><extensions><gpxtpx:TrackPointExtension><gpxtpx:hr>119</gpxtpx:hr><gpxtpx:cad>14</gpxtpx:cad></gpxtpx:TrackPointExtension></extensions></trkpt>
<trkpt lat="-33.7625594" lon="-70.2053891">
<ele>2685</ele><time>2026-09-27T10:14:28.999Z</time><extensions><gpxtpx:TrackPointExtension><gpxtpx:hr>138</gpxtpx:hr><gpxtpx:cad>14</gpxtpx:cad></gpxtpx:TrackPointExtension></extensions></trkpt>
<trkpt lat="-33.7625810" lon="-70.2054372">
<ele>2688</ele><time>2026-09-27T10:14:58.999Z</time><extensions><gpxtpx:TrackPointExtension><gpxtpx:hr>153</gpxtpx:hr><gpxtpx:cad>15</gpxtpx:cad></gpxtpx:TrackPointExtension></extensions></trkpt>
<trkpt lat="-33.7625359" lon="-70.2054454">
<ele>2690</ele><time>2026-09-27T10:15:11.000Z</time><extensions><gpxtpx:TrackPointExtension><gpxtpx:hr>152</gpxtpx:hr><gpxtpx:cad>14</gpxtpx:cad></gpxtpx:TrackPointExtension></extensions></trkpt>
<trkpt lat="-33.7624931" lon="-70.2054652">
<ele>2693</ele><time>2026-09-27T10:15:49.000Z</time><extensions><gpxtpx:TrackPointExtension><gpxtpx:hr>140</gpxtpx:hr><gpxtpx:cad>14</gpxtpx:cad></gpxtpx:TrackPointExtension></extensions></trkpt>
<trkpt lat="-33.7624679" lon="-70.2055104">
<ele>2696</ele><time>2026-09-27T10:16:07.000Z</time><extensions><gpxtpx:TrackPointExtension><gpxtpx:hr>145</gpxtpx:hr><gpxtpx:cad>14</gpxtpx:cad></gpxtpx:TrackPointExtension></extensions></trkpt>
<trkpt lat="-33.7624451" lon="-70.2055595">
<ele>2699</ele><time>2026-09-27T10:16:32.000Z</time><extensions><gpxtpx:TrackPointExtension><gpxtpx:hr>160</gpxtpx:hr><gpxtpx:cad>15</gpxtpx:cad></gpxtpx:TrackPointExtension></extensions></trkpt>
<trkpt lat="-33.7624336" lon="-70.2056135">
<ele>2703</ele><time>2026-09-27T10:22:44.000Z</time><extensions><gpxtpx:TrackPointExtension><gpxtpx:hr>108</gpxtpx:hr><gpxtpx:cad>15</gpxtpx:cad></gpxtpx:TrackPointExtension></extensions></trkpt>
<trkpt lat="-33.7624082" lon="-70.2056622">
<ele>2706</ele><time>2026-09-27T10:22:55.000Z</time><extensions><gpxtpx:TrackPointExtension><gpxtpx:hr>134</gpxtpx:hr><gpxtpx:cad>16</gpxtpx:cad></gpxtpx:TrackPointExtension></extensions></trkpt>
<trkpt lat="-33.7623894" lon="-70.2057117">
<ele>2709</ele><time>2026-09-27T10:23:16.000Z</time><extensions><gpxtpx:TrackPointExtension><gpxtpx:hr>149</gpxtpx:hr><gpxtpx:cad>16</gpxtpx:cad></gpxtpx:TrackPointExtension></extensions></trkpt>
<trkpt lat="-33.7623507" lon="-70.2057394">
<ele>2712</ele><time>2026-09-27T10:23:35.000Z</time><extensions><gpxtpx:TrackPointExtension><gpxtpx:hr>163</gpxtpx:hr><gpxtpx:cad>16</gpxtpx:cad></gpxtpx:TrackPointExtension></extensions></trkpt>
<trkpt lat="-33.7623029" lon="-70.2057474">
<ele>2715</ele><time>2026-09-27T10:23:52.000Z</time><extensions><gpxtpx:TrackPointExtension><gpxtpx:hr>164</gpxtpx:hr><gpxtpx:cad>16</gpxtpx:cad></gpxtpx:TrackPointExtension></extensions></trkpt>
<trkpt lat="-33.7623233" lon="-70.2057977">
<ele>2717</ele><time>2026-09-27T10:24:14.000Z</time><extensions><gpxtpx:TrackPointExtension><gpxtpx:hr>166</gpxtpx:hr><gpxtpx:cad>16</gpxtpx:cad></gpxtpx:TrackPointExtension></extensions></trkpt>
<trkpt lat="-33.7623395" lon="-70.2058498">
<ele>2720</ele><time>2026-09-27T10:24:43.000Z</time><extensions><gpxtpx:TrackPointExtension><gpxtpx:hr>153</gpxtpx:hr><gpxtpx:cad>12</gpxtpx:cad></gpxtpx:TrackPointExtension></extensions></trkpt>
<trkpt lat="-33.7623518" lon="-70.2059020">
<ele>2722</ele><time>2026-09-27T10:24:59.000Z</time><extensions><gpxtpx:TrackPointExtension><gpxtpx:hr>151</gpxtpx:hr><gpxtpx:cad>12</gpxtpx:cad></gpxtpx:TrackPointExtension></extensions></trkpt>
<trkpt lat="-33.7623233" lon="-70.2059475">
<ele>2725</ele><time>2026-09-27T10:25:21.000Z</time><extensions><gpxtpx:TrackPointExtension><gpxtpx:hr>153</gpxtpx:hr><gpxtpx:cad>19</gpxtpx:cad></gpxtpx:TrackPointExtension></extensions></trkpt>
<trkpt lat="-33.7622943" lon="-70.2059889">
<ele>2728</ele><time>2026-09-27T10:25:54.000Z</time><extensions><gpxtpx:TrackPointExtension><gpxtpx:hr>151</gpxtpx:hr><gpxtpx:cad>19</gpxtpx:cad></gpxtpx:TrackPointExtension></extensions></trkpt>
<trkpt lat="-33.7622541" lon="-70.2060219">
<ele>2731</ele><time>2026-09-27T10:26:23.000Z</time><extensions><gpxtpx:TrackPointExtension><gpxtpx:hr>154</gpxtpx:hr><gpxtpx:cad>18</gpxtpx:cad></gpxtpx:TrackPointExtension></extensions></trkpt>
<trkpt lat="-33.7622446" lon="-70.2060758">
<ele>2734</ele><time>2026-09-27T10:26:56.000Z</time><extensions><gpxtpx:TrackPointExtension><gpxtpx:hr>159</gpxtpx:hr><gpxtpx:cad>18</gpxtpx:cad></gpxtpx:TrackPointExtension></extensions></trkpt>
<trkpt lat="-33.7622180" lon="-70.2061197">
<ele>2738</ele><time>2026-09-27T10:27:14.000Z</time><extensions><gpxtpx:TrackPointExtension><gpxtpx:hr>159</gpxtpx:hr><gpxtpx:cad>17</gpxtpx:cad></gpxtpx:TrackPointExtension></extensions></trkpt>
<trkpt lat="-33.7621804" lon="-70.2061530">
<ele>2741</ele><time>2026-09-27T10:27:37.000Z</time><extensions><gpxtpx:TrackPointExtension><gpxtpx:hr>160</gpxtpx:hr><gpxtpx:cad>18</gpxtpx:cad></gpxtpx:TrackPointExtension></extensions></trkpt>
<trkpt lat="-33.7621393" lon="-70.2061805">
<ele>2745</ele><time>2026-09-27T10:32:19.000Z</time><extensions><gpxtpx:TrackPointExtension><gpxtpx:hr>136</gpxtpx:hr><gpxtpx:cad>18</gpxtpx:cad></gpxtpx:TrackPointExtension></extensions></trkpt>
<trkpt lat="-33.7620910" lon="-70.2061952">
<ele>2748</ele><time>2026-09-27T10:32:48.000Z</time><extensions><gpxtpx:TrackPointExtension><gpxtpx:hr>147</gpxtpx:hr><gpxtpx:cad>18</gpxtpx:cad></gpxtpx:TrackPointExtension></extensions></trkpt>
<trkpt lat="-33.7620467" lon="-70.2062055">
<ele>2752</ele><time>2026-09-27T10:33:07.000Z</time><extensions><gpxtpx:TrackPointExtension><gpxtpx:hr>153</gpxtpx:hr><gpxtpx:cad>17</gpxtpx:cad></gpxtpx:TrackPointExtension></extensions></trkpt>
<trkpt lat="-33.7620013" lon="-70.2062271">
<ele>2755</ele><time>2026-09-27T10:33:29.000Z</time><extensions><gpxtpx:TrackPointExtension><gpxtpx:hr>158</gpxtpx:hr><gpxtpx:cad>17</gpxtpx:cad></gpxtpx:TrackPointExtension></extensions></trkpt>
<trkpt lat="-33.7619865" lon="-70.2062815">
<ele>2758</ele><time>2026-09-27T10:33:57.000Z</time><extensions><gpxtpx:TrackPointExtension><gpxtpx:hr>159</gpxtpx:hr><gpxtpx:cad>18</gpxtpx:cad></gpxtpx:TrackPointExtension></extensions></trkpt>
<trkpt lat="-33.7619565" lon="-70.2063259">
<ele>2762</ele><time>2026-09-27T10:34:13.000Z</time><extensions><gpxtpx:TrackPointExtension><gpxtpx:hr>164</gpxtpx:hr><gpxtpx:cad>18</gpxtpx:cad></gpxtpx:TrackPointExtension></extensions></trkpt>
<trkpt lat="-33.7619120" lon="-70.2063356">
<ele>2765</ele><time>2026-09-27T10:34:52.000Z</time><extensions><gpxtpx:TrackPointExtension><gpxtpx:hr>157</gpxtpx:hr><gpxtpx:cad>17</gpxtpx:cad></gpxtpx:TrackPointExtension></extensions></trkpt>
<trkpt lat="-33.7618816" lon="-70.2063831">
<ele>2768</ele><time>2026-09-27T10:35:15.000Z</time><extensions><gpxtpx:TrackPointExtension><gpxtpx:hr>154</gpxtpx:hr><gpxtpx:cad>16</gpxtpx:cad></gpxtpx:TrackPointExtension></extensions></trkpt>
<trkpt lat="-33.7618402" lon="-70.2064150">
<ele>2772</ele><time>2026-09-27T10:35:34.000Z</time><extensions><gpxtpx:TrackPointExtension><gpxtpx:hr>159</gpxtpx:hr><gpxtpx:cad>23</gpxtpx:cad></gpxtpx:TrackPointExtension></extensions></trkpt>
<trkpt lat="-33.7617976" lon="-70.2064394">
<ele>2776</ele><time>2026-09-27T10:36:17.000Z</time><extensions><gpxtpx:TrackPointExtension><gpxtpx:hr>149</gpxtpx:hr><gpxtpx:cad>23</gpxtpx:cad></gpxtpx:TrackPointExtension></extensions></trkpt>
<trkpt lat="-33.7617605" lon="-70.2064740">
<ele>2779</ele><time>2026-09-27T10:36:38.000Z</time><extensions><gpxtpx:TrackPointExtension><gpxtpx:hr>157</gpxtpx:hr><gpxtpx:cad>23</gpxtpx:cad></gpxtpx:TrackPointExtension></extensions></trkpt>
<trkpt lat="-33.7617223" lon="-70.2065034">
<ele>2783</ele><time>2026-09-27T10:37:10.000Z</time><extensions><gpxtpx:TrackPointExtension><gpxtpx:hr>159</gpxtpx:hr><gpxtpx:cad>22</gpxtpx:cad></gpxtpx:TrackPointExtension></extensions></trkpt>
<trkpt lat="-33.7616804" lon="-70.2065254">
<ele>2787</ele><time>2026-09-27T10:37:37.000Z</time><extensions><gpxtpx:TrackPointExtension><gpxtpx:hr>157</gpxtpx:hr><gpxtpx:cad>20</gpxtpx:cad></gpxtpx:TrackPointExtension></extensions></trkpt>
<trkpt lat="-33.7616436" lon="-70.2064909">
<ele>2791</ele><time>2026-09-27T10:38:02.000Z</time><extensions><gpxtpx:TrackPointExtension><gpxtpx:hr>160</gpxtpx:hr><gpxtpx:cad>9</gpxtpx:cad></gpxtpx:TrackPointExtension></extensions></trkpt>
<trkpt lat="-33.7616126" lon="-70.2065312">
<ele>2794</ele><time>2026-09-27T10:38:54.000Z</time><extensions><gpxtpx:TrackPointExtension><gpxtpx:hr>150</gpxtpx:hr><gpxtpx:cad>9</gpxtpx:cad></gpxtpx:TrackPointExtension></extensions></trkpt>
<trkpt lat="-33.7615729" lon="-70.2065606">
<ele>2798</ele><time>2026-09-27T10:39:26.000Z</time><extensions><gpxtpx:TrackPointExtension><gpxtpx:hr>155</gpxtpx:hr><gpxtpx:cad>9</gpxtpx:cad></gpxtpx:TrackPointExtension></extensions></trkpt>
<trkpt lat="-33.7615301" lon="-70.2065883">
<ele>2801</ele><time>2026-09-27T10:39:57.000Z</time><extensions><gpxtpx:TrackPointExtension><gpxtpx:hr>152</gpxtpx:hr><gpxtpx:cad>9</gpxtpx:cad></gpxtpx:TrackPointExtension></extensions></trkpt>
<trkpt lat="-33.7614868" lon="-70.2066146">
<ele>2805</ele><time>2026-09-27T10:40:36.000Z</time><extensions><gpxtpx:TrackPointExtension><gpxtpx:hr>145</gpxtpx:hr><gpxtpx:cad>9</gpxtpx:cad></gpxtpx:TrackPointExtension></extensions></trkpt>
<trkpt lat="-33.7614466" lon="-70.2066436">
<ele>2808</ele><time>2026-09-27T10:40:50.000Z</time><extensions><gpxtpx:TrackPointExtension><gpxtpx:hr>151</gpxtpx:hr><gpxtpx:cad>9</gpxtpx:cad></gpxtpx:TrackPointExtension></extensions></trkpt>
<trkpt lat="-33.7613987" lon="-70.2066569">
<ele>2811</ele><time>2026-09-27T10:41:14.000Z</time><extensions><gpxtpx:TrackPointExtension><gpxtpx:hr>158</gpxtpx:hr><gpxtpx:cad>8</gpxtpx:cad></gpxtpx:TrackPointExtension></extensions></trkpt>
<trkpt lat="-33.7613651" lon="-70.2067046">
<ele>2813</ele><time>2026-09-27T10:42:23.000Z</time><extensions><gpxtpx:TrackPointExtension><gpxtpx:hr>140</gpxtpx:hr><gpxtpx:cad>8</gpxtpx:cad></gpxtpx:TrackPointExtension></extensions></trkpt>
<trkpt lat="-33.7613603" lon="-70.2067590">
<ele>2815</ele><time>2026-09-27T10:58:54.999Z</time><extensions><gpxtpx:TrackPointExtension><gpxtpx:hr>93</gpxtpx:hr><gpxtpx:cad>8</gpxtpx:cad></gpxtpx:TrackPointExtension></extensions></trkpt>
<trkpt lat="-33.7613258" lon="-70.2068012">
<ele>2816</ele><time>2026-09-27T10:59:05.999Z</time><extensions><gpxtpx:TrackPointExtension><gpxtpx:hr>106</gpxtpx:hr><gpxtpx:cad>8</gpxtpx:cad></gpxtpx:TrackPointExtension></extensions></trkpt>
<trkpt lat="-33.7612981" lon="-70.2068468">
<ele>2818</ele><time>2026-09-27T10:59:14.999Z</time><extensions><gpxtpx:TrackPointExtension><gpxtpx:hr>118</gpxtpx:hr><gpxtpx:cad>8</gpxtpx:cad></gpxtpx:TrackPointExtension></extensions></trkpt>
<trkpt lat="-33.7612626" lon="-70.2068975">
<ele>2819</ele><time>2026-09-27T10:59:27.999Z</time><extensions><gpxtpx:TrackPointExtension><gpxtpx:hr>127</gpxtpx:hr><gpxtpx:cad>8</gpxtpx:cad></gpxtpx:TrackPointExtension></extensions></trkpt>
<trkpt lat="-33.7612358" lon="-70.2069432">
<ele>2821</ele><time>2026-09-27T10:59:41.999Z</time><extensions><gpxtpx:TrackPointExtension><gpxtpx:hr>145</gpxtpx:hr><gpxtpx:cad>8</gpxtpx:cad></gpxtpx:TrackPointExtension></extensions></trkpt>
<trkpt lat="-33.7612251" lon="-70.2070002">
<ele>2822</ele><time>2026-09-27T10:59:55.999Z</time><extensions><gpxtpx:TrackPointExtension><gpxtpx:hr>153</gpxtpx:hr><gpxtpx:cad>8</gpxtpx:cad></gpxtpx:TrackPointExtension></extensions></trkpt>
<trkpt lat="-33.7611985" lon="-70.2070483">
<ele>2824</ele><time>2026-09-27T11:00:02.999Z</time><extensions><gpxtpx:TrackPointExtension><gpxtpx:hr>154</gpxtpx:hr><gpxtpx:cad>8</gpxtpx:cad></gpxtpx:TrackPointExtension></extensions></trkpt>
<trkpt lat="-33.7611866" lon="-70.2071075">
<ele>2825</ele><time>2026-09-27T11:00:14.999Z</time><extensions><gpxtpx:TrackPointExtension><gpxtpx:hr>159</gpxtpx:hr><gpxtpx:cad>9</gpxtpx:cad></gpxtpx:TrackPointExtension></extensions></trkpt>
<trkpt lat="-33.7611670" lon="-70.2071628">
<ele>2826</ele><time>2026-09-27T11:00:22.999Z</time><extensions><gpxtpx:TrackPointExtension><gpxtpx:hr>160</gpxtpx:hr><gpxtpx:cad>39</gpxtpx:cad></gpxtpx:TrackPointExtension></extensions></trkpt>
<trkpt lat="-33.7611392" lon="-70.2072102">
<ele>2827</ele><time>2026-09-27T11:00:33.999Z</time><extensions><gpxtpx:TrackPointExtension><gpxtpx:hr>160</gpxtpx:hr><gpxtpx:cad>39</gpxtpx:cad></gpxtpx:TrackPointExtension></extensions></trkpt>
<trkpt lat="-33.7611004" lon="-70.2072577">
<ele>2828</ele><time>2026-09-27T11:00:42.999Z</time><extensions><gpxtpx:TrackPointExtension><gpxtpx:hr>161</gpxtpx:hr><gpxtpx:cad>38</gpxtpx:cad></gpxtpx:TrackPointExtension></extensions></trkpt>
<trkpt lat="-33.7610644" lon="-70.2072925">
<ele>2829</ele><time>2026-09-27T11:00:55.999Z</time><extensions><gpxtpx:TrackPointExtension><gpxtpx:hr>160</gpxtpx:hr><gpxtpx:cad>39</gpxtpx:cad></gpxtpx:TrackPointExtension></extensions></trkpt>
<trkpt lat="-33.7610322" lon="-70.2073314">
<ele>2830</ele><time>2026-09-27T11:01:01.999Z</time><extensions><gpxtpx:TrackPointExtension><gpxtpx:hr>159</gpxtpx:hr><gpxtpx:cad>37</gpxtpx:cad></gpxtpx:TrackPointExtension></extensions></trkpt>
<trkpt lat="-33.7610085" lon="-70.2073783">
<ele>2831</ele><time>2026-09-27T11:01:15.999Z</time><extensions><gpxtpx:TrackPointExtension><gpxtpx:hr>159</gpxtpx:hr><gpxtpx:cad>37</gpxtpx:cad></gpxtpx:TrackPointExtension></extensions></trkpt>
<trkpt lat="-33.7609890" lon="-70.2074362">
<ele>2833</ele><time>2026-09-27T11:01:38.999Z</time><extensions><gpxtpx:TrackPointExtension><gpxtpx:hr>161</gpxtpx:hr><gpxtpx:cad>36</gpxtpx:cad></gpxtpx:TrackPointExtension></extensions></trkpt>
<trkpt lat="-33.7609651" lon="-70.2074929">
<ele>2834</ele><time>2026-09-27T11:01:55.999Z</time><extensions><gpxtpx:TrackPointExtension><gpxtpx:hr>162</gpxtpx:hr><gpxtpx:cad>36</gpxtpx:cad></gpxtpx:TrackPointExtension></extensions></trkpt>
<trkpt lat="-33.7609622" lon="-70.2075518">
<ele>2836</ele><time>2026-09-27T11:02:04.999Z</time><extensions><gpxtpx:TrackPointExtension><gpxtpx:hr>160</gpxtpx:hr><gpxtpx:cad>30</gpxtpx:cad></gpxtpx:TrackPointExtension></extensions></trkpt>
<trkpt lat="-33.7609525" lon="-70.2076057">
<ele>2837</ele><time>2026-09-27T11:02:11.999Z</time><extensions><gpxtpx:TrackPointExtension><gpxtpx:hr>161</gpxtpx:hr><gpxtpx:cad>26</gpxtpx:cad></gpxtpx:TrackPointExtension></extensions></trkpt>
<trkpt lat="-33.7609406" lon="-70.2076647">
<ele>2839</ele><time>2026-09-27T11:02:21.999Z</time><extensions><gpxtpx:TrackPointExtension><gpxtpx:hr>162</gpxtpx:hr><gpxtpx:cad>25</gpxtpx:cad></gpxtpx:TrackPointExtension></extensions></trkpt>
<trkpt lat="-33.7609347" lon="-70.2077190">
<ele>2840</ele><time>2026-09-27T11:02:35.999Z</time><extensions><gpxtpx:TrackPointExtension><gpxtpx:hr>161</gpxtpx:hr><gpxtpx:cad>25</gpxtpx:cad></gpxtpx:TrackPointExtension></extensions></trkpt>
<trkpt lat="-33.7609226" lon="-70.2077733">
<ele>2841</ele><time>2026-09-27T11:02:43.999Z</time><extensions><gpxtpx:TrackPointExtension><gpxtpx:hr>160</gpxtpx:hr><gpxtpx:cad>25</gpxtpx:cad></gpxtpx:TrackPointExtension></extensions></trkpt>
<trkpt lat="-33.7609191" lon="-70.2078298">
<ele>2842</ele><time>2026-09-27T11:02:53.999Z</time><extensions><gpxtpx:TrackPointExtension><gpxtpx:hr>159</gpxtpx:hr><gpxtpx:cad>24</gpxtpx:cad></gpxtpx:TrackPointExtension></extensions></trkpt>
<trkpt lat="-33.7609030" lon="-70.2078861">
<ele>2843</ele><time>2026-09-27T11:03:15.999Z</time><extensions><gpxtpx:TrackPointExtension><gpxtpx:hr>159</gpxtpx:hr><gpxtpx:cad>24</gpxtpx:cad></gpxtpx:TrackPointExtension></extensions></trkpt>
<trkpt lat="-33.7609011" lon="-70.2079410">
<ele>2845</ele><time>2026-09-27T11:03:34.999Z</time><extensions><gpxtpx:TrackPointExtension><gpxtpx:hr>156</gpxtpx:hr><gpxtpx:cad>24</gpxtpx:cad></gpxtpx:TrackPointExtension></extensions></trkpt>
<trkpt lat="-33.7608750" lon="-70.2079852">
<ele>2846</ele><time>2026-09-27T11:04:33.999Z</time><extensions><gpxtpx:TrackPointExtension><gpxtpx:hr>136</gpxtpx:hr><gpxtpx:cad>25</gpxtpx:cad></gpxtpx:TrackPointExtension></extensions></trkpt>
<trkpt lat="-33.7609117" lon="-70.2080264">
<ele>2848</ele><time>2026-09-27T11:05:27.999Z</time><extensions><gpxtpx:TrackPointExtension><gpxtpx:hr>126</gpxtpx:hr><gpxtpx:cad>25</gpxtpx:cad></gpxtpx:TrackPointExtension></extensions></trkpt>
<trkpt lat="-33.7609350" lon="-70.2080733">
<ele>2848</ele><time>2026-09-27T11:05:37.999Z</time><extensions><gpxtpx:TrackPointExtension><gpxtpx:hr>129</gpxtpx:hr><gpxtpx:cad>25</gpxtpx:cad></gpxtpx:TrackPointExtension></extensions></trkpt>
<trkpt lat="-33.7609438" lon="-70.2081310">
<ele>2849</ele><time>2026-09-27T11:06:00.999Z</time><extensions><gpxtpx:TrackPointExtension><gpxtpx:hr>137</gpxtpx:hr><gpxtpx:cad>23</gpxtpx:cad></gpxtpx:TrackPointExtension></extensions></trkpt>
<trkpt lat="-33.7609462" lon="-70.2081864">
<ele>2849</ele><time>2026-09-27T11:06:09.999Z</time><extensions><gpxtpx:TrackPointExtension><gpxtpx:hr>139</gpxtpx:hr><gpxtpx:cad>23</gpxtpx:cad></gpxtpx:TrackPointExtension></extensions></trkpt>
<trkpt lat="-33.7609452" lon="-70.2082455">
<ele>2850</ele><time>2026-09-27T11:06:22.999Z</time><extensions><gpxtpx:TrackPointExtension><gpxtpx:hr>149</gpxtpx:hr><gpxtpx:cad>23</gpxtpx:cad></gpxtpx:TrackPointExtension></extensions></trkpt>
<trkpt lat="-33.7609393" lon="-70.2083063">
<ele>2851</ele><time>2026-09-27T11:06:31.999Z</time><extensions><gpxtpx:TrackPointExtension><gpxtpx:hr>148</gpxtpx:hr><gpxtpx:cad>23</gpxtpx:cad></gpxtpx:TrackPointExtension></extensions></trkpt>
<trkpt lat="-33.7609259" lon="-70.2083619">
<ele>2852</ele><time>2026-09-27T11:06:42.999Z</time><extensions><gpxtpx:TrackPointExtension><gpxtpx:hr>147</gpxtpx:hr><gpxtpx:cad>22</gpxtpx:cad></gpxtpx:TrackPointExtension></extensions></trkpt>
<trkpt lat="-33.7609268" lon="-70.2084183">
<ele>2853</ele><time>2026-09-27T11:06:53.999Z</time><extensions><gpxtpx:TrackPointExtension><gpxtpx:hr>148</gpxtpx:hr><gpxtpx:cad>26</gpxtpx:cad></gpxtpx:TrackPointExtension></extensions></trkpt>
<trkpt lat="-33.7609109" lon="-70.2084753">
<ele>2853</ele><time>2026-09-27T11:07:02.999Z</time><extensions><gpxtpx:TrackPointExtension><gpxtpx:hr>150</gpxtpx:hr><gpxtpx:cad>33</gpxtpx:cad></gpxtpx:TrackPointExtension></extensions></trkpt>
<trkpt lat="-33.7608893" lon="-70.2085231">
<ele>2854</ele><time>2026-09-27T11:07:13.999Z</time><extensions><gpxtpx:TrackPointExtension><gpxtpx:hr>155</gpxtpx:hr><gpxtpx:cad>24</gpxtpx:cad></gpxtpx:TrackPointExtension></extensions></trkpt>
<trkpt lat="-33.7608627" lon="-70.2085726">
<ele>2855</ele><time>2026-09-27T11:07:31.000Z</time><extensions><gpxtpx:TrackPointExtension><gpxtpx:hr>154</gpxtpx:hr><gpxtpx:cad>21</gpxtpx:cad></gpxtpx:TrackPointExtension></extensions></trkpt>
<trkpt lat="-33.7608463" lon="-70.2086283">
<ele>2855</ele><time>2026-09-27T11:07:40.000Z</time><extensions><gpxtpx:TrackPointExtension><gpxtpx:hr>147</gpxtpx:hr><gpxtpx:cad>21</gpxtpx:cad></gpxtpx:TrackPointExtension></extensions></trkpt>
<trkpt lat="-33.7608281" lon="-70.2086866">
<ele>2856</ele><time>2026-09-27T11:07:50.000Z</time><extensions><gpxtpx:TrackPointExtension><gpxtpx:hr>144</gpxtpx:hr><gpxtpx:cad>20</gpxtpx:cad></gpxtpx:TrackPointExtension></extensions></trkpt>
<trkpt lat="-33.7607918" lon="-70.2087301">
<ele>2857</ele><time>2026-09-27T11:08:02.000Z</time><extensions><gpxtpx:TrackPointExtension><gpxtpx:hr>145</gpxtpx:hr><gpxtpx:cad>20</gpxtpx:cad></gpxtpx:TrackPointExtension></extensions></trkpt>
<trkpt lat="-33.7607715" lon="-70.2087792">
<ele>2858</ele><time>2026-09-27T11:08:10.000Z</time><extensions><gpxtpx:TrackPointExtension><gpxtpx:hr>143</gpxtpx:hr><gpxtpx:cad>18</gpxtpx:cad></gpxtpx:TrackPointExtension></extensions></trkpt>
<trkpt lat="-33.7607528" lon="-70.2088289">
<ele>2859</ele><time>2026-09-27T11:08:18.000Z</time><extensions><gpxtpx:TrackPointExtension><gpxtpx:hr>142</gpxtpx:hr><gpxtpx:cad>17</gpxtpx:cad></gpxtpx:TrackPointExtension></extensions></trkpt>
<trkpt lat="-33.7607077" lon="-70.2088627">
<ele>2859</ele><time>2026-09-27T11:08:26.000Z</time><extensions><gpxtpx:TrackPointExtension><gpxtpx:hr>145</gpxtpx:hr><gpxtpx:cad>17</gpxtpx:cad></gpxtpx:TrackPointExtension></extensions></trkpt>
<trkpt lat="-33.7606672" lon="-70.2088902">
<ele>2860</ele><time>2026-09-27T11:10:11.000Z</time><extensions><gpxtpx:TrackPointExtension><gpxtpx:hr>119</gpxtpx:hr><gpxtpx:cad>18</gpxtpx:cad></gpxtpx:TrackPointExtension></extensions></trkpt>
<trkpt lat="-33.7606464" lon="-70.2089406">
<ele>2860</ele><time>2026-09-27T11:10:45.000Z</time><extensions><gpxtpx:TrackPointExtension><gpxtpx:hr>127</gpxtpx:hr><gpxtpx:cad>19</gpxtpx:cad></gpxtpx:TrackPointExtension></extensions></trkpt>
<trkpt lat="-33.7606256" lon="-70.2089894">
<ele>2860</ele><time>2026-09-27T11:10:52.000Z</time><extensions><gpxtpx:TrackPointExtension><gpxtpx:hr>128</gpxtpx:hr><gpxtpx:cad>19</gpxtpx:cad></gpxtpx:TrackPointExtension></extensions></trkpt>
<trkpt lat="-33.7606218" lon="-70.2090446">
<ele>2860</ele><time>2026-09-27T11:10:58.000Z</time><extensions><gpxtpx:TrackPointExtension><gpxtpx:hr>131</gpxtpx:hr><gpxtpx:cad>19</gpxtpx:cad></gpxtpx:TrackPointExtension></extensions></trkpt>
<trkpt lat="-33.7606186" lon="-70.2090998">
<ele>2860</ele><time>2026-09-27T11:11:05.000Z</time><extensions><gpxtpx:TrackPointExtension><gpxtpx:hr>128</gpxtpx:hr><gpxtpx:cad>18</gpxtpx:cad></gpxtpx:TrackPointExtension></extensions></trkpt>
<trkpt lat="-33.7606056" lon="-70.2091517">
<ele>2860</ele><time>2026-09-27T11:12:22.000Z</time><extensions><gpxtpx:TrackPointExtension><gpxtpx:hr>114</gpxtpx:hr><gpxtpx:cad>18</gpxtpx:cad></gpxtpx:TrackPointExtension></extensions></trkpt>
<trkpt lat="-33.7606145" lon="-70.2092121">
<ele>2861</ele><time>2026-09-27T11:12:28.000Z</time><extensions><gpxtpx:TrackPointExtension><gpxtpx:hr>114</gpxtpx:hr><gpxtpx:cad>18</gpxtpx:cad></gpxtpx:TrackPointExtension></extensions></trkpt>
<trkpt lat="-33.7605973" lon="-70.2092671">
<ele>2861</ele><time>2026-09-27T11:12:35.000Z</time><extensions><gpxtpx:TrackPointExtension><gpxtpx:hr>135</gpxtpx:hr><gpxtpx:cad>18</gpxtpx:cad></gpxtpx:TrackPointExtension></extensions></trkpt>
<trkpt lat="-33.7605778" lon="-70.2093215">
<ele>2861</ele><time>2026-09-27T11:12:43.000Z</time><extensions><gpxtpx:TrackPointExtension><gpxtpx:hr>135</gpxtpx:hr><gpxtpx:cad>25</gpxtpx:cad></gpxtpx:TrackPointExtension></extensions></trkpt>
<trkpt lat="-33.7605544" lon="-70.2093725">
<ele>2861</ele><time>2026-09-27T11:12:49.000Z</time><extensions><gpxtpx:TrackPointExtension><gpxtpx:hr>136</gpxtpx:hr><gpxtpx:cad>28</gpxtpx:cad></gpxtpx:TrackPointExtension></extensions></trkpt>
<trkpt lat="-33.7605231" lon="-70.2094264">
<ele>2861</ele><time>2026-09-27T11:12:55.000Z</time><extensions><gpxtpx:TrackPointExtension><gpxtpx:hr>138</gpxtpx:hr><gpxtpx:cad>29</gpxtpx:cad></gpxtpx:TrackPointExtension></extensions></trkpt>
<trkpt lat="-33.7604870" lon="-70.2094756">
<ele>2861</ele><time>2026-09-27T11:13:00.000Z</time><extensions><gpxtpx:TrackPointExtension><gpxtpx:hr>138</gpxtpx:hr><gpxtpx:cad>30</gpxtpx:cad></gpxtpx:TrackPointExtension></extensions></trkpt>
<trkpt lat="-33.7604593" lon="-70.2095202">
<ele>2861</ele><time>2026-09-27T11:13:08.000Z</time><extensions><gpxtpx:TrackPointExtension><gpxtpx:hr>138</gpxtpx:hr><gpxtpx:cad>28</gpxtpx:cad></gpxtpx:TrackPointExtension></extensions></trkpt>
<trkpt lat="-33.7604354" lon="-70.2095752">
<ele>2862</ele><time>2026-09-27T11:13:15.000Z</time><extensions><gpxtpx:TrackPointExtension><gpxtpx:hr>137</gpxtpx:hr><gpxtpx:cad>33</gpxtpx:cad></gpxtpx:TrackPointExtension></extensions></trkpt>
<trkpt lat="-33.7604126" lon="-70.2096265">
<ele>2863</ele><time>2026-09-27T11:13:25.000Z</time><extensions><gpxtpx:TrackPointExtension><gpxtpx:hr>137</gpxtpx:hr><gpxtpx:cad>31</gpxtpx:cad></gpxtpx:TrackPointExtension></extensions></trkpt>
<trkpt lat="-33.7603965" lon="-70.2096814">
<ele>2865</ele><time>2026-09-27T11:13:46.000Z</time><extensions><gpxtpx:TrackPointExtension><gpxtpx:hr>147</gpxtpx:hr><gpxtpx:cad>31</gpxtpx:cad></gpxtpx:TrackPointExtension></extensions></trkpt>
<trkpt lat="-33.7603682" lon="-70.2097251">
<ele>2867</ele><time>2026-09-27T11:13:59.000Z</time><extensions><gpxtpx:TrackPointExtension><gpxtpx:hr>148</gpxtpx:hr><gpxtpx:cad>30</gpxtpx:cad></gpxtpx:TrackPointExtension></extensions></trkpt>
<trkpt lat="-33.7603497" lon="-70.2097771">
<ele>2869</ele><time>2026-09-27T11:14:19.000Z</time><extensions><gpxtpx:TrackPointExtension><gpxtpx:hr>148</gpxtpx:hr><gpxtpx:cad>32</gpxtpx:cad></gpxtpx:TrackPointExtension></extensions></trkpt>
<trkpt lat="-33.7603127" lon="-70.2098083">
<ele>2871</ele><time>2026-09-27T11:14:36.000Z</time><extensions><gpxtpx:TrackPointExtension><gpxtpx:hr>151</gpxtpx:hr><gpxtpx:cad>33</gpxtpx:cad></gpxtpx:TrackPointExtension></extensions></trkpt>
<trkpt lat="-33.7602803" lon="-70.2098490">
<ele>2874</ele><time>2026-09-27T11:15:05.000Z</time><extensions><gpxtpx:TrackPointExtension><gpxtpx:hr>156</gpxtpx:hr><gpxtpx:cad>31</gpxtpx:cad></gpxtpx:TrackPointExtension></extensions></trkpt>
<trkpt lat="-33.7602322" lon="-70.2098616">
<ele>2876</ele><time>2026-09-27T11:15:35.000Z</time><extensions><gpxtpx:TrackPointExtension><gpxtpx:hr>153</gpxtpx:hr><gpxtpx:cad>30</gpxtpx:cad></gpxtpx:TrackPointExtension></extensions></trkpt>
<trkpt lat="-33.7601799" lon="-70.2098727">
<ele>2879</ele><time>2026-09-27T11:15:51.000Z</time><extensions><gpxtpx:TrackPointExtension><gpxtpx:hr>151</gpxtpx:hr><gpxtpx:cad>17</gpxtpx:cad></gpxtpx:TrackPointExtension></extensions></trkpt>
<trkpt lat="-33.7601392" lon="-70.2099085">
<ele>2881</ele><time>2026-09-27T11:16:06.000Z</time><extensions><gpxtpx:TrackPointExtension><gpxtpx:hr>153</gpxtpx:hr><gpxtpx:cad>17</gpxtpx:cad></gpxtpx:TrackPointExtension></extensions></trkpt>
<trkpt lat="-33.7600995" lon="-70.2099385">
<ele>2884</ele><time>2026-09-27T11:16:21.000Z</time><extensions><gpxtpx:TrackPointExtension><gpxtpx:hr>156</gpxtpx:hr><gpxtpx:cad>17</gpxtpx:cad></gpxtpx:TrackPointExtension></extensions></trkpt>
<trkpt lat="-33.7600566" lon="-70.2099767">
<ele>2886</ele><time>2026-09-27T11:16:51.000Z</time><extensions><gpxtpx:TrackPointExtension><gpxtpx:hr>151</gpxtpx:hr><gpxtpx:cad>15</gpxtpx:cad></gpxtpx:TrackPointExtension></extensions></trkpt>
<trkpt lat="-33.7600200" lon="-70.2100085">
<ele>2888</ele><time>2026-09-27T11:17:10.000Z</time><extensions><gpxtpx:TrackPointExtension><gpxtpx:hr>149</gpxtpx:hr><gpxtpx:cad>15</gpxtpx:cad></gpxtpx:TrackPointExtension></extensions></trkpt>
<trkpt lat="-33.7599856" lon="-70.2100447">
<ele>2890</ele><time>2026-09-27T11:17:36.000Z</time><extensions><gpxtpx:TrackPointExtension><gpxtpx:hr>150</gpxtpx:hr><gpxtpx:cad>15</gpxtpx:cad></gpxtpx:TrackPointExtension></extensions></trkpt>
<trkpt lat="-33.7599430" lon="-70.2100628">
<ele>2892</ele><time>2026-09-27T11:18:02.000Z</time><extensions><gpxtpx:TrackPointExtension><gpxtpx:hr>142</gpxtpx:hr><gpxtpx:cad>14</gpxtpx:cad></gpxtpx:TrackPointExtension></extensions></trkpt>
<trkpt lat="-33.7598972" lon="-70.2100818">
<ele>2894</ele><time>2026-09-27T11:18:40.000Z</time><extensions><gpxtpx:TrackPointExtension><gpxtpx:hr>136</gpxtpx:hr><gpxtpx:cad>14</gpxtpx:cad></gpxtpx:TrackPointExtension></extensions></trkpt>
<trkpt lat="-33.7598496" lon="-70.2101024">
<ele>2895</ele><time>2026-09-27T11:23:42.000Z</time><extensions><gpxtpx:TrackPointExtension><gpxtpx:hr>109</gpxtpx:hr><gpxtpx:cad>15</gpxtpx:cad></gpxtpx:TrackPointExtension></extensions></trkpt>
<trkpt lat="-33.7598053" lon="-70.2101282">
<ele>2897</ele><time>2026-09-27T11:23:53.000Z</time><extensions><gpxtpx:TrackPointExtension><gpxtpx:hr>110</gpxtpx:hr><gpxtpx:cad>15</gpxtpx:cad></gpxtpx:TrackPointExtension></extensions></trkpt>
<trkpt lat="-33.7597715" lon="-70.2101712">
<ele>2899</ele><time>2026-09-27T11:24:08.000Z</time><extensions><gpxtpx:TrackPointExtension><gpxtpx:hr>125</gpxtpx:hr><gpxtpx:cad>15</gpxtpx:cad></gpxtpx:TrackPointExtension></extensions></trkpt>
<trkpt lat="-33.7597322" lon="-70.2102070">
<ele>2900</ele><time>2026-09-27T11:25:31.000Z</time><extensions><gpxtpx:TrackPointExtension><gpxtpx:hr>114</gpxtpx:hr><gpxtpx:cad>14</gpxtpx:cad></gpxtpx:TrackPointExtension></extensions></trkpt>
<trkpt lat="-33.7596897" lon="-70.2102441">
<ele>2902</ele><time>2026-09-27T11:25:43.000Z</time><extensions><gpxtpx:TrackPointExtension><gpxtpx:hr>126</gpxtpx:hr><gpxtpx:cad>13</gpxtpx:cad></gpxtpx:TrackPointExtension></extensions></trkpt>
<trkpt lat="-33.7596462" lon="-70.2102734">
<ele>2903</ele><time>2026-09-27T11:25:52.000Z</time><extensions><gpxtpx:TrackPointExtension><gpxtpx:hr>129</gpxtpx:hr><gpxtpx:cad>13</gpxtpx:cad></gpxtpx:TrackPointExtension></extensions></trkpt>
<trkpt lat="-33.7596057" lon="-70.2102974">
<ele>2903</ele><time>2026-09-27T11:25:59.000Z</time><extensions><gpxtpx:TrackPointExtension><gpxtpx:hr>139</gpxtpx:hr><gpxtpx:cad>14</gpxtpx:cad></gpxtpx:TrackPointExtension></extensions></trkpt>
<trkpt lat="-33.7595804" lon="-70.2103468">
<ele>2904</ele><time>2026-09-27T11:26:10.000Z</time><extensions><gpxtpx:TrackPointExtension><gpxtpx:hr>143</gpxtpx:hr><gpxtpx:cad>13</gpxtpx:cad></gpxtpx:TrackPointExtension></extensions></trkpt>
<trkpt lat="-33.7595544" lon="-70.2103913">
<ele>2905</ele><time>2026-09-27T11:26:23.000Z</time><extensions><gpxtpx:TrackPointExtension><gpxtpx:hr>146</gpxtpx:hr><gpxtpx:cad>26</gpxtpx:cad></gpxtpx:TrackPointExtension></extensions></trkpt>
<trkpt lat="-33.7595280" lon="-70.2104410">
<ele>2907</ele><time>2026-09-27T11:26:38.000Z</time><extensions><gpxtpx:TrackPointExtension><gpxtpx:hr>145</gpxtpx:hr><gpxtpx:cad>25</gpxtpx:cad></gpxtpx:TrackPointExtension></extensions></trkpt>
<trkpt lat="-33.7594823" lon="-70.2104787">
<ele>2908</ele><time>2026-09-27T11:26:51.000Z</time><extensions><gpxtpx:TrackPointExtension><gpxtpx:hr>147</gpxtpx:hr><gpxtpx:cad>25</gpxtpx:cad></gpxtpx:TrackPointExtension></extensions></trkpt>
<trkpt lat="-33.7594512" lon="-70.2105209">
<ele>2910</ele><time>2026-09-27T11:27:12.000Z</time><extensions><gpxtpx:TrackPointExtension><gpxtpx:hr>150</gpxtpx:hr><gpxtpx:cad>31</gpxtpx:cad></gpxtpx:TrackPointExtension></extensions></trkpt>
<trkpt lat="-33.7594287" lon="-70.2105698">
<ele>2911</ele><time>2026-09-27T11:27:27.000Z</time><extensions><gpxtpx:TrackPointExtension><gpxtpx:hr>149</gpxtpx:hr><gpxtpx:cad>25</gpxtpx:cad></gpxtpx:TrackPointExtension></extensions></trkpt>
<trkpt lat="-33.7594011" lon="-70.2106127">
<ele>2912</ele><time>2026-09-27T11:27:45.000Z</time><extensions><gpxtpx:TrackPointExtension><gpxtpx:hr>151</gpxtpx:hr><gpxtpx:cad>22</gpxtpx:cad></gpxtpx:TrackPointExtension></extensions></trkpt>
<trkpt lat="-33.7593681" lon="-70.2106558">
<ele>2913</ele><time>2026-09-27T11:27:57.000Z</time><extensions><gpxtpx:TrackPointExtension><gpxtpx:hr>144</gpxtpx:hr><gpxtpx:cad>21</gpxtpx:cad></gpxtpx:TrackPointExtension></extensions></trkpt>
<trkpt lat="-33.7593316" lon="-70.2106974">
<ele>2914</ele><time>2026-09-27T11:28:08.000Z</time><extensions><gpxtpx:TrackPointExtension><gpxtpx:hr>141</gpxtpx:hr><gpxtpx:cad>20</gpxtpx:cad></gpxtpx:TrackPointExtension></extensions></trkpt>
<trkpt lat="-33.7592987" lon="-70.2107368">
<ele>2915</ele><time>2026-09-27T11:28:23.000Z</time><extensions><gpxtpx:TrackPointExtension><gpxtpx:hr>142</gpxtpx:hr><gpxtpx:cad>19</gpxtpx:cad></gpxtpx:TrackPointExtension></extensions></trkpt>
<trkpt lat="-33.7592676" lon="-70.2107839">
<ele>2917</ele><time>2026-09-27T11:28:48.000Z</time><extensions><gpxtpx:TrackPointExtension><gpxtpx:hr>140</gpxtpx:hr><gpxtpx:cad>19</gpxtpx:cad></gpxtpx:TrackPointExtension></extensions></trkpt>
<trkpt lat="-33.7592476" lon="-70.2108371">
<ele>2919</ele><time>2026-09-27T11:29:17.000Z</time><extensions><gpxtpx:TrackPointExtension><gpxtpx:hr>148</gpxtpx:hr><gpxtpx:cad>19</gpxtpx:cad></gpxtpx:TrackPointExtension></extensions></trkpt>
<trkpt lat="-33.7592121" lon="-70.2108724">
<ele>2922</ele><time>2026-09-27T11:29:38.000Z</time><extensions><gpxtpx:TrackPointExtension><gpxtpx:hr>150</gpxtpx:hr><gpxtpx:cad>18</gpxtpx:cad></gpxtpx:TrackPointExtension></extensions></trkpt>
<trkpt lat="-33.7592059" lon="-70.2109310">
<ele>2925</ele><time>2026-09-27T11:30:35.000Z</time><extensions><gpxtpx:TrackPointExtension><gpxtpx:hr>136</gpxtpx:hr><gpxtpx:cad>19</gpxtpx:cad></gpxtpx:TrackPointExtension></extensions></trkpt>
<trkpt lat="-33.7591727" lon="-70.2109711">
<ele>2927</ele><time>2026-09-27T11:31:34.000Z</time><extensions><gpxtpx:TrackPointExtension><gpxtpx:hr>145</gpxtpx:hr><gpxtpx:cad>17</gpxtpx:cad></gpxtpx:TrackPointExtension></extensions></trkpt>
<trkpt lat="-33.7591487" lon="-70.2110210">
<ele>2930</ele><time>2026-09-27T11:31:49.000Z</time><extensions><gpxtpx:TrackPointExtension><gpxtpx:hr>151</gpxtpx:hr><gpxtpx:cad>17</gpxtpx:cad></gpxtpx:TrackPointExtension></extensions></trkpt>
<trkpt lat="-33.7591193" lon="-70.2110641">
<ele>2932</ele><time>2026-09-27T11:32:13.000Z</time><extensions><gpxtpx:TrackPointExtension><gpxtpx:hr>151</gpxtpx:hr><gpxtpx:cad>14</gpxtpx:cad></gpxtpx:TrackPointExtension></extensions></trkpt>
<trkpt lat="-33.7590827" lon="-70.2110991">
<ele>2934</ele><time>2026-09-27T11:32:26.000Z</time><extensions><gpxtpx:TrackPointExtension><gpxtpx:hr>154</gpxtpx:hr><gpxtpx:cad>13</gpxtpx:cad></gpxtpx:TrackPointExtension></extensions></trkpt>
<trkpt lat="-33.7590449" lon="-70.2111384">
<ele>2937</ele><time>2026-09-27T11:33:17.000Z</time><extensions><gpxtpx:TrackPointExtension><gpxtpx:hr>143</gpxtpx:hr><gpxtpx:cad>13</gpxtpx:cad></gpxtpx:TrackPointExtension></extensions></trkpt>
<trkpt lat="-33.7590117" lon="-70.2111803">
<ele>2940</ele><time>2026-09-27T11:33:45.000Z</time><extensions><gpxtpx:TrackPointExtension><gpxtpx:hr>147</gpxtpx:hr><gpxtpx:cad>13</gpxtpx:cad></gpxtpx:TrackPointExtension></extensions></trkpt>
<trkpt lat="-33.7589734" lon="-70.2112217">
<ele>2943</ele><time>2026-09-27T11:34:22.000Z</time><extensions><gpxtpx:TrackPointExtension><gpxtpx:hr>155</gpxtpx:hr><gpxtpx:cad>13</gpxtpx:cad></gpxtpx:TrackPointExtension></extensions></trkpt>
<trkpt lat="-33.7589305" lon="-70.2112405">
<ele>2947</ele><time>2026-09-27T11:34:37.000Z</time><extensions><gpxtpx:TrackPointExtension><gpxtpx:hr>153</gpxtpx:hr><gpxtpx:cad>16</gpxtpx:cad></gpxtpx:TrackPointExtension></extensions></trkpt>
<trkpt lat="-33.7588936" lon="-70.2112848">
<ele>2950</ele><time>2026-09-27T11:35:30.000Z</time><extensions><gpxtpx:TrackPointExtension><gpxtpx:hr>152</gpxtpx:hr><gpxtpx:cad>17</gpxtpx:cad></gpxtpx:TrackPointExtension></extensions></trkpt>
<trkpt lat="-33.7588520" lon="-70.2113067">
<ele>2954</ele><time>2026-09-27T11:35:55.000Z</time><extensions><gpxtpx:TrackPointExtension><gpxtpx:hr>156</gpxtpx:hr><gpxtpx:cad>17</gpxtpx:cad></gpxtpx:TrackPointExtension></extensions></trkpt>
<trkpt lat="-33.7588279" lon="-70.2113565">
<ele>2957</ele><time>2026-09-27T11:37:41.999Z</time><extensions><gpxtpx:TrackPointExtension><gpxtpx:hr>125</gpxtpx:hr><gpxtpx:cad>17</gpxtpx:cad></gpxtpx:TrackPointExtension></extensions></trkpt>
<trkpt lat="-33.7587914" lon="-70.2113900">
<ele>2960</ele><time>2026-09-27T11:38:18.999Z</time><extensions><gpxtpx:TrackPointExtension><gpxtpx:hr>144</gpxtpx:hr><gpxtpx:cad>18</gpxtpx:cad></gpxtpx:TrackPointExtension></extensions></trkpt>
<trkpt lat="-33.7587485" lon="-70.2114094">
<ele>2962</ele><time>2026-09-27T11:38:32.999Z</time><extensions><gpxtpx:TrackPointExtension><gpxtpx:hr>151</gpxtpx:hr><gpxtpx:cad>15</gpxtpx:cad></gpxtpx:TrackPointExtension></extensions></trkpt>
<trkpt lat="-33.7587008" lon="-70.2114205">
<ele>2965</ele><time>2026-09-27T11:38:53.999Z</time><extensions><gpxtpx:TrackPointExtension><gpxtpx:hr>161</gpxtpx:hr><gpxtpx:cad>14</gpxtpx:cad></gpxtpx:TrackPointExtension></extensions></trkpt>
<trkpt lat="-33.7586653" lon="-70.2114540">
<ele>2968</ele><time>2026-09-27T11:39:14.999Z</time><extensions><gpxtpx:TrackPointExtension><gpxtpx:hr>158</gpxtpx:hr><gpxtpx:cad>15</gpxtpx:cad></gpxtpx:TrackPointExtension></extensions></trkpt>
<trkpt lat="-33.7586298" lon="-70.2114888">
<ele>2970</ele><time>2026-09-27T11:39:29.999Z</time><extensions><gpxtpx:TrackPointExtension><gpxtpx:hr>156</gpxtpx:hr><gpxtpx:cad>15</gpxtpx:cad></gpxtpx:TrackPointExtension></extensions></trkpt>
<trkpt lat="-33.7585914" lon="-70.2115209">
<ele>2973</ele><time>2026-09-27T11:39:52.999Z</time><extensions><gpxtpx:TrackPointExtension><gpxtpx:hr>162</gpxtpx:hr><gpxtpx:cad>15</gpxtpx:cad></gpxtpx:TrackPointExtension></extensions></trkpt>
<trkpt lat="-33.7585530" lon="-70.2115516">
<ele>2976</ele><time>2026-09-27T11:40:31.999Z</time><extensions><gpxtpx:TrackPointExtension><gpxtpx:hr>154</gpxtpx:hr><gpxtpx:cad>16</gpxtpx:cad></gpxtpx:TrackPointExtension></extensions></trkpt>
<trkpt lat="-33.7585138" lon="-70.2115809">
<ele>2979</ele><time>2026-09-27T11:40:45.999Z</time><extensions><gpxtpx:TrackPointExtension><gpxtpx:hr>153</gpxtpx:hr><gpxtpx:cad>13</gpxtpx:cad></gpxtpx:TrackPointExtension></extensions></trkpt>
<trkpt lat="-33.7584765" lon="-70.2116181">
<ele>2982</ele><time>2026-09-27T11:41:06.999Z</time><extensions><gpxtpx:TrackPointExtension><gpxtpx:hr>158</gpxtpx:hr><gpxtpx:cad>13</gpxtpx:cad></gpxtpx:TrackPointExtension></extensions></trkpt>
<trkpt lat="-33.7584413" lon="-70.2116558">
<ele>2985</ele><time>2026-09-27T11:42:13.999Z</time><extensions><gpxtpx:TrackPointExtension><gpxtpx:hr>141</gpxtpx:hr><gpxtpx:cad>12</gpxtpx:cad></gpxtpx:TrackPointExtension></extensions></trkpt>
<trkpt lat="-33.7584073" lon="-70.2116919">
<ele>2988</ele><time>2026-09-27T11:43:04.999Z</time><extensions><gpxtpx:TrackPointExtension><gpxtpx:hr>149</gpxtpx:hr><gpxtpx:cad>11</gpxtpx:cad></gpxtpx:TrackPointExtension></extensions></trkpt>
<trkpt lat="-33.7583669" lon="-70.2117164">
<ele>2992</ele><time>2026-09-27T11:43:18.999Z</time><extensions><gpxtpx:TrackPointExtension><gpxtpx:hr>147</gpxtpx:hr><gpxtpx:cad>11</gpxtpx:cad></gpxtpx:TrackPointExtension></extensions></trkpt>
<trkpt lat="-33.7583399" lon="-70.2117597">
<ele>2995</ele><time>2026-09-27T11:43:47.999Z</time><extensions><gpxtpx:TrackPointExtension><gpxtpx:hr>159</gpxtpx:hr><gpxtpx:cad>9</gpxtpx:cad></gpxtpx:TrackPointExtension></extensions></trkpt>
<trkpt lat="-33.7582951" lon="-70.2118042">
<ele>2998</ele><time>2026-09-27T11:44:36.999Z</time><extensions><gpxtpx:TrackPointExtension><gpxtpx:hr>150</gpxtpx:hr><gpxtpx:cad>8</gpxtpx:cad></gpxtpx:TrackPointExtension></extensions></trkpt>
<trkpt lat="-33.7582520" lon="-70.2118233">
<ele>3000</ele><time>2026-09-27T11:45:44.999Z</time><extensions><gpxtpx:TrackPointExtension><gpxtpx:hr>159</gpxtpx:hr><gpxtpx:cad>7</gpxtpx:cad></gpxtpx:TrackPointExtension></extensions></trkpt>
<trkpt lat="-33.7582708" lon="-70.2118755">
<ele>3001</ele><time>2026-09-27T11:50:15.999Z</time><extensions><gpxtpx:TrackPointExtension><gpxtpx:hr>103</gpxtpx:hr><gpxtpx:cad>7</gpxtpx:cad></gpxtpx:TrackPointExtension></extensions></trkpt>
<trkpt lat="-33.7582229" lon="-70.2118602">
<ele>3002</ele><time>2026-09-27T11:50:24.852Z</time><extensions><gpxtpx:TrackPointExtension><gpxtpx:hr>107</gpxtpx:hr><gpxtpx:cad>6</gpxtpx:cad></gpxtpx:TrackPointExtension></extensions></trkpt>
<trkpt lat="-33.7582087" lon="-70.2119559">
<ele>3002</ele><time>2026-09-27T11:50:45.692Z</time><extensions><gpxtpx:TrackPointExtension><gpxtpx:hr>111</gpxtpx:hr><gpxtpx:cad>7</gpxtpx:cad></gpxtpx:TrackPointExtension></extensions></trkpt>
<trkpt lat="-33.7582491" lon="-70.2119321">
<ele>3002</ele><time>2026-09-27T11:50:57.799Z</time><extensions><gpxtpx:TrackPointExtension><gpxtpx:hr>111</gpxtpx:hr><gpxtpx:cad>7</gpxtpx:cad></gpxtpx:TrackPointExtension></extensions></trkpt>
<trkpt lat="-33.7582612" lon="-70.2118795">
<ele>3002</ele><time>2026-09-27T11:52:04.799Z</time><extensions><gpxtpx:TrackPointExtension><gpxtpx:hr>98</gpxtpx:hr><gpxtpx:cad>7</gpxtpx:cad></gpxtpx:TrackPointExtension></extensions></trkpt>
<trkpt lat="-33.7582239" lon="-70.2118322">
<ele>3002</ele><time>2026-09-27T11:52:19.799Z</time><extensions><gpxtpx:TrackPointExtension><gpxtpx:hr>107</gpxtpx:hr><gpxtpx:cad>7</gpxtpx:cad></gpxtpx:TrackPointExtension></extensions></trkpt>
<trkpt lat="-33.7582584" lon="-70.2118689">
<ele>3002</ele><time>2026-09-27T11:53:48.799Z</time><extensions><gpxtpx:TrackPointExtension><gpxtpx:hr>105</gpxtpx:hr><gpxtpx:cad>7</gpxtpx:cad></gpxtpx:TrackPointExtension></extensions></trkpt>
<trkpt lat="-33.7582374" lon="-70.2119181">
<ele>3002</ele><time>2026-09-27T11:55:16.798Z</time><extensions><gpxtpx:TrackPointExtension><gpxtpx:hr>119</gpxtpx:hr><gpxtpx:cad>11</gpxtpx:cad></gpxtpx:TrackPointExtension></extensions></trkpt>
<trkpt lat="-33.7581880" lon="-70.2119130">
<ele>3002</ele><time>2026-09-27T11:55:25.798Z</time><extensions><gpxtpx:TrackPointExtension><gpxtpx:hr>126</gpxtpx:hr><gpxtpx:cad>11</gpxtpx:cad></gpxtpx:TrackPointExtension></extensions></trkpt>
<trkpt lat="-33.7581464" lon="-70.2118805">
<ele>3001</ele><time>2026-09-27T11:55:33.798Z</time><extensions><gpxtpx:TrackPointExtension><gpxtpx:hr>126</gpxtpx:hr><gpxtpx:cad>12</gpxtpx:cad></gpxtpx:TrackPointExtension></extensions></trkpt>
<trkpt lat="-33.7581004" lon="-70.2118861">
<ele>3001</ele><time>2026-09-27T11:55:43.798Z</time><extensions><gpxtpx:TrackPointExtension><gpxtpx:hr>134</gpxtpx:hr><gpxtpx:cad>13</gpxtpx:cad></gpxtpx:TrackPointExtension></extensions></trkpt>
<trkpt lat="-33.7580569" lon="-70.2118688">
<ele>3000</ele><time>2026-09-27T11:55:58.798Z</time><extensions><gpxtpx:TrackPointExtension><gpxtpx:hr>140</gpxtpx:hr><gpxtpx:cad>14</gpxtpx:cad></gpxtpx:TrackPointExtension></extensions></trkpt>
<trkpt lat="-33.7580090" lon="-70.2118614">
<ele>3000</ele><time>2026-09-27T11:56:14.798Z</time><extensions><gpxtpx:TrackPointExtension><gpxtpx:hr>140</gpxtpx:hr><gpxtpx:cad>18</gpxtpx:cad></gpxtpx:TrackPointExtension></extensions></trkpt>
<trkpt lat="-33.7579645" lon="-70.2118237">
<ele>2999</ele><time>2026-09-27T11:56:29.798Z</time><extensions><gpxtpx:TrackPointExtension><gpxtpx:hr>138</gpxtpx:hr><gpxtpx:cad>19</gpxtpx:cad></gpxtpx:TrackPointExtension></extensions></trkpt>
<trkpt lat="-33.7579202" lon="-70.2118540">
<ele>2999</ele><time>2026-09-27T11:57:09.798Z</time><extensions><gpxtpx:TrackPointExtension><gpxtpx:hr>136</gpxtpx:hr><gpxtpx:cad>24</gpxtpx:cad></gpxtpx:TrackPointExtension></extensions></trkpt>
<trkpt lat="-33.7579085" lon="-70.2119348">
<ele>2998</ele><time>2026-09-27T11:57:38.798Z</time><extensions><gpxtpx:TrackPointExtension><gpxtpx:hr>140</gpxtpx:hr><gpxtpx:cad>30</gpxtpx:cad></gpxtpx:TrackPointExtension></extensions></trkpt>
<trkpt lat="-33.7578828" lon="-70.2118822">
<ele>2998</ele><time>2026-09-27T11:57:56.798Z</time><extensions><gpxtpx:TrackPointExtension><gpxtpx:hr>142</gpxtpx:hr><gpxtpx:cad>29</gpxtpx:cad></gpxtpx:TrackPointExtension></extensions></trkpt>
<trkpt lat="-33.7578570" lon="-70.2119276">
<ele>2998</ele><time>2026-09-27T11:58:08.798Z</time><extensions><gpxtpx:TrackPointExtension><gpxtpx:hr>142</gpxtpx:hr><gpxtpx:cad>27</gpxtpx:cad></gpxtpx:TrackPointExtension></extensions></trkpt>
<trkpt lat="-33.7578337" lon="-70.2118754">
<ele>2997</ele><time>2026-09-27T11:58:24.798Z</time><extensions><gpxtpx:TrackPointExtension><gpxtpx:hr>147</gpxtpx:hr><gpxtpx:cad>30</gpxtpx:cad></gpxtpx:TrackPointExtension></extensions></trkpt>
<trkpt lat="-33.7578021" lon="-70.2118299">
<ele>2997</ele><time>2026-09-27T11:58:38.799Z</time><extensions><gpxtpx:TrackPointExtension><gpxtpx:hr>141</gpxtpx:hr><gpxtpx:cad>29</gpxtpx:cad></gpxtpx:TrackPointExtension></extensions></trkpt>
<trkpt lat="-33.7578138" lon="-70.2117745">
<ele>2996</ele><time>2026-09-27T11:58:42.799Z</time><extensions><gpxtpx:TrackPointExtension><gpxtpx:hr>141</gpxtpx:hr><gpxtpx:cad>28</gpxtpx:cad></gpxtpx:TrackPointExtension></extensions></trkpt>
<trkpt lat="-33.7577845" lon="-70.2117294">
<ele>2996</ele><time>2026-09-27T11:59:08.799Z</time><extensions><gpxtpx:TrackPointExtension><gpxtpx:hr>137</gpxtpx:hr><gpxtpx:cad>15</gpxtpx:cad></gpxtpx:TrackPointExtension></extensions></trkpt>
<trkpt lat="-33.7577764" lon="-70.2116736">
<ele>2995</ele><time>2026-09-27T11:59:28.799Z</time><extensions><gpxtpx:TrackPointExtension><gpxtpx:hr>136</gpxtpx:hr><gpxtpx:cad>15</gpxtpx:cad></gpxtpx:TrackPointExtension></extensions></trkpt>
<trkpt lat="-33.7577311" lon="-70.2116856">
<ele>2995</ele><time>2026-09-27T11:59:49.799Z</time><extensions><gpxtpx:TrackPointExtension><gpxtpx:hr>143</gpxtpx:hr><gpxtpx:cad>15</gpxtpx:cad></gpxtpx:TrackPointExtension></extensions></trkpt>
<trkpt lat="-33.7577293" lon="-70.2116238">
<ele>2995</ele><time>2026-09-27T12:00:01.799Z</time><extensions><gpxtpx:TrackPointExtension><gpxtpx:hr>143</gpxtpx:hr><gpxtpx:cad>15</gpxtpx:cad></gpxtpx:TrackPointExtension></extensions></trkpt>
<trkpt lat="-33.7576832" lon="-70.2116131">
<ele>2995</ele><time>2026-09-27T12:00:34.799Z</time><extensions><gpxtpx:TrackPointExtension><gpxtpx:hr>141</gpxtpx:hr><gpxtpx:cad>14</gpxtpx:cad></gpxtpx:TrackPointExtension></extensions></trkpt>
<trkpt lat="-33.7576341" lon="-70.2116154">
<ele>2995</ele><time>2026-09-27T12:00:50.799Z</time><extensions><gpxtpx:TrackPointExtension><gpxtpx:hr>141</gpxtpx:hr><gpxtpx:cad>13</gpxtpx:cad></gpxtpx:TrackPointExtension></extensions></trkpt>
<trkpt lat="-33.7575844" lon="-70.2116513">
<ele>2995</ele><time>2026-09-27T12:01:31.799Z</time><extensions><gpxtpx:TrackPointExtension><gpxtpx:hr>137</gpxtpx:hr><gpxtpx:cad>12</gpxtpx:cad></gpxtpx:TrackPointExtension></extensions></trkpt>
<trkpt lat="-33.7576226" lon="-70.2116067">
<ele>2995</ele><time>2026-09-27T12:01:48.799Z</time><extensions><gpxtpx:TrackPointExtension><gpxtpx:hr>135</gpxtpx:hr><gpxtpx:cad>12</gpxtpx:cad></gpxtpx:TrackPointExtension></extensions></trkpt>
<trkpt lat="-33.7576028" lon="-70.2116563">
<ele>2995</ele><time>2026-09-27T12:05:35.799Z</time><extensions><gpxtpx:TrackPointExtension><gpxtpx:hr>111</gpxtpx:hr><gpxtpx:cad>14</gpxtpx:cad></gpxtpx:TrackPointExtension></extensions></trkpt>
<trkpt lat="-33.7575810" lon="-70.2115969">
<ele>2995</ele><time>2026-09-27T12:05:46.799Z</time><extensions><gpxtpx:TrackPointExtension><gpxtpx:hr>123</gpxtpx:hr><gpxtpx:cad>14</gpxtpx:cad></gpxtpx:TrackPointExtension></extensions></trkpt>
<trkpt lat="-33.7575897" lon="-70.2115353">
<ele>2995</ele><time>2026-09-27T12:05:50.799Z</time><extensions><gpxtpx:TrackPointExtension><gpxtpx:hr>126</gpxtpx:hr><gpxtpx:cad>14</gpxtpx:cad></gpxtpx:TrackPointExtension></extensions></trkpt>
<trkpt lat="-33.7575415" lon="-70.2115777">
<ele>2997</ele><time>2026-09-27T12:06:03.799Z</time><extensions><gpxtpx:TrackPointExtension><gpxtpx:hr>135</gpxtpx:hr><gpxtpx:cad>15</gpxtpx:cad></gpxtpx:TrackPointExtension></extensions></trkpt>
<trkpt lat="-33.7575118" lon="-70.2116221">
<ele>2999</ele><time>2026-09-27T12:06:32.799Z</time><extensions><gpxtpx:TrackPointExtension><gpxtpx:hr>140</gpxtpx:hr><gpxtpx:cad>15</gpxtpx:cad></gpxtpx:TrackPointExtension></extensions></trkpt>
<trkpt lat="-33.7575065" lon="-70.2117025">
<ele>3003</ele><time>2026-09-27T12:06:57.800Z</time><extensions><gpxtpx:TrackPointExtension><gpxtpx:hr>152</gpxtpx:hr><gpxtpx:cad>13</gpxtpx:cad></gpxtpx:TrackPointExtension></extensions></trkpt>
<trkpt lat="-33.7574700" lon="-70.2117454">
<ele>3006</ele><time>2026-09-27T12:07:35.800Z</time><extensions><gpxtpx:TrackPointExtension><gpxtpx:hr>149</gpxtpx:hr><gpxtpx:cad>13</gpxtpx:cad></gpxtpx:TrackPointExtension></extensions></trkpt>
<trkpt lat="-33.7574358" lon="-70.2117998">
<ele>3009</ele><time>2026-09-27T12:07:51.800Z</time><extensions><gpxtpx:TrackPointExtension><gpxtpx:hr>161</gpxtpx:hr><gpxtpx:cad>20</gpxtpx:cad></gpxtpx:TrackPointExtension></extensions></trkpt>
<trkpt lat="-33.7574301" lon="-70.2118593">
<ele>3011</ele><time>2026-09-27T12:07:55.800Z</time><extensions><gpxtpx:TrackPointExtension><gpxtpx:hr>162</gpxtpx:hr><gpxtpx:cad>20</gpxtpx:cad></gpxtpx:TrackPointExtension></extensions></trkpt>
<trkpt lat="-33.7574628" lon="-70.2118183">
<ele>3013</ele><time>2026-09-27T12:09:08.800Z</time><extensions><gpxtpx:TrackPointExtension><gpxtpx:hr>146</gpxtpx:hr><gpxtpx:cad>20</gpxtpx:cad></gpxtpx:TrackPointExtension></extensions></trkpt>
<trkpt lat="-33.7574255" lon="-70.2118494">
<ele>3014</ele><time>2026-09-27T12:11:38.801Z</time><extensions><gpxtpx:TrackPointExtension><gpxtpx:hr>125</gpxtpx:hr><gpxtpx:cad>20</gpxtpx:cad></gpxtpx:TrackPointExtension></extensions></trkpt>
<trkpt lat="-33.7574451" lon="-70.2117990">
<ele>3015</ele><time>2026-09-27T12:12:31.801Z</time><extensions><gpxtpx:TrackPointExtension><gpxtpx:hr>125</gpxtpx:hr><gpxtpx:cad>22</gpxtpx:cad></gpxtpx:TrackPointExtension></extensions></trkpt>
<trkpt lat="-33.7574276" lon="-70.2118660">
<ele>3017</ele><time>2026-09-27T12:13:07.801Z</time><extensions><gpxtpx:TrackPointExtension><gpxtpx:hr>134</gpxtpx:hr><gpxtpx:cad>21</gpxtpx:cad></gpxtpx:TrackPointExtension></extensions></trkpt>
<trkpt lat="-33.7573975" lon="-70.2119075">
<ele>3020</ele><time>2026-09-27T12:13:21.801Z</time><extensions><gpxtpx:TrackPointExtension><gpxtpx:hr>144</gpxtpx:hr><gpxtpx:cad>22</gpxtpx:cad></gpxtpx:TrackPointExtension></extensions></trkpt>
<trkpt lat="-33.7573878" lon="-70.2119722">
<ele>3023</ele><time>2026-09-27T12:13:32.801Z</time><extensions><gpxtpx:TrackPointExtension><gpxtpx:hr>147</gpxtpx:hr><gpxtpx:cad>22</gpxtpx:cad></gpxtpx:TrackPointExtension></extensions></trkpt>
<trkpt lat="-33.7573487" lon="-70.2120053">
<ele>3027</ele><time>2026-09-27T12:13:51.801Z</time><extensions><gpxtpx:TrackPointExtension><gpxtpx:hr>149</gpxtpx:hr><gpxtpx:cad>20</gpxtpx:cad></gpxtpx:TrackPointExtension></extensions></trkpt>
<trkpt lat="-33.7573226" lon="-70.2120557">
<ele>3031</ele><time>2026-09-27T12:14:31.801Z</time><extensions><gpxtpx:TrackPointExtension><gpxtpx:hr>174</gpxtpx:hr><gpxtpx:cad>20</gpxtpx:cad></gpxtpx:TrackPointExtension></extensions></trkpt>
<trkpt lat="-33.7573147" lon="-70.2121090">
<ele>3035</ele><time>2026-09-27T12:14:46.801Z</time><extensions><gpxtpx:TrackPointExtension><gpxtpx:hr>175</gpxtpx:hr><gpxtpx:cad>20</gpxtpx:cad></gpxtpx:TrackPointExtension></extensions></trkpt>
<trkpt lat="-33.7572921" lon="-70.2121597">
<ele>3039</ele><time>2026-09-27T12:15:16.801Z</time><extensions><gpxtpx:TrackPointExtension><gpxtpx:hr>171</gpxtpx:hr><gpxtpx:cad>18</gpxtpx:cad></gpxtpx:TrackPointExtension></extensions></trkpt>
<trkpt lat="-33.7572738" lon="-70.2122118">
<ele>3043</ele><time>2026-09-27T12:15:30.802Z</time><extensions><gpxtpx:TrackPointExtension><gpxtpx:hr>175</gpxtpx:hr><gpxtpx:cad>18</gpxtpx:cad></gpxtpx:TrackPointExtension></extensions></trkpt>
<trkpt lat="-33.7572590" lon="-70.2122688">
<ele>3047</ele><time>2026-09-27T12:16:05.802Z</time><extensions><gpxtpx:TrackPointExtension><gpxtpx:hr>177</gpxtpx:hr><gpxtpx:cad>17</gpxtpx:cad></gpxtpx:TrackPointExtension></extensions></trkpt>
<trkpt lat="-33.7572280" lon="-70.2123171">
<ele>3052</ele><time>2026-09-27T12:16:49.802Z</time><extensions><gpxtpx:TrackPointExtension><gpxtpx:hr>173</gpxtpx:hr><gpxtpx:cad>16</gpxtpx:cad></gpxtpx:TrackPointExtension></extensions></trkpt>
<trkpt lat="-33.7572238" lon="-70.2123713">
<ele>3056</ele><time>2026-09-27T12:17:07.803Z</time><extensions><gpxtpx:TrackPointExtension><gpxtpx:hr>176</gpxtpx:hr><gpxtpx:cad>15</gpxtpx:cad></gpxtpx:TrackPointExtension></extensions></trkpt>
<trkpt lat="-33.7572214" lon="-70.2124307">
<ele>3060</ele><time>2026-09-27T12:17:59.802Z</time><extensions><gpxtpx:TrackPointExtension><gpxtpx:hr>168</gpxtpx:hr><gpxtpx:cad>15</gpxtpx:cad></gpxtpx:TrackPointExtension></extensions></trkpt>
<trkpt lat="-33.7572311" lon="-70.2124895">
<ele>3063</ele><time>2026-09-27T12:18:31.802Z</time><extensions><gpxtpx:TrackPointExtension><gpxtpx:hr>173</gpxtpx:hr><gpxtpx:cad>14</gpxtpx:cad></gpxtpx:TrackPointExtension></extensions></trkpt>
<trkpt lat="-33.7571916" lon="-70.2125159">
<ele>3067</ele><time>2026-09-27T12:18:46.803Z</time><extensions><gpxtpx:TrackPointExtension><gpxtpx:hr>172</gpxtpx:hr><gpxtpx:cad>15</gpxtpx:cad></gpxtpx:TrackPointExtension></extensions></trkpt>
<trkpt lat="-33.7571943" lon="-70.2125769">
<ele>3069</ele><time>2026-09-27T12:20:19.803Z</time><extensions><gpxtpx:TrackPointExtension><gpxtpx:hr>147</gpxtpx:hr><gpxtpx:cad>16</gpxtpx:cad></gpxtpx:TrackPointExtension></extensions></trkpt>
<trkpt lat="-33.7572146" lon="-70.2126254">
<ele>3072</ele><time>2026-09-27T12:21:14.803Z</time><extensions><gpxtpx:TrackPointExtension><gpxtpx:hr>124</gpxtpx:hr><gpxtpx:cad>15</gpxtpx:cad></gpxtpx:TrackPointExtension></extensions></trkpt>
<trkpt lat="-33.7571792" lon="-70.2125900">
<ele>3074</ele><time>2026-09-27T12:21:45.803Z</time><extensions><gpxtpx:TrackPointExtension><gpxtpx:hr>126</gpxtpx:hr><gpxtpx:cad>14</gpxtpx:cad></gpxtpx:TrackPointExtension></extensions></trkpt>
<trkpt lat="-33.7571800" lon="-70.2126471">
<ele>3076</ele><time>2026-09-27T12:22:09.803Z</time><extensions><gpxtpx:TrackPointExtension><gpxtpx:hr>147</gpxtpx:hr><gpxtpx:cad>13</gpxtpx:cad></gpxtpx:TrackPointExtension></extensions></trkpt>
<trkpt lat="-33.7572108" lon="-70.2126976">
<ele>3078</ele><time>2026-09-27T12:22:31.803Z</time><extensions><gpxtpx:TrackPointExtension><gpxtpx:hr>151</gpxtpx:hr><gpxtpx:cad>13</gpxtpx:cad></gpxtpx:TrackPointExtension></extensions></trkpt>
<trkpt lat="-33.7571933" lon="-70.2127526">
<ele>3080</ele><time>2026-09-27T12:22:51.803Z</time><extensions><gpxtpx:TrackPointExtension><gpxtpx:hr>158</gpxtpx:hr><gpxtpx:cad>14</gpxtpx:cad></gpxtpx:TrackPointExtension></extensions></trkpt>
<trkpt lat="-33.7572229" lon="-70.2128029">
<ele>3083</ele><time>2026-09-27T12:22:59.803Z</time><extensions><gpxtpx:TrackPointExtension><gpxtpx:hr>162</gpxtpx:hr><gpxtpx:cad>13</gpxtpx:cad></gpxtpx:TrackPointExtension></extensions></trkpt>
<trkpt lat="-33.7572115" lon="-70.2128599">
<ele>3085</ele><time>2026-09-27T12:23:40.803Z</time><extensions><gpxtpx:TrackPointExtension><gpxtpx:hr>170</gpxtpx:hr><gpxtpx:cad>12</gpxtpx:cad></gpxtpx:TrackPointExtension></extensions></trkpt>
<trkpt lat="-33.7571852" lon="-70.2129064">
<ele>3088</ele><time>2026-09-27T12:23:55.804Z</time><extensions><gpxtpx:TrackPointExtension><gpxtpx:hr>170</gpxtpx:hr><gpxtpx:cad>12</gpxtpx:cad></gpxtpx:TrackPointExtension></extensions></trkpt>
<trkpt lat="-33.7571114" lon="-70.2129244">
<ele>3089</ele><time>2026-09-27T12:24:32.804Z</time><extensions><gpxtpx:TrackPointExtension><gpxtpx:hr>170</gpxtpx:hr><gpxtpx:cad>13</gpxtpx:cad></gpxtpx:TrackPointExtension></extensions></trkpt>
<trkpt lat="-33.7571014" lon="-70.2130070">
<ele>3091</ele><time>2026-09-27T12:25:48.804Z</time><extensions><gpxtpx:TrackPointExtension><gpxtpx:hr>129</gpxtpx:hr><gpxtpx:cad>11</gpxtpx:cad></gpxtpx:TrackPointExtension></extensions></trkpt>
<trkpt lat="-33.7570716" lon="-70.2129605">
<ele>3092</ele><time>2026-09-27T12:26:13.803Z</time><extensions><gpxtpx:TrackPointExtension><gpxtpx:hr>123</gpxtpx:hr><gpxtpx:cad>11</gpxtpx:cad></gpxtpx:TrackPointExtension></extensions></trkpt>
<trkpt lat="-33.7570259" lon="-70.2129431">
<ele>3093</ele><time>2026-09-27T12:26:32.804Z</time><extensions><gpxtpx:TrackPointExtension><gpxtpx:hr>134</gpxtpx:hr><gpxtpx:cad>11</gpxtpx:cad></gpxtpx:TrackPointExtension></extensions></trkpt>
<trkpt lat="-33.7569875" lon="-70.2129104">
<ele>3094</ele><time>2026-09-27T12:27:09.804Z</time><extensions><gpxtpx:TrackPointExtension><gpxtpx:hr>121</gpxtpx:hr><gpxtpx:cad>11</gpxtpx:cad></gpxtpx:TrackPointExtension></extensions></trkpt>
<trkpt lat="-33.7569424" lon="-70.2129085">
<ele>3095</ele><time>2026-09-27T12:28:28.804Z</time><extensions><gpxtpx:TrackPointExtension><gpxtpx:hr>115</gpxtpx:hr><gpxtpx:cad>11</gpxtpx:cad></gpxtpx:TrackPointExtension></extensions></trkpt>
<trkpt lat="-33.7569285" lon="-70.2129625">
<ele>3097</ele><time>2026-09-27T12:29:46.804Z</time><extensions><gpxtpx:TrackPointExtension><gpxtpx:hr>130</gpxtpx:hr><gpxtpx:cad>12</gpxtpx:cad></gpxtpx:TrackPointExtension></extensions></trkpt>
<trkpt lat="-33.7568868" lon="-70.2129890">
<ele>3098</ele><time>2026-09-27T12:30:11.805Z</time><extensions><gpxtpx:TrackPointExtension><gpxtpx:hr>122</gpxtpx:hr><gpxtpx:cad>11</gpxtpx:cad></gpxtpx:TrackPointExtension></extensions></trkpt>
</trkseg><trkseg>
<trkpt lat="-33.7570893" lon="-70.2132066">
<ele>3101</ele><time>2026-09-27T13:28:21.999Z</time><extensions><gpxtpx:TrackPointExtension><gpxtpx:hr>108</gpxtpx:hr><gpxtpx:cad>13</gpxtpx:cad></gpxtpx:TrackPointExtension></extensions></trkpt>
<trkpt lat="-33.7571332" lon="-70.2131895">
<ele>3103</ele><time>2026-09-27T13:28:38.999Z</time><extensions><gpxtpx:TrackPointExtension><gpxtpx:hr>119</gpxtpx:hr><gpxtpx:cad>13</gpxtpx:cad></gpxtpx:TrackPointExtension></extensions></trkpt>
<trkpt lat="-33.7571767" lon="-70.2131647">
<ele>3103</ele><time>2026-09-27T13:29:31.999Z</time><extensions><gpxtpx:TrackPointExtension><gpxtpx:hr>128</gpxtpx:hr><gpxtpx:cad>14</gpxtpx:cad></gpxtpx:TrackPointExtension></extensions></trkpt>
<trkpt lat="-33.7572080" lon="-70.2132114">
<ele>3104</ele><time>2026-09-27T13:30:22.999Z</time><extensions><gpxtpx:TrackPointExtension><gpxtpx:hr>121</gpxtpx:hr><gpxtpx:cad>15</gpxtpx:cad></gpxtpx:TrackPointExtension></extensions></trkpt>
<trkpt lat="-33.7571850" lon="-70.2131528">
<ele>3104</ele><time>2026-09-27T13:30:41.999Z</time><extensions><gpxtpx:TrackPointExtension><gpxtpx:hr>125</gpxtpx:hr><gpxtpx:cad>15</gpxtpx:cad></gpxtpx:TrackPointExtension></extensions></trkpt>
<trkpt lat="-33.7571783" lon="-70.2130933">
<ele>3104</ele><time>2026-09-27T13:30:49.999Z</time><extensions><gpxtpx:TrackPointExtension><gpxtpx:hr>121</gpxtpx:hr><gpxtpx:cad>15</gpxtpx:cad></gpxtpx:TrackPointExtension></extensions></trkpt>
<trkpt lat="-33.7571604" lon="-70.2130409">
<ele>3104</ele><time>2026-09-27T13:30:56.999Z</time><extensions><gpxtpx:TrackPointExtension><gpxtpx:hr>123</gpxtpx:hr><gpxtpx:cad>20</gpxtpx:cad></gpxtpx:TrackPointExtension></extensions></trkpt>
<trkpt lat="-33.7571619" lon="-70.2129811">
<ele>3105</ele><time>2026-09-27T13:31:03.999Z</time><extensions><gpxtpx:TrackPointExtension><gpxtpx:hr>139</gpxtpx:hr><gpxtpx:cad>21</gpxtpx:cad></gpxtpx:TrackPointExtension></extensions></trkpt>
<trkpt lat="-33.7571508" lon="-70.2129217">
<ele>3104</ele><time>2026-09-27T13:31:11.999Z</time><extensions><gpxtpx:TrackPointExtension><gpxtpx:hr>141</gpxtpx:hr><gpxtpx:cad>24</gpxtpx:cad></gpxtpx:TrackPointExtension></extensions></trkpt>
<trkpt lat="-33.7571401" lon="-70.2128679">
<ele>3103</ele><time>2026-09-27T13:31:18.999Z</time><extensions><gpxtpx:TrackPointExtension><gpxtpx:hr>146</gpxtpx:hr><gpxtpx:cad>22</gpxtpx:cad></gpxtpx:TrackPointExtension></extensions></trkpt>
<trkpt lat="-33.7571422" lon="-70.2128130">
<ele>3102</ele><time>2026-09-27T13:31:39.999Z</time><extensions><gpxtpx:TrackPointExtension><gpxtpx:hr>145</gpxtpx:hr><gpxtpx:cad>23</gpxtpx:cad></gpxtpx:TrackPointExtension></extensions></trkpt>
<trkpt lat="-33.7571881" lon="-70.2128056">
<ele>3100</ele><time>2026-09-27T13:31:50.999Z</time><extensions><gpxtpx:TrackPointExtension><gpxtpx:hr>146</gpxtpx:hr><gpxtpx:cad>20</gpxtpx:cad></gpxtpx:TrackPointExtension></extensions></trkpt>
<trkpt lat="-33.7571774" lon="-70.2127526">
<ele>3097</ele><time>2026-09-27T13:32:20.999Z</time><extensions><gpxtpx:TrackPointExtension><gpxtpx:hr>144</gpxtpx:hr><gpxtpx:cad>17</gpxtpx:cad></gpxtpx:TrackPointExtension></extensions></trkpt>
<trkpt lat="-33.7571763" lon="-70.2126962">
<ele>3095</ele><time>2026-09-27T13:33:13.999Z</time><extensions><gpxtpx:TrackPointExtension><gpxtpx:hr>156</gpxtpx:hr><gpxtpx:cad>16</gpxtpx:cad></gpxtpx:TrackPointExtension></extensions></trkpt>
<trkpt lat="-33.7571837" lon="-70.2126420">
<ele>3092</ele><time>2026-09-27T13:33:39.999Z</time><extensions><gpxtpx:TrackPointExtension><gpxtpx:hr>153</gpxtpx:hr><gpxtpx:cad>15</gpxtpx:cad></gpxtpx:TrackPointExtension></extensions></trkpt>
<trkpt lat="-33.7571576" lon="-70.2125942">
<ele>3090</ele><time>2026-09-27T13:34:07.999Z</time><extensions><gpxtpx:TrackPointExtension><gpxtpx:hr>152</gpxtpx:hr><gpxtpx:cad>15</gpxtpx:cad></gpxtpx:TrackPointExtension></extensions></trkpt>
<trkpt lat="-33.7571537" lon="-70.2125386">
<ele>3087</ele><time>2026-09-27T13:34:37.000Z</time><extensions><gpxtpx:TrackPointExtension><gpxtpx:hr>151</gpxtpx:hr><gpxtpx:cad>14</gpxtpx:cad></gpxtpx:TrackPointExtension></extensions></trkpt>
<trkpt lat="-33.7571866" lon="-70.2124979">
<ele>3084</ele><time>2026-09-27T13:35:14.999Z</time><extensions><gpxtpx:TrackPointExtension><gpxtpx:hr>151</gpxtpx:hr><gpxtpx:cad>12</gpxtpx:cad></gpxtpx:TrackPointExtension></extensions></trkpt>
<trkpt lat="-33.7572239" lon="-70.2124668">
<ele>3079</ele><time>2026-09-27T13:35:50.999Z</time><extensions><gpxtpx:TrackPointExtension><gpxtpx:hr>145</gpxtpx:hr><gpxtpx:cad>11</gpxtpx:cad></gpxtpx:TrackPointExtension></extensions></trkpt>
<trkpt lat="-33.7572126" lon="-70.2124132">
<ele>3075</ele><time>2026-09-27T13:37:16.000Z</time><extensions><gpxtpx:TrackPointExtension><gpxtpx:hr>143</gpxtpx:hr><gpxtpx:cad>11</gpxtpx:cad></gpxtpx:TrackPointExtension></extensions></trkpt>
<trkpt lat="-33.7572104" lon="-70.2123586">
<ele>3071</ele><time>2026-09-27T13:38:23.999Z</time><extensions><gpxtpx:TrackPointExtension><gpxtpx:hr>151</gpxtpx:hr><gpxtpx:cad>11</gpxtpx:cad></gpxtpx:TrackPointExtension></extensions></trkpt>
<trkpt lat="-33.7572330" lon="-70.2123078">
<ele>3067</ele><time>2026-09-27T13:39:03.999Z</time><extensions><gpxtpx:TrackPointExtension><gpxtpx:hr>154</gpxtpx:hr><gpxtpx:cad>10</gpxtpx:cad></gpxtpx:TrackPointExtension></extensions></trkpt>
<trkpt lat="-33.7572490" lon="-70.2122547">
<ele>3063</ele><time>2026-09-27T13:40:03.999Z</time><extensions><gpxtpx:TrackPointExtension><gpxtpx:hr>154</gpxtpx:hr><gpxtpx:cad>9</gpxtpx:cad></gpxtpx:TrackPointExtension></extensions></trkpt>
<trkpt lat="-33.7572788" lon="-70.2122084">
<ele>3060</ele><time>2026-09-27T13:41:00.000Z</time><extensions><gpxtpx:TrackPointExtension><gpxtpx:hr>149</gpxtpx:hr><gpxtpx:cad>8</gpxtpx:cad></gpxtpx:TrackPointExtension></extensions></trkpt>
<trkpt lat="-33.7572721" lon="-70.2121503">
<ele>3056</ele><time>2026-09-27T13:41:44.000Z</time><extensions><gpxtpx:TrackPointExtension><gpxtpx:hr>147</gpxtpx:hr><gpxtpx:cad>7</gpxtpx:cad></gpxtpx:TrackPointExtension></extensions></trkpt>
<trkpt lat="-33.7572871" lon="-70.2120960">
<ele>3052</ele><time>2026-09-27T13:43:14.000Z</time><extensions><gpxtpx:TrackPointExtension><gpxtpx:hr>143</gpxtpx:hr><gpxtpx:cad>7</gpxtpx:cad></gpxtpx:TrackPointExtension></extensions></trkpt>
<trkpt lat="-33.7572825" lon="-70.2120412">
<ele>3048</ele><time>2026-09-27T13:44:14.000Z</time><extensions><gpxtpx:TrackPointExtension><gpxtpx:hr>138</gpxtpx:hr><gpxtpx:cad>6</gpxtpx:cad></gpxtpx:TrackPointExtension></extensions></trkpt>
<trkpt lat="-33.7573148" lon="-70.2120015">
<ele>3045</ele><time>2026-09-27T13:44:35.000Z</time><extensions><gpxtpx:TrackPointExtension><gpxtpx:hr>139</gpxtpx:hr><gpxtpx:cad>5</gpxtpx:cad></gpxtpx:TrackPointExtension></extensions></trkpt>
<trkpt lat="-33.7573523" lon="-70.2119652">
<ele>3042</ele><time>2026-09-27T13:45:18.000Z</time><extensions><gpxtpx:TrackPointExtension><gpxtpx:hr>139</gpxtpx:hr><gpxtpx:cad>5</gpxtpx:cad></gpxtpx:TrackPointExtension></extensions></trkpt>
<trkpt lat="-33.7573855" lon="-70.2119252">
<ele>3039</ele><time>2026-09-27T13:46:21.000Z</time><extensions><gpxtpx:TrackPointExtension><gpxtpx:hr>134</gpxtpx:hr><gpxtpx:cad>5</gpxtpx:cad></gpxtpx:TrackPointExtension></extensions></trkpt>
<trkpt lat="-33.7574220" lon="-70.2118846">
<ele>3036</ele><time>2026-09-27T13:47:03.000Z</time><extensions><gpxtpx:TrackPointExtension><gpxtpx:hr>139</gpxtpx:hr><gpxtpx:cad>5</gpxtpx:cad></gpxtpx:TrackPointExtension></extensions></trkpt>
<trkpt lat="-33.7574439" lon="-70.2118345">
<ele>3033</ele><time>2026-09-27T13:48:04.000Z</time><extensions><gpxtpx:TrackPointExtension><gpxtpx:hr>141</gpxtpx:hr><gpxtpx:cad>4</gpxtpx:cad></gpxtpx:TrackPointExtension></extensions></trkpt>
<trkpt lat="-33.7574807" lon="-70.2117991">
<ele>3030</ele><time>2026-09-27T13:48:30.000Z</time><extensions><gpxtpx:TrackPointExtension><gpxtpx:hr>150</gpxtpx:hr><gpxtpx:cad>4</gpxtpx:cad></gpxtpx:TrackPointExtension></extensions></trkpt>
<trkpt lat="-33.7575051" lon="-70.2117474">
<ele>3027</ele><time>2026-09-27T13:50:20.000Z</time><extensions><gpxtpx:TrackPointExtension><gpxtpx:hr>136</gpxtpx:hr><gpxtpx:cad>5</gpxtpx:cad></gpxtpx:TrackPointExtension></extensions></trkpt>
<trkpt lat="-33.7575294" lon="-70.2117010">
<ele>3024</ele><time>2026-09-27T13:51:03.000Z</time><extensions><gpxtpx:TrackPointExtension><gpxtpx:hr>146</gpxtpx:hr><gpxtpx:cad>7</gpxtpx:cad></gpxtpx:TrackPointExtension></extensions></trkpt>
<trkpt lat="-33.7575451" lon="-70.2116488">
<ele>3021</ele><time>2026-09-27T13:52:15.000Z</time><extensions><gpxtpx:TrackPointExtension><gpxtpx:hr>134</gpxtpx:hr><gpxtpx:cad>7</gpxtpx:cad></gpxtpx:TrackPointExtension></extensions></trkpt>
<trkpt lat="-33.7575916" lon="-70.2116207">
<ele>3018</ele><time>2026-09-27T13:55:14.000Z</time><extensions><gpxtpx:TrackPointExtension><gpxtpx:hr>133</gpxtpx:hr><gpxtpx:cad>7</gpxtpx:cad></gpxtpx:TrackPointExtension></extensions></trkpt>
<trkpt lat="-33.7575559" lon="-70.2116629">
<ele>3015</ele><time>2026-09-27T13:56:14.000Z</time><extensions><gpxtpx:TrackPointExtension><gpxtpx:hr>141</gpxtpx:hr><gpxtpx:cad>8</gpxtpx:cad></gpxtpx:TrackPointExtension></extensions></trkpt>
<trkpt lat="-33.7576212" lon="-70.2116222">
<ele>3014</ele><time>2026-09-27T13:56:34.000Z</time><extensions><gpxtpx:TrackPointExtension><gpxtpx:hr>135</gpxtpx:hr><gpxtpx:cad>8</gpxtpx:cad></gpxtpx:TrackPointExtension></extensions></trkpt>
<trkpt lat="-33.7576681" lon="-70.2116212">
<ele>3013</ele><time>2026-09-27T13:57:27.000Z</time><extensions><gpxtpx:TrackPointExtension><gpxtpx:hr>140</gpxtpx:hr><gpxtpx:cad>10</gpxtpx:cad></gpxtpx:TrackPointExtension></extensions></trkpt>
<trkpt lat="-33.7577165" lon="-70.2116199">
<ele>3012</ele><time>2026-09-27T13:57:45.000Z</time><extensions><gpxtpx:TrackPointExtension><gpxtpx:hr>141</gpxtpx:hr><gpxtpx:cad>12</gpxtpx:cad></gpxtpx:TrackPointExtension></extensions></trkpt>
<trkpt lat="-33.7577576" lon="-70.2116455">
<ele>3013</ele><time>2026-09-27T13:58:10.000Z</time><extensions><gpxtpx:TrackPointExtension><gpxtpx:hr>147</gpxtpx:hr><gpxtpx:cad>13</gpxtpx:cad></gpxtpx:TrackPointExtension></extensions></trkpt>
<trkpt lat="-33.7577947" lon="-70.2116834">
<ele>3014</ele><time>2026-09-27T13:58:33.000Z</time><extensions><gpxtpx:TrackPointExtension><gpxtpx:hr>150</gpxtpx:hr><gpxtpx:cad>14</gpxtpx:cad></gpxtpx:TrackPointExtension></extensions></trkpt>
<trkpt lat="-33.7578351" lon="-70.2117088">
<ele>3015</ele><time>2026-09-27T13:59:56.000Z</time><extensions><gpxtpx:TrackPointExtension><gpxtpx:hr>142</gpxtpx:hr><gpxtpx:cad>20</gpxtpx:cad></gpxtpx:TrackPointExtension></extensions></trkpt>
<trkpt lat="-33.7578810" lon="-70.2117347">
<ele>3016</ele><time>2026-09-27T14:00:09.000Z</time><extensions><gpxtpx:TrackPointExtension><gpxtpx:hr>149</gpxtpx:hr><gpxtpx:cad>24</gpxtpx:cad></gpxtpx:TrackPointExtension></extensions></trkpt>
<trkpt lat="-33.7579218" lon="-70.2117601">
<ele>3017</ele><time>2026-09-27T14:00:19.000Z</time><extensions><gpxtpx:TrackPointExtension><gpxtpx:hr>150</gpxtpx:hr><gpxtpx:cad>23</gpxtpx:cad></gpxtpx:TrackPointExtension></extensions></trkpt>
<trkpt lat="-33.7579629" lon="-70.2117932">
<ele>3017</ele><time>2026-09-27T14:00:38.000Z</time><extensions><gpxtpx:TrackPointExtension><gpxtpx:hr>154</gpxtpx:hr><gpxtpx:cad>24</gpxtpx:cad></gpxtpx:TrackPointExtension></extensions></trkpt>
<trkpt lat="-33.7580071" lon="-70.2118039">
<ele>3018</ele><time>2026-09-27T14:00:48.000Z</time><extensions><gpxtpx:TrackPointExtension><gpxtpx:hr>163</gpxtpx:hr><gpxtpx:cad>23</gpxtpx:cad></gpxtpx:TrackPointExtension></extensions></trkpt>
<trkpt lat="-33.7580509" lon="-70.2118196">
<ele>3018</ele><time>2026-09-27T14:00:59.000Z</time><extensions><gpxtpx:TrackPointExtension><gpxtpx:hr>164</gpxtpx:hr><gpxtpx:cad>22</gpxtpx:cad></gpxtpx:TrackPointExtension></extensions></trkpt>
<trkpt lat="-33.7581000" lon="-70.2118262">
<ele>3019</ele><time>2026-09-27T14:01:09.000Z</time><extensions><gpxtpx:TrackPointExtension><gpxtpx:hr>164</gpxtpx:hr><gpxtpx:cad>20</gpxtpx:cad></gpxtpx:TrackPointExtension></extensions></trkpt>
<trkpt lat="-33.7581448" lon="-70.2118167">
<ele>3019</ele><time>2026-09-27T14:01:22.000Z</time><extensions><gpxtpx:TrackPointExtension><gpxtpx:hr>164</gpxtpx:hr><gpxtpx:cad>22</gpxtpx:cad></gpxtpx:TrackPointExtension></extensions></trkpt>
<trkpt lat="-33.7581891" lon="-70.2118302">
<ele>3019</ele><time>2026-09-27T14:01:32.000Z</time><extensions><gpxtpx:TrackPointExtension><gpxtpx:hr>164</gpxtpx:hr><gpxtpx:cad>25</gpxtpx:cad></gpxtpx:TrackPointExtension></extensions></trkpt>
<trkpt lat="-33.7582353" lon="-70.2118217">
<ele>3019</ele><time>2026-09-27T14:01:42.000Z</time><extensions><gpxtpx:TrackPointExtension><gpxtpx:hr>162</gpxtpx:hr><gpxtpx:cad>26</gpxtpx:cad></gpxtpx:TrackPointExtension></extensions></trkpt>
<trkpt lat="-33.7582824" lon="-70.2118235">
<ele>3017</ele><time>2026-09-27T14:01:54.000Z</time><extensions><gpxtpx:TrackPointExtension><gpxtpx:hr>161</gpxtpx:hr><gpxtpx:cad>25</gpxtpx:cad></gpxtpx:TrackPointExtension></extensions></trkpt>
<trkpt lat="-33.7583129" lon="-70.2117824">
<ele>3015</ele><time>2026-09-27T14:03:05.000Z</time><extensions><gpxtpx:TrackPointExtension><gpxtpx:hr>148</gpxtpx:hr><gpxtpx:cad>25</gpxtpx:cad></gpxtpx:TrackPointExtension></extensions></trkpt>
<trkpt lat="-33.7583451" lon="-70.2117404">
<ele>3012</ele><time>2026-09-27T14:03:59.000Z</time><extensions><gpxtpx:TrackPointExtension><gpxtpx:hr>152</gpxtpx:hr><gpxtpx:cad>24</gpxtpx:cad></gpxtpx:TrackPointExtension></extensions></trkpt>
<trkpt lat="-33.7583761" lon="-70.2116994">
<ele>3009</ele><time>2026-09-27T14:04:33.000Z</time><extensions><gpxtpx:TrackPointExtension><gpxtpx:hr>157</gpxtpx:hr><gpxtpx:cad>24</gpxtpx:cad></gpxtpx:TrackPointExtension></extensions></trkpt>
<trkpt lat="-33.7584147" lon="-70.2116605">
<ele>3005</ele><time>2026-09-27T14:06:11.999Z</time><extensions><gpxtpx:TrackPointExtension><gpxtpx:hr>146</gpxtpx:hr><gpxtpx:cad>24</gpxtpx:cad></gpxtpx:TrackPointExtension></extensions></trkpt>
<trkpt lat="-33.7584455" lon="-70.2116207">
<ele>3002</ele><time>2026-09-27T14:06:44.999Z</time><extensions><gpxtpx:TrackPointExtension><gpxtpx:hr>154</gpxtpx:hr><gpxtpx:cad>25</gpxtpx:cad></gpxtpx:TrackPointExtension></extensions></trkpt>
<trkpt lat="-33.7584873" lon="-70.2115921">
<ele>2998</ele><time>2026-09-27T14:06:57.999Z</time><extensions><gpxtpx:TrackPointExtension><gpxtpx:hr>157</gpxtpx:hr><gpxtpx:cad>24</gpxtpx:cad></gpxtpx:TrackPointExtension></extensions></trkpt>
<trkpt lat="-33.7585241" lon="-70.2115528">
<ele>2995</ele><time>2026-09-27T14:07:34.999Z</time><extensions><gpxtpx:TrackPointExtension><gpxtpx:hr>154</gpxtpx:hr><gpxtpx:cad>24</gpxtpx:cad></gpxtpx:TrackPointExtension></extensions></trkpt>
<trkpt lat="-33.7585632" lon="-70.2115236">
<ele>2992</ele><time>2026-09-27T14:07:54.999Z</time><extensions><gpxtpx:TrackPointExtension><gpxtpx:hr>155</gpxtpx:hr><gpxtpx:cad>25</gpxtpx:cad></gpxtpx:TrackPointExtension></extensions></trkpt>
<trkpt lat="-33.7586040" lon="-70.2114969">
<ele>2989</ele><time>2026-09-27T14:08:09.999Z</time><extensions><gpxtpx:TrackPointExtension><gpxtpx:hr>154</gpxtpx:hr><gpxtpx:cad>27</gpxtpx:cad></gpxtpx:TrackPointExtension></extensions></trkpt>
<trkpt lat="-33.7586426" lon="-70.2114549">
<ele>2986</ele><time>2026-09-27T14:08:30.999Z</time><extensions><gpxtpx:TrackPointExtension><gpxtpx:hr>155</gpxtpx:hr><gpxtpx:cad>29</gpxtpx:cad></gpxtpx:TrackPointExtension></extensions></trkpt>
<trkpt lat="-33.7586797" lon="-70.2114186">
<ele>2984</ele><time>2026-09-27T14:08:44.999Z</time><extensions><gpxtpx:TrackPointExtension><gpxtpx:hr>153</gpxtpx:hr><gpxtpx:cad>27</gpxtpx:cad></gpxtpx:TrackPointExtension></extensions></trkpt>
<trkpt lat="-33.7587243" lon="-70.2113944">
<ele>2981</ele><time>2026-09-27T14:09:02.999Z</time><extensions><gpxtpx:TrackPointExtension><gpxtpx:hr>156</gpxtpx:hr><gpxtpx:cad>29</gpxtpx:cad></gpxtpx:TrackPointExtension></extensions></trkpt>
<trkpt lat="-33.7587704" lon="-70.2113782">
<ele>2979</ele><time>2026-09-27T14:09:15.999Z</time><extensions><gpxtpx:TrackPointExtension><gpxtpx:hr>147</gpxtpx:hr><gpxtpx:cad>28</gpxtpx:cad></gpxtpx:TrackPointExtension></extensions></trkpt>
<trkpt lat="-33.7588127" lon="-70.2113595">
<ele>2976</ele><time>2026-09-27T14:09:48.999Z</time><extensions><gpxtpx:TrackPointExtension><gpxtpx:hr>151</gpxtpx:hr><gpxtpx:cad>28</gpxtpx:cad></gpxtpx:TrackPointExtension></extensions></trkpt>
<trkpt lat="-33.7588367" lon="-70.2113132">
<ele>2973</ele><time>2026-09-27T14:10:08.999Z</time><extensions><gpxtpx:TrackPointExtension><gpxtpx:hr>151</gpxtpx:hr><gpxtpx:cad>28</gpxtpx:cad></gpxtpx:TrackPointExtension></extensions></trkpt>
<trkpt lat="-33.7588740" lon="-70.2112801">
<ele>2970</ele><time>2026-09-27T14:10:27.999Z</time><extensions><gpxtpx:TrackPointExtension><gpxtpx:hr>150</gpxtpx:hr><gpxtpx:cad>27</gpxtpx:cad></gpxtpx:TrackPointExtension></extensions></trkpt>
<trkpt lat="-33.7589146" lon="-70.2112463">
<ele>2967</ele><time>2026-09-27T14:10:45.999Z</time><extensions><gpxtpx:TrackPointExtension><gpxtpx:hr>153</gpxtpx:hr><gpxtpx:cad>27</gpxtpx:cad></gpxtpx:TrackPointExtension></extensions></trkpt>
<trkpt lat="-33.7589542" lon="-70.2112204">
<ele>2965</ele><time>2026-09-27T14:11:03.999Z</time><extensions><gpxtpx:TrackPointExtension><gpxtpx:hr>158</gpxtpx:hr><gpxtpx:cad>26</gpxtpx:cad></gpxtpx:TrackPointExtension></extensions></trkpt>
<trkpt lat="-33.7589945" lon="-70.2111964">
<ele>2962</ele><time>2026-09-27T14:11:55.999Z</time><extensions><gpxtpx:TrackPointExtension><gpxtpx:hr>153</gpxtpx:hr><gpxtpx:cad>26</gpxtpx:cad></gpxtpx:TrackPointExtension></extensions></trkpt>
<trkpt lat="-33.7590310" lon="-70.2111595">
<ele>2960</ele><time>2026-09-27T14:12:08.999Z</time><extensions><gpxtpx:TrackPointExtension><gpxtpx:hr>150</gpxtpx:hr><gpxtpx:cad>26</gpxtpx:cad></gpxtpx:TrackPointExtension></extensions></trkpt>
<trkpt lat="-33.7590718" lon="-70.2111187">
<ele>2957</ele><time>2026-09-27T14:12:19.999Z</time><extensions><gpxtpx:TrackPointExtension><gpxtpx:hr>146</gpxtpx:hr><gpxtpx:cad>27</gpxtpx:cad></gpxtpx:TrackPointExtension></extensions></trkpt>
<trkpt lat="-33.7591036" lon="-70.2110720">
<ele>2955</ele><time>2026-09-27T14:12:26.999Z</time><extensions><gpxtpx:TrackPointExtension><gpxtpx:hr>145</gpxtpx:hr><gpxtpx:cad>29</gpxtpx:cad></gpxtpx:TrackPointExtension></extensions></trkpt>
<trkpt lat="-33.7591376" lon="-70.2110330">
<ele>2952</ele><time>2026-09-27T14:12:45.999Z</time><extensions><gpxtpx:TrackPointExtension><gpxtpx:hr>149</gpxtpx:hr><gpxtpx:cad>27</gpxtpx:cad></gpxtpx:TrackPointExtension></extensions></trkpt>
<trkpt lat="-33.7591737" lon="-70.2109988">
<ele>2950</ele><time>2026-09-27T14:13:23.999Z</time><extensions><gpxtpx:TrackPointExtension><gpxtpx:hr>151</gpxtpx:hr><gpxtpx:cad>24</gpxtpx:cad></gpxtpx:TrackPointExtension></extensions></trkpt>
<trkpt lat="-33.7591957" lon="-70.2109494">
<ele>2947</ele><time>2026-09-27T14:13:42.999Z</time><extensions><gpxtpx:TrackPointExtension><gpxtpx:hr>141</gpxtpx:hr><gpxtpx:cad>23</gpxtpx:cad></gpxtpx:TrackPointExtension></extensions></trkpt>
<trkpt lat="-33.7592230" lon="-70.2108962">
<ele>2944</ele><time>2026-09-27T14:14:03.999Z</time><extensions><gpxtpx:TrackPointExtension><gpxtpx:hr>143</gpxtpx:hr><gpxtpx:cad>23</gpxtpx:cad></gpxtpx:TrackPointExtension></extensions></trkpt>
<trkpt lat="-33.7592482" lon="-70.2108449">
<ele>2941</ele><time>2026-09-27T14:14:22.999Z</time><extensions><gpxtpx:TrackPointExtension><gpxtpx:hr>150</gpxtpx:hr><gpxtpx:cad>25</gpxtpx:cad></gpxtpx:TrackPointExtension></extensions></trkpt>
<trkpt lat="-33.7592744" lon="-70.2107943">
<ele>2938</ele><time>2026-09-27T14:14:39.999Z</time><extensions><gpxtpx:TrackPointExtension><gpxtpx:hr>156</gpxtpx:hr><gpxtpx:cad>20</gpxtpx:cad></gpxtpx:TrackPointExtension></extensions></trkpt>
<trkpt lat="-33.7592980" lon="-70.2107438">
<ele>2936</ele><time>2026-09-27T14:14:50.999Z</time><extensions><gpxtpx:TrackPointExtension><gpxtpx:hr>154</gpxtpx:hr><gpxtpx:cad>20</gpxtpx:cad></gpxtpx:TrackPointExtension></extensions></trkpt>
<trkpt lat="-33.7593285" lon="-70.2107028">
<ele>2935</ele><time>2026-09-27T14:14:57.999Z</time><extensions><gpxtpx:TrackPointExtension><gpxtpx:hr>157</gpxtpx:hr><gpxtpx:cad>20</gpxtpx:cad></gpxtpx:TrackPointExtension></extensions></trkpt>
<trkpt lat="-33.7593776" lon="-70.2106992">
<ele>2934</ele><time>2026-09-27T14:15:19.999Z</time><extensions><gpxtpx:TrackPointExtension><gpxtpx:hr>144</gpxtpx:hr><gpxtpx:cad>19</gpxtpx:cad></gpxtpx:TrackPointExtension></extensions></trkpt>
<trkpt lat="-33.7593778" lon="-70.2106375">
<ele>2933</ele><time>2026-09-27T14:16:05.999Z</time><extensions><gpxtpx:TrackPointExtension><gpxtpx:hr>139</gpxtpx:hr><gpxtpx:cad>21</gpxtpx:cad></gpxtpx:TrackPointExtension></extensions></trkpt>
<trkpt lat="-33.7594045" lon="-70.2105926">
<ele>2932</ele><time>2026-09-27T14:16:10.999Z</time><extensions><gpxtpx:TrackPointExtension><gpxtpx:hr>137</gpxtpx:hr><gpxtpx:cad>20</gpxtpx:cad></gpxtpx:TrackPointExtension></extensions></trkpt>
<trkpt lat="-33.7594382" lon="-70.2105508">
<ele>2932</ele><time>2026-09-27T14:16:16.999Z</time><extensions><gpxtpx:TrackPointExtension><gpxtpx:hr>136</gpxtpx:hr><gpxtpx:cad>21</gpxtpx:cad></gpxtpx:TrackPointExtension></extensions></trkpt>
<trkpt lat="-33.7594729" lon="-70.2105144">
<ele>2931</ele><time>2026-09-27T14:16:44.999Z</time><extensions><gpxtpx:TrackPointExtension><gpxtpx:hr>125</gpxtpx:hr><gpxtpx:cad>21</gpxtpx:cad></gpxtpx:TrackPointExtension></extensions></trkpt>
<trkpt lat="-33.7594982" lon="-70.2104661">
<ele>2929</ele><time>2026-09-27T14:18:24.999Z</time><extensions><gpxtpx:TrackPointExtension><gpxtpx:hr>127</gpxtpx:hr><gpxtpx:cad>20</gpxtpx:cad></gpxtpx:TrackPointExtension></extensions></trkpt>
<trkpt lat="-33.7595319" lon="-70.2104286">
<ele>2928</ele><time>2026-09-27T14:18:33.999Z</time><extensions><gpxtpx:TrackPointExtension><gpxtpx:hr>133</gpxtpx:hr><gpxtpx:cad>19</gpxtpx:cad></gpxtpx:TrackPointExtension></extensions></trkpt>
<trkpt lat="-33.7595615" lon="-70.2103817">
<ele>2927</ele><time>2026-09-27T14:18:40.999Z</time><extensions><gpxtpx:TrackPointExtension><gpxtpx:hr>134</gpxtpx:hr><gpxtpx:cad>18</gpxtpx:cad></gpxtpx:TrackPointExtension></extensions></trkpt>
<trkpt lat="-33.7595972" lon="-70.2103390">
<ele>2926</ele><time>2026-09-27T14:18:45.999Z</time><extensions><gpxtpx:TrackPointExtension><gpxtpx:hr>134</gpxtpx:hr><gpxtpx:cad>20</gpxtpx:cad></gpxtpx:TrackPointExtension></extensions></trkpt>
<trkpt lat="-33.7596367" lon="-70.2102995">
<ele>2925</ele><time>2026-09-27T14:18:52.999Z</time><extensions><gpxtpx:TrackPointExtension><gpxtpx:hr>133</gpxtpx:hr><gpxtpx:cad>22</gpxtpx:cad></gpxtpx:TrackPointExtension></extensions></trkpt>
<trkpt lat="-33.7596708" lon="-70.2102577">
<ele>2924</ele><time>2026-09-27T14:19:00.999Z</time><extensions><gpxtpx:TrackPointExtension><gpxtpx:hr>135</gpxtpx:hr><gpxtpx:cad>23</gpxtpx:cad></gpxtpx:TrackPointExtension></extensions></trkpt>
<trkpt lat="-33.7597056" lon="-70.2102193">
<ele>2922</ele><time>2026-09-27T14:19:09.999Z</time><extensions><gpxtpx:TrackPointExtension><gpxtpx:hr>138</gpxtpx:hr><gpxtpx:cad>23</gpxtpx:cad></gpxtpx:TrackPointExtension></extensions></trkpt>
<trkpt lat="-33.7597294" lon="-70.2101709">
<ele>2921</ele><time>2026-09-27T14:19:17.999Z</time><extensions><gpxtpx:TrackPointExtension><gpxtpx:hr>138</gpxtpx:hr><gpxtpx:cad>24</gpxtpx:cad></gpxtpx:TrackPointExtension></extensions></trkpt>
<trkpt lat="-33.7597743" lon="-70.2101488">
<ele>2919</ele><time>2026-09-27T14:19:27.999Z</time><extensions><gpxtpx:TrackPointExtension><gpxtpx:hr>142</gpxtpx:hr><gpxtpx:cad>39</gpxtpx:cad></gpxtpx:TrackPointExtension></extensions></trkpt>
<trkpt lat="-33.7598188" lon="-70.2101163">
<ele>2918</ele><time>2026-09-27T14:19:39.999Z</time><extensions><gpxtpx:TrackPointExtension><gpxtpx:hr>139</gpxtpx:hr><gpxtpx:cad>39</gpxtpx:cad></gpxtpx:TrackPointExtension></extensions></trkpt>
<trkpt lat="-33.7598597" lon="-70.2100889">
<ele>2916</ele><time>2026-09-27T14:19:50.999Z</time><extensions><gpxtpx:TrackPointExtension><gpxtpx:hr>136</gpxtpx:hr><gpxtpx:cad>40</gpxtpx:cad></gpxtpx:TrackPointExtension></extensions></trkpt>
<trkpt lat="-33.7598992" lon="-70.2100553">
<ele>2914</ele><time>2026-09-27T14:20:03.999Z</time><extensions><gpxtpx:TrackPointExtension><gpxtpx:hr>133</gpxtpx:hr><gpxtpx:cad>40</gpxtpx:cad></gpxtpx:TrackPointExtension></extensions></trkpt>
<trkpt lat="-33.7599412" lon="-70.2100340">
<ele>2912</ele><time>2026-09-27T14:20:14.999Z</time><extensions><gpxtpx:TrackPointExtension><gpxtpx:hr>130</gpxtpx:hr><gpxtpx:cad>40</gpxtpx:cad></gpxtpx:TrackPointExtension></extensions></trkpt>
<trkpt lat="-33.7599898" lon="-70.2100210">
<ele>2909</ele><time>2026-09-27T14:20:23.999Z</time><extensions><gpxtpx:TrackPointExtension><gpxtpx:hr>136</gpxtpx:hr><gpxtpx:cad>37</gpxtpx:cad></gpxtpx:TrackPointExtension></extensions></trkpt>
<trkpt lat="-33.7600330" lon="-70.2100016">
<ele>2907</ele><time>2026-09-27T14:20:31.999Z</time><extensions><gpxtpx:TrackPointExtension><gpxtpx:hr>137</gpxtpx:hr><gpxtpx:cad>38</gpxtpx:cad></gpxtpx:TrackPointExtension></extensions></trkpt>
<trkpt lat="-33.7600707" lon="-70.2099680">
<ele>2905</ele><time>2026-09-27T14:20:41.999Z</time><extensions><gpxtpx:TrackPointExtension><gpxtpx:hr>137</gpxtpx:hr><gpxtpx:cad>37</gpxtpx:cad></gpxtpx:TrackPointExtension></extensions></trkpt>
<trkpt lat="-33.7601013" lon="-70.2099262">
<ele>2903</ele><time>2026-09-27T14:20:55.999Z</time><extensions><gpxtpx:TrackPointExtension><gpxtpx:hr>137</gpxtpx:hr><gpxtpx:cad>37</gpxtpx:cad></gpxtpx:TrackPointExtension></extensions></trkpt>
<trkpt lat="-33.7601369" lon="-70.2098914">
<ele>2901</ele><time>2026-09-27T14:21:02.999Z</time><extensions><gpxtpx:TrackPointExtension><gpxtpx:hr>138</gpxtpx:hr><gpxtpx:cad>30</gpxtpx:cad></gpxtpx:TrackPointExtension></extensions></trkpt>
<trkpt lat="-33.7601800" lon="-70.2098732">
<ele>2899</ele><time>2026-09-27T14:21:11.999Z</time><extensions><gpxtpx:TrackPointExtension><gpxtpx:hr>140</gpxtpx:hr><gpxtpx:cad>30</gpxtpx:cad></gpxtpx:TrackPointExtension></extensions></trkpt>
<trkpt lat="-33.7602204" lon="-70.2098481">
<ele>2897</ele><time>2026-09-27T14:21:20.999Z</time><extensions><gpxtpx:TrackPointExtension><gpxtpx:hr>137</gpxtpx:hr><gpxtpx:cad>30</gpxtpx:cad></gpxtpx:TrackPointExtension></extensions></trkpt>
<trkpt lat="-33.7602665" lon="-70.2098479">
<ele>2895</ele><time>2026-09-27T14:21:36.999Z</time><extensions><gpxtpx:TrackPointExtension><gpxtpx:hr>144</gpxtpx:hr><gpxtpx:cad>24</gpxtpx:cad></gpxtpx:TrackPointExtension></extensions></trkpt>
<trkpt lat="-33.7603149" lon="-70.2098299">
<ele>2892</ele><time>2026-09-27T14:21:50.999Z</time><extensions><gpxtpx:TrackPointExtension><gpxtpx:hr>142</gpxtpx:hr><gpxtpx:cad>18</gpxtpx:cad></gpxtpx:TrackPointExtension></extensions></trkpt>
<trkpt lat="-33.7603392" lon="-70.2097785">
<ele>2890</ele><time>2026-09-27T14:22:02.999Z</time><extensions><gpxtpx:TrackPointExtension><gpxtpx:hr>148</gpxtpx:hr><gpxtpx:cad>18</gpxtpx:cad></gpxtpx:TrackPointExtension></extensions></trkpt>
<trkpt lat="-33.7603669" lon="-70.2097281">
<ele>2888</ele><time>2026-09-27T14:22:11.999Z</time><extensions><gpxtpx:TrackPointExtension><gpxtpx:hr>149</gpxtpx:hr><gpxtpx:cad>18</gpxtpx:cad></gpxtpx:TrackPointExtension></extensions></trkpt>
<trkpt lat="-33.7603997" lon="-70.2096880">
<ele>2886</ele><time>2026-09-27T14:22:21.999Z</time><extensions><gpxtpx:TrackPointExtension><gpxtpx:hr>150</gpxtpx:hr><gpxtpx:cad>18</gpxtpx:cad></gpxtpx:TrackPointExtension></extensions></trkpt>
<trkpt lat="-33.7604219" lon="-70.2096399">
<ele>2884</ele><time>2026-09-27T14:23:13.999Z</time><extensions><gpxtpx:TrackPointExtension><gpxtpx:hr>130</gpxtpx:hr><gpxtpx:cad>18</gpxtpx:cad></gpxtpx:TrackPointExtension></extensions></trkpt>
<trkpt lat="-33.7604382" lon="-70.2095816">
<ele>2882</ele><time>2026-09-27T14:23:22.999Z</time><extensions><gpxtpx:TrackPointExtension><gpxtpx:hr>120</gpxtpx:hr><gpxtpx:cad>17</gpxtpx:cad></gpxtpx:TrackPointExtension></extensions></trkpt>
<trkpt lat="-33.7604531" lon="-70.2095304">
<ele>2881</ele><time>2026-09-27T14:23:30.999Z</time><extensions><gpxtpx:TrackPointExtension><gpxtpx:hr>124</gpxtpx:hr><gpxtpx:cad>17</gpxtpx:cad></gpxtpx:TrackPointExtension></extensions></trkpt>
<trkpt lat="-33.7605000" lon="-70.2095232">
<ele>2880</ele><time>2026-09-27T14:24:27.999Z</time><extensions><gpxtpx:TrackPointExtension><gpxtpx:hr>120</gpxtpx:hr><gpxtpx:cad>16</gpxtpx:cad></gpxtpx:TrackPointExtension></extensions></trkpt>
<trkpt lat="-33.7605065" lon="-70.2094696">
<ele>2879</ele><time>2026-09-27T14:25:57.999Z</time><extensions><gpxtpx:TrackPointExtension><gpxtpx:hr>119</gpxtpx:hr><gpxtpx:cad>17</gpxtpx:cad></gpxtpx:TrackPointExtension></extensions></trkpt>
<trkpt lat="-33.7605331" lon="-70.2094140">
<ele>2878</ele><time>2026-09-27T14:26:06.999Z</time><extensions><gpxtpx:TrackPointExtension><gpxtpx:hr>121</gpxtpx:hr><gpxtpx:cad>17</gpxtpx:cad></gpxtpx:TrackPointExtension></extensions></trkpt>
<trkpt lat="-33.7605581" lon="-70.2093684">
<ele>2878</ele><time>2026-09-27T14:26:15.999Z</time><extensions><gpxtpx:TrackPointExtension><gpxtpx:hr>120</gpxtpx:hr><gpxtpx:cad>17</gpxtpx:cad></gpxtpx:TrackPointExtension></extensions></trkpt>
<trkpt lat="-33.7605803" lon="-70.2093138">
<ele>2878</ele><time>2026-09-27T14:26:27.000Z</time><extensions><gpxtpx:TrackPointExtension><gpxtpx:hr>129</gpxtpx:hr><gpxtpx:cad>17</gpxtpx:cad></gpxtpx:TrackPointExtension></extensions></trkpt>
<trkpt lat="-33.7606057" lon="-70.2092667">
<ele>2877</ele><time>2026-09-27T14:26:34.000Z</time><extensions><gpxtpx:TrackPointExtension><gpxtpx:hr>131</gpxtpx:hr><gpxtpx:cad>20</gpxtpx:cad></gpxtpx:TrackPointExtension></extensions></trkpt>
<trkpt lat="-33.7606278" lon="-70.2092172">
<ele>2877</ele><time>2026-09-27T14:26:44.000Z</time><extensions><gpxtpx:TrackPointExtension><gpxtpx:hr>137</gpxtpx:hr><gpxtpx:cad>21</gpxtpx:cad></gpxtpx:TrackPointExtension></extensions></trkpt>
<trkpt lat="-33.7606331" lon="-70.2091572">
<ele>2876</ele><time>2026-09-27T14:26:52.000Z</time><extensions><gpxtpx:TrackPointExtension><gpxtpx:hr>135</gpxtpx:hr><gpxtpx:cad>21</gpxtpx:cad></gpxtpx:TrackPointExtension></extensions></trkpt>
<trkpt lat="-33.7606300" lon="-70.2091015">
<ele>2875</ele><time>2026-09-27T14:26:59.000Z</time><extensions><gpxtpx:TrackPointExtension><gpxtpx:hr>138</gpxtpx:hr><gpxtpx:cad>25</gpxtpx:cad></gpxtpx:TrackPointExtension></extensions></trkpt>
<trkpt lat="-33.7606399" lon="-70.2090480">
<ele>2875</ele><time>2026-09-27T14:27:03.000Z</time><extensions><gpxtpx:TrackPointExtension><gpxtpx:hr>138</gpxtpx:hr><gpxtpx:cad>39</gpxtpx:cad></gpxtpx:TrackPointExtension></extensions></trkpt>
<trkpt lat="-33.7606452" lon="-70.2089887">
<ele>2875</ele><time>2026-09-27T14:27:13.000Z</time><extensions><gpxtpx:TrackPointExtension><gpxtpx:hr>133</gpxtpx:hr><gpxtpx:cad>40</gpxtpx:cad></gpxtpx:TrackPointExtension></extensions></trkpt>
<trkpt lat="-33.7606646" lon="-70.2089327">
<ele>2876</ele><time>2026-09-27T14:27:21.000Z</time><extensions><gpxtpx:TrackPointExtension><gpxtpx:hr>137</gpxtpx:hr><gpxtpx:cad>41</gpxtpx:cad></gpxtpx:TrackPointExtension></extensions></trkpt>
<trkpt lat="-33.7606854" lon="-70.2088835">
<ele>2876</ele><time>2026-09-27T14:27:35.000Z</time><extensions><gpxtpx:TrackPointExtension><gpxtpx:hr>143</gpxtpx:hr><gpxtpx:cad>40</gpxtpx:cad></gpxtpx:TrackPointExtension></extensions></trkpt>
<trkpt lat="-33.7607288" lon="-70.2088641">
<ele>2877</ele><time>2026-09-27T14:27:45.000Z</time><extensions><gpxtpx:TrackPointExtension><gpxtpx:hr>149</gpxtpx:hr><gpxtpx:cad>41</gpxtpx:cad></gpxtpx:TrackPointExtension></extensions></trkpt>
<trkpt lat="-33.7607719" lon="-70.2088282">
<ele>2877</ele><time>2026-09-27T14:27:55.000Z</time><extensions><gpxtpx:TrackPointExtension><gpxtpx:hr>152</gpxtpx:hr><gpxtpx:cad>41</gpxtpx:cad></gpxtpx:TrackPointExtension></extensions></trkpt>
<trkpt lat="-33.7607850" lon="-70.2087688">
<ele>2877</ele><time>2026-09-27T14:28:03.000Z</time><extensions><gpxtpx:TrackPointExtension><gpxtpx:hr>151</gpxtpx:hr><gpxtpx:cad>42</gpxtpx:cad></gpxtpx:TrackPointExtension></extensions></trkpt>
<trkpt lat="-33.7608106" lon="-70.2087162">
<ele>2876</ele><time>2026-09-27T14:28:11.000Z</time><extensions><gpxtpx:TrackPointExtension><gpxtpx:hr>150</gpxtpx:hr><gpxtpx:cad>42</gpxtpx:cad></gpxtpx:TrackPointExtension></extensions></trkpt>
<trkpt lat="-33.7608335" lon="-70.2086645">
<ele>2876</ele><time>2026-09-27T14:28:22.000Z</time><extensions><gpxtpx:TrackPointExtension><gpxtpx:hr>144</gpxtpx:hr><gpxtpx:cad>41</gpxtpx:cad></gpxtpx:TrackPointExtension></extensions></trkpt>
<trkpt lat="-33.7608611" lon="-70.2086196">
<ele>2875</ele><time>2026-09-27T14:28:27.999Z</time><extensions><gpxtpx:TrackPointExtension><gpxtpx:hr>137</gpxtpx:hr><gpxtpx:cad>41</gpxtpx:cad></gpxtpx:TrackPointExtension></extensions></trkpt>
<trkpt lat="-33.7608860" lon="-70.2085707">
<ele>2874</ele><time>2026-09-27T14:28:36.999Z</time><extensions><gpxtpx:TrackPointExtension><gpxtpx:hr>137</gpxtpx:hr><gpxtpx:cad>39</gpxtpx:cad></gpxtpx:TrackPointExtension></extensions></trkpt>
<trkpt lat="-33.7608973" lon="-70.2085126">
<ele>2873</ele><time>2026-09-27T14:28:43.999Z</time><extensions><gpxtpx:TrackPointExtension><gpxtpx:hr>134</gpxtpx:hr><gpxtpx:cad>39</gpxtpx:cad></gpxtpx:TrackPointExtension></extensions></trkpt>
<trkpt lat="-33.7609077" lon="-70.2084539">
<ele>2873</ele><time>2026-09-27T14:28:54.999Z</time><extensions><gpxtpx:TrackPointExtension><gpxtpx:hr>131</gpxtpx:hr><gpxtpx:cad>39</gpxtpx:cad></gpxtpx:TrackPointExtension></extensions></trkpt>
<trkpt lat="-33.7609258" lon="-70.2083996">
<ele>2872</ele><time>2026-09-27T14:29:04.999Z</time><extensions><gpxtpx:TrackPointExtension><gpxtpx:hr>130</gpxtpx:hr><gpxtpx:cad>39</gpxtpx:cad></gpxtpx:TrackPointExtension></extensions></trkpt>
<trkpt lat="-33.7609384" lon="-70.2083394">
<ele>2872</ele><time>2026-09-27T14:29:13.999Z</time><extensions><gpxtpx:TrackPointExtension><gpxtpx:hr>131</gpxtpx:hr><gpxtpx:cad>37</gpxtpx:cad></gpxtpx:TrackPointExtension></extensions></trkpt>
<trkpt lat="-33.7609408" lon="-70.2082834">
<ele>2871</ele><time>2026-09-27T14:29:20.999Z</time><extensions><gpxtpx:TrackPointExtension><gpxtpx:hr>132</gpxtpx:hr><gpxtpx:cad>32</gpxtpx:cad></gpxtpx:TrackPointExtension></extensions></trkpt>
<trkpt lat="-33.7609463" lon="-70.2082249">
<ele>2870</ele><time>2026-09-27T14:29:29.999Z</time><extensions><gpxtpx:TrackPointExtension><gpxtpx:hr>133</gpxtpx:hr><gpxtpx:cad>32</gpxtpx:cad></gpxtpx:TrackPointExtension></extensions></trkpt>
<trkpt lat="-33.7609514" lon="-70.2081701">
<ele>2869</ele><time>2026-09-27T14:29:37.999Z</time><extensions><gpxtpx:TrackPointExtension><gpxtpx:hr>132</gpxtpx:hr><gpxtpx:cad>31</gpxtpx:cad></gpxtpx:TrackPointExtension></extensions></trkpt>
<trkpt lat="-33.7609379" lon="-70.2081159">
<ele>2868</ele><time>2026-09-27T14:29:45.999Z</time><extensions><gpxtpx:TrackPointExtension><gpxtpx:hr>130</gpxtpx:hr><gpxtpx:cad>33</gpxtpx:cad></gpxtpx:TrackPointExtension></extensions></trkpt>
<trkpt lat="-33.7609114" lon="-70.2080717">
<ele>2867</ele><time>2026-09-27T14:29:57.999Z</time><extensions><gpxtpx:TrackPointExtension><gpxtpx:hr>133</gpxtpx:hr><gpxtpx:cad>33</gpxtpx:cad></gpxtpx:TrackPointExtension></extensions></trkpt>
<trkpt lat="-33.7608987" lon="-70.2080130">
<ele>2866</ele><time>2026-09-27T14:30:02.999Z</time><extensions><gpxtpx:TrackPointExtension><gpxtpx:hr>138</gpxtpx:hr><gpxtpx:cad>34</gpxtpx:cad></gpxtpx:TrackPointExtension></extensions></trkpt>
<trkpt lat="-33.7608962" lon="-70.2079571">
<ele>2864</ele><time>2026-09-27T14:30:11.999Z</time><extensions><gpxtpx:TrackPointExtension><gpxtpx:hr>142</gpxtpx:hr><gpxtpx:cad>34</gpxtpx:cad></gpxtpx:TrackPointExtension></extensions></trkpt>
<trkpt lat="-33.7609377" lon="-70.2079334">
<ele>2863</ele><time>2026-09-27T14:30:38.000Z</time><extensions><gpxtpx:TrackPointExtension><gpxtpx:hr>118</gpxtpx:hr><gpxtpx:cad>35</gpxtpx:cad></gpxtpx:TrackPointExtension></extensions></trkpt>
<trkpt lat="-33.7609260" lon="-70.2078699">
<ele>2861</ele><time>2026-09-27T14:31:20.000Z</time><extensions><gpxtpx:TrackPointExtension><gpxtpx:hr>132</gpxtpx:hr><gpxtpx:cad>36</gpxtpx:cad></gpxtpx:TrackPointExtension></extensions></trkpt>
<trkpt lat="-33.7609216" lon="-70.2078110">
<ele>2860</ele><time>2026-09-27T14:31:28.000Z</time><extensions><gpxtpx:TrackPointExtension><gpxtpx:hr>128</gpxtpx:hr><gpxtpx:cad>35</gpxtpx:cad></gpxtpx:TrackPointExtension></extensions></trkpt>
<trkpt lat="-33.7609363" lon="-70.2077538">
<ele>2858</ele><time>2026-09-27T14:31:37.000Z</time><extensions><gpxtpx:TrackPointExtension><gpxtpx:hr>127</gpxtpx:hr><gpxtpx:cad>34</gpxtpx:cad></gpxtpx:TrackPointExtension></extensions></trkpt>
<trkpt lat="-33.7609455" lon="-70.2076979">
<ele>2857</ele><time>2026-09-27T14:31:48.000Z</time><extensions><gpxtpx:TrackPointExtension><gpxtpx:hr>125</gpxtpx:hr><gpxtpx:cad>35</gpxtpx:cad></gpxtpx:TrackPointExtension></extensions></trkpt>
<trkpt lat="-33.7609501" lon="-70.2076372">
<ele>2856</ele><time>2026-09-27T14:31:59.000Z</time><extensions><gpxtpx:TrackPointExtension><gpxtpx:hr>125</gpxtpx:hr><gpxtpx:cad>33</gpxtpx:cad></gpxtpx:TrackPointExtension></extensions></trkpt>
<trkpt lat="-33.7609613" lon="-70.2075831">
<ele>2855</ele><time>2026-09-27T14:32:05.000Z</time><extensions><gpxtpx:TrackPointExtension><gpxtpx:hr>125</gpxtpx:hr><gpxtpx:cad>33</gpxtpx:cad></gpxtpx:TrackPointExtension></extensions></trkpt>
<trkpt lat="-33.7609702" lon="-70.2075162">
<ele>2854</ele><time>2026-09-27T14:32:12.000Z</time><extensions><gpxtpx:TrackPointExtension><gpxtpx:hr>129</gpxtpx:hr><gpxtpx:cad>33</gpxtpx:cad></gpxtpx:TrackPointExtension></extensions></trkpt>
<trkpt lat="-33.7609844" lon="-70.2074566">
<ele>2852</ele><time>2026-09-27T14:32:21.000Z</time><extensions><gpxtpx:TrackPointExtension><gpxtpx:hr>129</gpxtpx:hr><gpxtpx:cad>35</gpxtpx:cad></gpxtpx:TrackPointExtension></extensions></trkpt>
<trkpt lat="-33.7610087" lon="-70.2074067">
<ele>2851</ele><time>2026-09-27T14:32:38.000Z</time><extensions><gpxtpx:TrackPointExtension><gpxtpx:hr>133</gpxtpx:hr><gpxtpx:cad>40</gpxtpx:cad></gpxtpx:TrackPointExtension></extensions></trkpt>
<trkpt lat="-33.7610181" lon="-70.2073456">
<ele>2849</ele><time>2026-09-27T14:32:48.000Z</time><extensions><gpxtpx:TrackPointExtension><gpxtpx:hr>120</gpxtpx:hr><gpxtpx:cad>40</gpxtpx:cad></gpxtpx:TrackPointExtension></extensions></trkpt>
<trkpt lat="-33.7610533" lon="-70.2073032">
<ele>2847</ele><time>2026-09-27T14:33:04.000Z</time><extensions><gpxtpx:TrackPointExtension><gpxtpx:hr>135</gpxtpx:hr><gpxtpx:cad>42</gpxtpx:cad></gpxtpx:TrackPointExtension></extensions></trkpt>
<trkpt lat="-33.7610806" lon="-70.2072592">
<ele>2845</ele><time>2026-09-27T14:33:12.000Z</time><extensions><gpxtpx:TrackPointExtension><gpxtpx:hr>129</gpxtpx:hr><gpxtpx:cad>39</gpxtpx:cad></gpxtpx:TrackPointExtension></extensions></trkpt>
<trkpt lat="-33.7611247" lon="-70.2072235">
<ele>2843</ele><time>2026-09-27T14:33:36.000Z</time><extensions><gpxtpx:TrackPointExtension><gpxtpx:hr>128</gpxtpx:hr><gpxtpx:cad>39</gpxtpx:cad></gpxtpx:TrackPointExtension></extensions></trkpt>
<trkpt lat="-33.7611568" lon="-70.2071830">
<ele>2842</ele><time>2026-09-27T14:33:41.000Z</time><extensions><gpxtpx:TrackPointExtension><gpxtpx:hr>128</gpxtpx:hr><gpxtpx:cad>36</gpxtpx:cad></gpxtpx:TrackPointExtension></extensions></trkpt>
<trkpt lat="-33.7611761" lon="-70.2071289">
<ele>2841</ele><time>2026-09-27T14:33:50.000Z</time><extensions><gpxtpx:TrackPointExtension><gpxtpx:hr>132</gpxtpx:hr><gpxtpx:cad>36</gpxtpx:cad></gpxtpx:TrackPointExtension></extensions></trkpt>
<trkpt lat="-33.7611938" lon="-70.2070716">
<ele>2840</ele><time>2026-09-27T14:34:05.000Z</time><extensions><gpxtpx:TrackPointExtension><gpxtpx:hr>127</gpxtpx:hr><gpxtpx:cad>34</gpxtpx:cad></gpxtpx:TrackPointExtension></extensions></trkpt>
<trkpt lat="-33.7612100" lon="-70.2070189">
<ele>2838</ele><time>2026-09-27T14:34:14.000Z</time><extensions><gpxtpx:TrackPointExtension><gpxtpx:hr>127</gpxtpx:hr><gpxtpx:cad>13</gpxtpx:cad></gpxtpx:TrackPointExtension></extensions></trkpt>
<trkpt lat="-33.7612344" lon="-70.2069728">
<ele>2837</ele><time>2026-09-27T14:34:23.000Z</time><extensions><gpxtpx:TrackPointExtension><gpxtpx:hr>124</gpxtpx:hr><gpxtpx:cad>13</gpxtpx:cad></gpxtpx:TrackPointExtension></extensions></trkpt>
<trkpt lat="-33.7612587" lon="-70.2069235">
<ele>2835</ele><time>2026-09-27T14:34:33.000Z</time><extensions><gpxtpx:TrackPointExtension><gpxtpx:hr>125</gpxtpx:hr><gpxtpx:cad>13</gpxtpx:cad></gpxtpx:TrackPointExtension></extensions></trkpt>
<trkpt lat="-33.7612888" lon="-70.2068729">
<ele>2834</ele><time>2026-09-27T14:34:44.000Z</time><extensions><gpxtpx:TrackPointExtension><gpxtpx:hr>131</gpxtpx:hr><gpxtpx:cad>13</gpxtpx:cad></gpxtpx:TrackPointExtension></extensions></trkpt>
<trkpt lat="-33.7613056" lon="-70.2068157">
<ele>2832</ele><time>2026-09-27T14:34:54.000Z</time><extensions><gpxtpx:TrackPointExtension><gpxtpx:hr>130</gpxtpx:hr><gpxtpx:cad>13</gpxtpx:cad></gpxtpx:TrackPointExtension></extensions></trkpt>
<trkpt lat="-33.7613431" lon="-70.2067775">
<ele>2831</ele><time>2026-09-27T14:35:02.000Z</time><extensions><gpxtpx:TrackPointExtension><gpxtpx:hr>133</gpxtpx:hr><gpxtpx:cad>13</gpxtpx:cad></gpxtpx:TrackPointExtension></extensions></trkpt>
<trkpt lat="-33.7613627" lon="-70.2067278">
<ele>2829</ele><time>2026-09-27T14:35:09.000Z</time><extensions><gpxtpx:TrackPointExtension><gpxtpx:hr>129</gpxtpx:hr><gpxtpx:cad>13</gpxtpx:cad></gpxtpx:TrackPointExtension></extensions></trkpt>
<trkpt lat="-33.7613781" lon="-70.2066704">
<ele>2826</ele><time>2026-09-27T14:35:15.000Z</time><extensions><gpxtpx:TrackPointExtension><gpxtpx:hr>131</gpxtpx:hr><gpxtpx:cad>13</gpxtpx:cad></gpxtpx:TrackPointExtension></extensions></trkpt>
<trkpt lat="-33.7614269" lon="-70.2066510">
<ele>2824</ele><time>2026-09-27T14:46:55.998Z</time><extensions><gpxtpx:TrackPointExtension><gpxtpx:hr>113</gpxtpx:hr><gpxtpx:cad>13</gpxtpx:cad></gpxtpx:TrackPointExtension></extensions></trkpt>
<trkpt lat="-33.7614663" lon="-70.2066222">
<ele>2820</ele><time>2026-09-27T14:47:08.999Z</time><extensions><gpxtpx:TrackPointExtension><gpxtpx:hr>125</gpxtpx:hr><gpxtpx:cad>13</gpxtpx:cad></gpxtpx:TrackPointExtension></extensions></trkpt>
<trkpt lat="-33.7615087" lon="-70.2066026">
<ele>2817</ele><time>2026-09-27T14:47:18.999Z</time><extensions><gpxtpx:TrackPointExtension><gpxtpx:hr>133</gpxtpx:hr><gpxtpx:cad>13</gpxtpx:cad></gpxtpx:TrackPointExtension></extensions></trkpt>
<trkpt lat="-33.7615615" lon="-70.2065851">
<ele>2813</ele><time>2026-09-27T14:47:47.000Z</time><extensions><gpxtpx:TrackPointExtension><gpxtpx:hr>139</gpxtpx:hr><gpxtpx:cad>13</gpxtpx:cad></gpxtpx:TrackPointExtension></extensions></trkpt>
<trkpt lat="-33.7615905" lon="-70.2065394">
<ele>2809</ele><time>2026-09-27T14:48:11.000Z</time><extensions><gpxtpx:TrackPointExtension><gpxtpx:hr>141</gpxtpx:hr><gpxtpx:cad>13</gpxtpx:cad></gpxtpx:TrackPointExtension></extensions></trkpt>
<trkpt lat="-33.7616289" lon="-70.2065063">
<ele>2805</ele><time>2026-09-27T14:48:34.000Z</time><extensions><gpxtpx:TrackPointExtension><gpxtpx:hr>143</gpxtpx:hr><gpxtpx:cad>13</gpxtpx:cad></gpxtpx:TrackPointExtension></extensions></trkpt>
<trkpt lat="-33.7616835" lon="-70.2065098">
<ele>2801</ele><time>2026-09-27T14:48:58.000Z</time><extensions><gpxtpx:TrackPointExtension><gpxtpx:hr>141</gpxtpx:hr><gpxtpx:cad>14</gpxtpx:cad></gpxtpx:TrackPointExtension></extensions></trkpt>
<trkpt lat="-33.7617282" lon="-70.2065037">
<ele>2798</ele><time>2026-09-27T14:49:09.000Z</time><extensions><gpxtpx:TrackPointExtension><gpxtpx:hr>149</gpxtpx:hr><gpxtpx:cad>14</gpxtpx:cad></gpxtpx:TrackPointExtension></extensions></trkpt>
<trkpt lat="-33.7617738" lon="-70.2064977">
<ele>2795</ele><time>2026-09-27T14:49:19.000Z</time><extensions><gpxtpx:TrackPointExtension><gpxtpx:hr>151</gpxtpx:hr><gpxtpx:cad>34</gpxtpx:cad></gpxtpx:TrackPointExtension></extensions></trkpt>
<trkpt lat="-33.7618239" lon="-70.2065008">
<ele>2792</ele><time>2026-09-27T14:49:27.000Z</time><extensions><gpxtpx:TrackPointExtension><gpxtpx:hr>150</gpxtpx:hr><gpxtpx:cad>33</gpxtpx:cad></gpxtpx:TrackPointExtension></extensions></trkpt>
<trkpt lat="-33.7618692" lon="-70.2065118">
<ele>2790</ele><time>2026-09-27T14:49:35.000Z</time><extensions><gpxtpx:TrackPointExtension><gpxtpx:hr>149</gpxtpx:hr><gpxtpx:cad>34</gpxtpx:cad></gpxtpx:TrackPointExtension></extensions></trkpt>
<trkpt lat="-33.7619275" lon="-70.2065193">
<ele>2787</ele><time>2026-09-27T14:49:45.000Z</time><extensions><gpxtpx:TrackPointExtension><gpxtpx:hr>143</gpxtpx:hr><gpxtpx:cad>33</gpxtpx:cad></gpxtpx:TrackPointExtension></extensions></trkpt>
<trkpt lat="-33.7619774" lon="-70.2065304">
<ele>2785</ele><time>2026-09-27T14:49:54.000Z</time><extensions><gpxtpx:TrackPointExtension><gpxtpx:hr>140</gpxtpx:hr><gpxtpx:cad>35</gpxtpx:cad></gpxtpx:TrackPointExtension></extensions></trkpt>
<trkpt lat="-33.7620223" lon="-70.2065206">
<ele>2782</ele><time>2026-09-27T14:50:04.000Z</time><extensions><gpxtpx:TrackPointExtension><gpxtpx:hr>140</gpxtpx:hr><gpxtpx:cad>36</gpxtpx:cad></gpxtpx:TrackPointExtension></extensions></trkpt>
<trkpt lat="-33.7620690" lon="-70.2065173">
<ele>2780</ele><time>2026-09-27T14:50:17.000Z</time><extensions><gpxtpx:TrackPointExtension><gpxtpx:hr>139</gpxtpx:hr><gpxtpx:cad>36</gpxtpx:cad></gpxtpx:TrackPointExtension></extensions></trkpt>
<trkpt lat="-33.7621217" lon="-70.2065276">
<ele>2777</ele><time>2026-09-27T14:50:25.000Z</time><extensions><gpxtpx:TrackPointExtension><gpxtpx:hr>137</gpxtpx:hr><gpxtpx:cad>36</gpxtpx:cad></gpxtpx:TrackPointExtension></extensions></trkpt>
<trkpt lat="-33.7621723" lon="-70.2065158">
<ele>2774</ele><time>2026-09-27T14:50:47.000Z</time><extensions><gpxtpx:TrackPointExtension><gpxtpx:hr>130</gpxtpx:hr><gpxtpx:cad>33</gpxtpx:cad></gpxtpx:TrackPointExtension></extensions></trkpt>
<trkpt lat="-33.7622215" lon="-70.2065177">
<ele>2771</ele><time>2026-09-27T14:50:54.000Z</time><extensions><gpxtpx:TrackPointExtension><gpxtpx:hr>136</gpxtpx:hr><gpxtpx:cad>34</gpxtpx:cad></gpxtpx:TrackPointExtension></extensions></trkpt>
<trkpt lat="-33.7622693" lon="-70.2064995">
<ele>2768</ele><time>2026-09-27T14:51:02.000Z</time><extensions><gpxtpx:TrackPointExtension><gpxtpx:hr>140</gpxtpx:hr><gpxtpx:cad>33</gpxtpx:cad></gpxtpx:TrackPointExtension></extensions></trkpt>
<trkpt lat="-33.7623202" lon="-70.2064994">
<ele>2766</ele><time>2026-09-27T14:51:12.000Z</time><extensions><gpxtpx:TrackPointExtension><gpxtpx:hr>140</gpxtpx:hr><gpxtpx:cad>29</gpxtpx:cad></gpxtpx:TrackPointExtension></extensions></trkpt>
<trkpt lat="-33.7623728" lon="-70.2064937">
<ele>2763</ele><time>2026-09-27T14:51:19.000Z</time><extensions><gpxtpx:TrackPointExtension><gpxtpx:hr>131</gpxtpx:hr><gpxtpx:cad>30</gpxtpx:cad></gpxtpx:TrackPointExtension></extensions></trkpt>
<trkpt lat="-33.7624261" lon="-70.2064930">
<ele>2761</ele><time>2026-09-27T14:51:25.000Z</time><extensions><gpxtpx:TrackPointExtension><gpxtpx:hr>133</gpxtpx:hr><gpxtpx:cad>28</gpxtpx:cad></gpxtpx:TrackPointExtension></extensions></trkpt>
<trkpt lat="-33.7624644" lon="-70.2064622">
<ele>2758</ele><time>2026-09-27T14:51:54.000Z</time><extensions><gpxtpx:TrackPointExtension><gpxtpx:hr>131</gpxtpx:hr><gpxtpx:cad>20</gpxtpx:cad></gpxtpx:TrackPointExtension></extensions></trkpt>
<trkpt lat="-33.7624696" lon="-70.2063977">
<ele>2756</ele><time>2026-09-27T14:52:22.000Z</time><extensions><gpxtpx:TrackPointExtension><gpxtpx:hr>134</gpxtpx:hr><gpxtpx:cad>20</gpxtpx:cad></gpxtpx:TrackPointExtension></extensions></trkpt>
<trkpt lat="-33.7624546" lon="-70.2063387">
<ele>2753</ele><time>2026-09-27T14:52:48.000Z</time><extensions><gpxtpx:TrackPointExtension><gpxtpx:hr>138</gpxtpx:hr><gpxtpx:cad>20</gpxtpx:cad></gpxtpx:TrackPointExtension></extensions></trkpt>
<trkpt lat="-33.7624401" lon="-70.2062874">
<ele>2750</ele><time>2026-09-27T14:53:15.000Z</time><extensions><gpxtpx:TrackPointExtension><gpxtpx:hr>139</gpxtpx:hr><gpxtpx:cad>20</gpxtpx:cad></gpxtpx:TrackPointExtension></extensions></trkpt>
<trkpt lat="-33.7624366" lon="-70.2062332">
<ele>2747</ele><time>2026-09-27T14:53:32.000Z</time><extensions><gpxtpx:TrackPointExtension><gpxtpx:hr>139</gpxtpx:hr><gpxtpx:cad>20</gpxtpx:cad></gpxtpx:TrackPointExtension></extensions></trkpt>
<trkpt lat="-33.7624503" lon="-70.2061810">
<ele>2744</ele><time>2026-09-27T14:54:37.000Z</time><extensions><gpxtpx:TrackPointExtension><gpxtpx:hr>127</gpxtpx:hr><gpxtpx:cad>20</gpxtpx:cad></gpxtpx:TrackPointExtension></extensions></trkpt>
<trkpt lat="-33.7624274" lon="-70.2061341">
<ele>2740</ele><time>2026-09-27T14:54:45.000Z</time><extensions><gpxtpx:TrackPointExtension><gpxtpx:hr>132</gpxtpx:hr><gpxtpx:cad>20</gpxtpx:cad></gpxtpx:TrackPointExtension></extensions></trkpt>
<trkpt lat="-33.7624329" lon="-70.2060752">
<ele>2737</ele><time>2026-09-27T14:55:13.999Z</time><extensions><gpxtpx:TrackPointExtension><gpxtpx:hr>130</gpxtpx:hr><gpxtpx:cad>20</gpxtpx:cad></gpxtpx:TrackPointExtension></extensions></trkpt>
<trkpt lat="-33.7624766" lon="-70.2060443">
<ele>2734</ele><time>2026-09-27T15:03:59.999Z</time><extensions><gpxtpx:TrackPointExtension><gpxtpx:hr>127</gpxtpx:hr><gpxtpx:cad>20</gpxtpx:cad></gpxtpx:TrackPointExtension></extensions></trkpt>
<trkpt lat="-33.7624911" lon="-70.2059864">
<ele>2731</ele><time>2026-09-27T15:04:03.999Z</time><extensions><gpxtpx:TrackPointExtension><gpxtpx:hr>130</gpxtpx:hr><gpxtpx:cad>20</gpxtpx:cad></gpxtpx:TrackPointExtension></extensions></trkpt>
<trkpt lat="-33.7625100" lon="-70.2059245">
<ele>2729</ele><time>2026-09-27T15:04:07.999Z</time><extensions><gpxtpx:TrackPointExtension><gpxtpx:hr>128</gpxtpx:hr><gpxtpx:cad>20</gpxtpx:cad></gpxtpx:TrackPointExtension></extensions></trkpt>
<trkpt lat="-33.7625313" lon="-70.2058752">
<ele>2725</ele><time>2026-09-27T15:04:10.999Z</time><extensions><gpxtpx:TrackPointExtension><gpxtpx:hr>128</gpxtpx:hr><gpxtpx:cad>19</gpxtpx:cad></gpxtpx:TrackPointExtension></extensions></trkpt>
<trkpt lat="-33.7625644" lon="-70.2058282">
<ele>2721</ele><time>2026-09-27T15:04:13.999Z</time><extensions><gpxtpx:TrackPointExtension><gpxtpx:hr>124</gpxtpx:hr><gpxtpx:cad>20</gpxtpx:cad></gpxtpx:TrackPointExtension></extensions></trkpt>
<trkpt lat="-33.7625866" lon="-70.2057567">
<ele>2717</ele><time>2026-09-27T15:04:17.999Z</time><extensions><gpxtpx:TrackPointExtension><gpxtpx:hr>125</gpxtpx:hr><gpxtpx:cad>19</gpxtpx:cad></gpxtpx:TrackPointExtension></extensions></trkpt>
<trkpt lat="-33.7626153" lon="-70.2056850">
<ele>2713</ele><time>2026-09-27T15:04:20.999Z</time><extensions><gpxtpx:TrackPointExtension><gpxtpx:hr>125</gpxtpx:hr><gpxtpx:cad>19</gpxtpx:cad></gpxtpx:TrackPointExtension></extensions></trkpt>
<trkpt lat="-33.7626387" lon="-70.2056327">
<ele>2708</ele><time>2026-09-27T15:04:23.999Z</time><extensions><gpxtpx:TrackPointExtension><gpxtpx:hr>126</gpxtpx:hr><gpxtpx:cad>55</gpxtpx:cad></gpxtpx:TrackPointExtension></extensions></trkpt>
<trkpt lat="-33.7626720" lon="-70.2055756">
<ele>2704</ele><time>2026-09-27T15:04:26.999Z</time><extensions><gpxtpx:TrackPointExtension><gpxtpx:hr>122</gpxtpx:hr><gpxtpx:cad>56</gpxtpx:cad></gpxtpx:TrackPointExtension></extensions></trkpt>
<trkpt lat="-33.7626922" lon="-70.2055229">
<ele>2699</ele><time>2026-09-27T15:04:29.999Z</time><extensions><gpxtpx:TrackPointExtension><gpxtpx:hr>122</gpxtpx:hr><gpxtpx:cad>57</gpxtpx:cad></gpxtpx:TrackPointExtension></extensions></trkpt>
<trkpt lat="-33.7627262" lon="-70.2054717">
<ele>2694</ele><time>2026-09-27T15:04:32.999Z</time><extensions><gpxtpx:TrackPointExtension><gpxtpx:hr>120</gpxtpx:hr><gpxtpx:cad>56</gpxtpx:cad></gpxtpx:TrackPointExtension></extensions></trkpt>
<trkpt lat="-33.7627548" lon="-70.2054031">
<ele>2689</ele><time>2026-09-27T15:04:35.999Z</time><extensions><gpxtpx:TrackPointExtension><gpxtpx:hr>120</gpxtpx:hr><gpxtpx:cad>57</gpxtpx:cad></gpxtpx:TrackPointExtension></extensions></trkpt>
<trkpt lat="-33.7627921" lon="-70.2053591">
<ele>2685</ele><time>2026-09-27T15:04:39.999Z</time><extensions><gpxtpx:TrackPointExtension><gpxtpx:hr>121</gpxtpx:hr><gpxtpx:cad>58</gpxtpx:cad></gpxtpx:TrackPointExtension></extensions></trkpt>
<trkpt lat="-33.7628211" lon="-70.2052992">
<ele>2680</ele><time>2026-09-27T15:04:43.999Z</time><extensions><gpxtpx:TrackPointExtension><gpxtpx:hr>123</gpxtpx:hr><gpxtpx:cad>56</gpxtpx:cad></gpxtpx:TrackPointExtension></extensions></trkpt>
<trkpt lat="-33.7628574" lon="-70.2052492">
<ele>2676</ele><time>2026-09-27T15:04:47.999Z</time><extensions><gpxtpx:TrackPointExtension><gpxtpx:hr>124</gpxtpx:hr><gpxtpx:cad>54</gpxtpx:cad></gpxtpx:TrackPointExtension></extensions></trkpt>
<trkpt lat="-33.7629085" lon="-70.2052018">
<ele>2671</ele><time>2026-09-27T15:04:51.999Z</time><extensions><gpxtpx:TrackPointExtension><gpxtpx:hr>124</gpxtpx:hr><gpxtpx:cad>51</gpxtpx:cad></gpxtpx:TrackPointExtension></extensions></trkpt>
<trkpt lat="-33.7629338" lon="-70.2051431">
<ele>2667</ele><time>2026-09-27T15:04:55.999Z</time><extensions><gpxtpx:TrackPointExtension><gpxtpx:hr>125</gpxtpx:hr><gpxtpx:cad>48</gpxtpx:cad></gpxtpx:TrackPointExtension></extensions></trkpt>
<trkpt lat="-33.7629659" lon="-70.2050795">
<ele>2663</ele><time>2026-09-27T15:04:59.999Z</time><extensions><gpxtpx:TrackPointExtension><gpxtpx:hr>126</gpxtpx:hr><gpxtpx:cad>47</gpxtpx:cad></gpxtpx:TrackPointExtension></extensions></trkpt>
<trkpt lat="-33.7629964" lon="-70.2050224">
<ele>2659</ele><time>2026-09-27T15:05:02.999Z</time><extensions><gpxtpx:TrackPointExtension><gpxtpx:hr>125</gpxtpx:hr><gpxtpx:cad>48</gpxtpx:cad></gpxtpx:TrackPointExtension></extensions></trkpt>
<trkpt lat="-33.7630257" lon="-70.2049559">
<ele>2656</ele><time>2026-09-27T15:05:05.999Z</time><extensions><gpxtpx:TrackPointExtension><gpxtpx:hr>125</gpxtpx:hr><gpxtpx:cad>47</gpxtpx:cad></gpxtpx:TrackPointExtension></extensions></trkpt>
<trkpt lat="-33.7630575" lon="-70.2048921">
<ele>2654</ele><time>2026-09-27T15:05:08.999Z</time><extensions><gpxtpx:TrackPointExtension><gpxtpx:hr>124</gpxtpx:hr><gpxtpx:cad>46</gpxtpx:cad></gpxtpx:TrackPointExtension></extensions></trkpt>
<trkpt lat="-33.7631049" lon="-70.2048419">
<ele>2651</ele><time>2026-09-27T15:05:12.999Z</time><extensions><gpxtpx:TrackPointExtension><gpxtpx:hr>121</gpxtpx:hr><gpxtpx:cad>43</gpxtpx:cad></gpxtpx:TrackPointExtension></extensions></trkpt>
<trkpt lat="-33.7631487" lon="-70.2047866">
<ele>2649</ele><time>2026-09-27T15:05:18.999Z</time><extensions><gpxtpx:TrackPointExtension><gpxtpx:hr>114</gpxtpx:hr><gpxtpx:cad>43</gpxtpx:cad></gpxtpx:TrackPointExtension></extensions></trkpt>
<trkpt lat="-33.7631881" lon="-70.2047408">
<ele>2646</ele><time>2026-09-27T15:05:22.999Z</time><extensions><gpxtpx:TrackPointExtension><gpxtpx:hr>120</gpxtpx:hr><gpxtpx:cad>44</gpxtpx:cad></gpxtpx:TrackPointExtension></extensions></trkpt>
<trkpt lat="-33.7632230" lon="-70.2046790">
<ele>2644</ele><time>2026-09-27T15:05:25.999Z</time><extensions><gpxtpx:TrackPointExtension><gpxtpx:hr>120</gpxtpx:hr><gpxtpx:cad>42</gpxtpx:cad></gpxtpx:TrackPointExtension></extensions></trkpt>
<trkpt lat="-33.7632480" lon="-70.2046235">
<ele>2641</ele><time>2026-09-27T15:05:27.999Z</time><extensions><gpxtpx:TrackPointExtension><gpxtpx:hr>120</gpxtpx:hr><gpxtpx:cad>47</gpxtpx:cad></gpxtpx:TrackPointExtension></extensions></trkpt>
<trkpt lat="-33.7632833" lon="-70.2045749">
<ele>2638</ele><time>2026-09-27T15:05:29.999Z</time><extensions><gpxtpx:TrackPointExtension><gpxtpx:hr>120</gpxtpx:hr><gpxtpx:cad>47</gpxtpx:cad></gpxtpx:TrackPointExtension></extensions></trkpt>
<trkpt lat="-33.7632995" lon="-70.2045195">
<ele>2635</ele><time>2026-09-27T15:05:34.999Z</time><extensions><gpxtpx:TrackPointExtension><gpxtpx:hr>130</gpxtpx:hr><gpxtpx:cad>48</gpxtpx:cad></gpxtpx:TrackPointExtension></extensions></trkpt>
<trkpt lat="-33.7633401" lon="-70.2044714">
<ele>2632</ele><time>2026-09-27T15:05:37.999Z</time><extensions><gpxtpx:TrackPointExtension><gpxtpx:hr>130</gpxtpx:hr><gpxtpx:cad>50</gpxtpx:cad></gpxtpx:TrackPointExtension></extensions></trkpt>
<trkpt lat="-33.7633771" lon="-70.2044385">
<ele>2629</ele><time>2026-09-27T15:05:39.999Z</time><extensions><gpxtpx:TrackPointExtension><gpxtpx:hr>130</gpxtpx:hr><gpxtpx:cad>47</gpxtpx:cad></gpxtpx:TrackPointExtension></extensions></trkpt>
<trkpt lat="-33.7634140" lon="-70.2043908">
<ele>2626</ele><time>2026-09-27T15:05:47.999Z</time><extensions><gpxtpx:TrackPointExtension><gpxtpx:hr>133</gpxtpx:hr><gpxtpx:cad>48</gpxtpx:cad></gpxtpx:TrackPointExtension></extensions></trkpt>
<trkpt lat="-33.7634567" lon="-70.2043492">
<ele>2624</ele><time>2026-09-27T15:05:50.999Z</time><extensions><gpxtpx:TrackPointExtension><gpxtpx:hr>133</gpxtpx:hr><gpxtpx:cad>44</gpxtpx:cad></gpxtpx:TrackPointExtension></extensions></trkpt>
<trkpt lat="-33.7635145" lon="-70.2043067">
<ele>2622</ele><time>2026-09-27T15:06:01.999Z</time><extensions><gpxtpx:TrackPointExtension><gpxtpx:hr>139</gpxtpx:hr><gpxtpx:cad>21</gpxtpx:cad></gpxtpx:TrackPointExtension></extensions></trkpt>
<trkpt lat="-33.7635669" lon="-70.2042558">
<ele>2620</ele><time>2026-09-27T15:06:03.999Z</time><extensions><gpxtpx:TrackPointExtension><gpxtpx:hr>139</gpxtpx:hr><gpxtpx:cad>21</gpxtpx:cad></gpxtpx:TrackPointExtension></extensions></trkpt>
<trkpt lat="-33.7636168" lon="-70.2042005">
<ele>2618</ele><time>2026-09-27T15:06:05.999Z</time><extensions><gpxtpx:TrackPointExtension><gpxtpx:hr>139</gpxtpx:hr><gpxtpx:cad>22</gpxtpx:cad></gpxtpx:TrackPointExtension></extensions></trkpt>
<trkpt lat="-33.7636686" lon="-70.2041530">
<ele>2615</ele><time>2026-09-27T15:06:07.999Z</time><extensions><gpxtpx:TrackPointExtension><gpxtpx:hr>141</gpxtpx:hr><gpxtpx:cad>21</gpxtpx:cad></gpxtpx:TrackPointExtension></extensions></trkpt>
<trkpt lat="-33.7637050" lon="-70.2041161">
<ele>2612</ele><time>2026-09-27T15:06:16.999Z</time><extensions><gpxtpx:TrackPointExtension><gpxtpx:hr>142</gpxtpx:hr><gpxtpx:cad>22</gpxtpx:cad></gpxtpx:TrackPointExtension></extensions></trkpt>
<trkpt lat="-33.7637515" lon="-70.2040829">
<ele>2609</ele><time>2026-09-27T15:06:22.999Z</time><extensions><gpxtpx:TrackPointExtension><gpxtpx:hr>145</gpxtpx:hr><gpxtpx:cad>21</gpxtpx:cad></gpxtpx:TrackPointExtension></extensions></trkpt>
<trkpt lat="-33.7637754" lon="-70.2040297">
<ele>2607</ele><time>2026-09-27T15:08:34.999Z</time><extensions><gpxtpx:TrackPointExtension><gpxtpx:hr>131</gpxtpx:hr><gpxtpx:cad>20</gpxtpx:cad></gpxtpx:TrackPointExtension></extensions></trkpt>
<trkpt lat="-33.7638293" lon="-70.2040080">
<ele>2605</ele><time>2026-09-27T15:08:42.999Z</time><extensions><gpxtpx:TrackPointExtension><gpxtpx:hr>126</gpxtpx:hr><gpxtpx:cad>20</gpxtpx:cad></gpxtpx:TrackPointExtension></extensions></trkpt>
<trkpt lat="-33.7638515" lon="-70.2039553">
<ele>2603</ele><time>2026-09-27T15:08:45.999Z</time><extensions><gpxtpx:TrackPointExtension><gpxtpx:hr>126</gpxtpx:hr><gpxtpx:cad>21</gpxtpx:cad></gpxtpx:TrackPointExtension></extensions></trkpt>
<trkpt lat="-33.7638979" lon="-70.2039360">
<ele>2602</ele><time>2026-09-27T15:08:50.999Z</time><extensions><gpxtpx:TrackPointExtension><gpxtpx:hr>126</gpxtpx:hr><gpxtpx:cad>22</gpxtpx:cad></gpxtpx:TrackPointExtension></extensions></trkpt>
<trkpt lat="-33.7639534" lon="-70.2039256">
<ele>2600</ele><time>2026-09-27T15:08:53.999Z</time><extensions><gpxtpx:TrackPointExtension><gpxtpx:hr>131</gpxtpx:hr><gpxtpx:cad>22</gpxtpx:cad></gpxtpx:TrackPointExtension></extensions></trkpt>
<trkpt lat="-33.7640048" lon="-70.2039116">
<ele>2598</ele><time>2026-09-27T15:08:58.999Z</time><extensions><gpxtpx:TrackPointExtension><gpxtpx:hr>131</gpxtpx:hr><gpxtpx:cad>23</gpxtpx:cad></gpxtpx:TrackPointExtension></extensions></trkpt>
<trkpt lat="-33.7640537" lon="-70.2039158">
<ele>2596</ele><time>2026-09-27T15:09:02.999Z</time><extensions><gpxtpx:TrackPointExtension><gpxtpx:hr>131</gpxtpx:hr><gpxtpx:cad>22</gpxtpx:cad></gpxtpx:TrackPointExtension></extensions></trkpt>
<trkpt lat="-33.7641013" lon="-70.2039312">
<ele>2594</ele><time>2026-09-27T15:09:06.999Z</time><extensions><gpxtpx:TrackPointExtension><gpxtpx:hr>131</gpxtpx:hr><gpxtpx:cad>46</gpxtpx:cad></gpxtpx:TrackPointExtension></extensions></trkpt>
<trkpt lat="-33.7641500" lon="-70.2039383">
<ele>2593</ele><time>2026-09-27T15:09:11.999Z</time><extensions><gpxtpx:TrackPointExtension><gpxtpx:hr>142</gpxtpx:hr><gpxtpx:cad>50</gpxtpx:cad></gpxtpx:TrackPointExtension></extensions></trkpt>
<trkpt lat="-33.7641984" lon="-70.2039300">
<ele>2591</ele><time>2026-09-27T15:09:17.999Z</time><extensions><gpxtpx:TrackPointExtension><gpxtpx:hr>145</gpxtpx:hr><gpxtpx:cad>48</gpxtpx:cad></gpxtpx:TrackPointExtension></extensions></trkpt>
<trkpt lat="-33.7642646" lon="-70.2039148">
<ele>2589</ele><time>2026-09-27T15:09:25.999Z</time><extensions><gpxtpx:TrackPointExtension><gpxtpx:hr>148</gpxtpx:hr><gpxtpx:cad>49</gpxtpx:cad></gpxtpx:TrackPointExtension></extensions></trkpt>
<trkpt lat="-33.7643153" lon="-70.2039015">
<ele>2587</ele><time>2026-09-27T15:09:29.999Z</time><extensions><gpxtpx:TrackPointExtension><gpxtpx:hr>150</gpxtpx:hr><gpxtpx:cad>51</gpxtpx:cad></gpxtpx:TrackPointExtension></extensions></trkpt>
<trkpt lat="-33.7643721" lon="-70.2038992">
<ele>2585</ele><time>2026-09-27T15:09:34.999Z</time><extensions><gpxtpx:TrackPointExtension><gpxtpx:hr>151</gpxtpx:hr><gpxtpx:cad>52</gpxtpx:cad></gpxtpx:TrackPointExtension></extensions></trkpt>
<trkpt lat="-33.7644288" lon="-70.2039124">
<ele>2583</ele><time>2026-09-27T15:09:40.999Z</time><extensions><gpxtpx:TrackPointExtension><gpxtpx:hr>151</gpxtpx:hr><gpxtpx:cad>52</gpxtpx:cad></gpxtpx:TrackPointExtension></extensions></trkpt>
<trkpt lat="-33.7644735" lon="-70.2039049">
<ele>2581</ele><time>2026-09-27T15:09:45.999Z</time><extensions><gpxtpx:TrackPointExtension><gpxtpx:hr>150</gpxtpx:hr><gpxtpx:cad>51</gpxtpx:cad></gpxtpx:TrackPointExtension></extensions></trkpt>
<trkpt lat="-33.7645216" lon="-70.2039072">
<ele>2580</ele><time>2026-09-27T15:09:50.999Z</time><extensions><gpxtpx:TrackPointExtension><gpxtpx:hr>149</gpxtpx:hr><gpxtpx:cad>50</gpxtpx:cad></gpxtpx:TrackPointExtension></extensions></trkpt>
<trkpt lat="-33.7645714" lon="-70.2039089">
<ele>2579</ele><time>2026-09-27T15:09:54.999Z</time><extensions><gpxtpx:TrackPointExtension><gpxtpx:hr>148</gpxtpx:hr><gpxtpx:cad>53</gpxtpx:cad></gpxtpx:TrackPointExtension></extensions></trkpt>
<trkpt lat="-33.7646278" lon="-70.2039031">
<ele>2578</ele><time>2026-09-27T15:10:00.999Z</time><extensions><gpxtpx:TrackPointExtension><gpxtpx:hr>148</gpxtpx:hr><gpxtpx:cad>54</gpxtpx:cad></gpxtpx:TrackPointExtension></extensions></trkpt>
<trkpt lat="-33.7646839" lon="-70.2038938">
<ele>2577</ele><time>2026-09-27T15:10:05.999Z</time><extensions><gpxtpx:TrackPointExtension><gpxtpx:hr>148</gpxtpx:hr><gpxtpx:cad>51</gpxtpx:cad></gpxtpx:TrackPointExtension></extensions></trkpt>
<trkpt lat="-33.7647394" lon="-70.2039156">
<ele>2576</ele><time>2026-09-27T15:10:10.999Z</time><extensions><gpxtpx:TrackPointExtension><gpxtpx:hr>149</gpxtpx:hr><gpxtpx:cad>49</gpxtpx:cad></gpxtpx:TrackPointExtension></extensions></trkpt>
<trkpt lat="-33.7647835" lon="-70.2039612">
<ele>2575</ele><time>2026-09-27T15:10:15.999Z</time><extensions><gpxtpx:TrackPointExtension><gpxtpx:hr>148</gpxtpx:hr><gpxtpx:cad>51</gpxtpx:cad></gpxtpx:TrackPointExtension></extensions></trkpt>
<trkpt lat="-33.7648180" lon="-70.2040054">
<ele>2574</ele><time>2026-09-27T15:10:20.999Z</time><extensions><gpxtpx:TrackPointExtension><gpxtpx:hr>148</gpxtpx:hr><gpxtpx:cad>52</gpxtpx:cad></gpxtpx:TrackPointExtension></extensions></trkpt>
<trkpt lat="-33.7648586" lon="-70.2040415">
<ele>2573</ele><time>2026-09-27T15:10:25.999Z</time><extensions><gpxtpx:TrackPointExtension><gpxtpx:hr>146</gpxtpx:hr><gpxtpx:cad>52</gpxtpx:cad></gpxtpx:TrackPointExtension></extensions></trkpt>
<trkpt lat="-33.7648858" lon="-70.2040898">
<ele>2572</ele><time>2026-09-27T15:10:29.999Z</time><extensions><gpxtpx:TrackPointExtension><gpxtpx:hr>146</gpxtpx:hr><gpxtpx:cad>53</gpxtpx:cad></gpxtpx:TrackPointExtension></extensions></trkpt>
<trkpt lat="-33.7649186" lon="-70.2041384">
<ele>2571</ele><time>2026-09-27T15:10:33.999Z</time><extensions><gpxtpx:TrackPointExtension><gpxtpx:hr>144</gpxtpx:hr><gpxtpx:cad>51</gpxtpx:cad></gpxtpx:TrackPointExtension></extensions></trkpt>
<trkpt lat="-33.7649416" lon="-70.2041981">
<ele>2570</ele><time>2026-09-27T15:10:38.999Z</time><extensions><gpxtpx:TrackPointExtension><gpxtpx:hr>143</gpxtpx:hr><gpxtpx:cad>47</gpxtpx:cad></gpxtpx:TrackPointExtension></extensions></trkpt>
<trkpt lat="-33.7649620" lon="-70.2042500">
<ele>2569</ele><time>2026-09-27T15:10:43.999Z</time><extensions><gpxtpx:TrackPointExtension><gpxtpx:hr>142</gpxtpx:hr><gpxtpx:cad>45</gpxtpx:cad></gpxtpx:TrackPointExtension></extensions></trkpt>
<trkpt lat="-33.7650011" lon="-70.2042781">
<ele>2567</ele><time>2026-09-27T15:10:47.999Z</time><extensions><gpxtpx:TrackPointExtension><gpxtpx:hr>141</gpxtpx:hr><gpxtpx:cad>45</gpxtpx:cad></gpxtpx:TrackPointExtension></extensions></trkpt>
<trkpt lat="-33.7650460" lon="-70.2042968">
<ele>2566</ele><time>2026-09-27T15:10:51.999Z</time><extensions><gpxtpx:TrackPointExtension><gpxtpx:hr>137</gpxtpx:hr><gpxtpx:cad>43</gpxtpx:cad></gpxtpx:TrackPointExtension></extensions></trkpt>
<trkpt lat="-33.7650941" lon="-70.2043329">
<ele>2564</ele><time>2026-09-27T15:10:56.999Z</time><extensions><gpxtpx:TrackPointExtension><gpxtpx:hr>139</gpxtpx:hr><gpxtpx:cad>44</gpxtpx:cad></gpxtpx:TrackPointExtension></extensions></trkpt>
<trkpt lat="-33.7651373" lon="-70.2043592">
<ele>2562</ele><time>2026-09-27T15:11:02.999Z</time><extensions><gpxtpx:TrackPointExtension><gpxtpx:hr>140</gpxtpx:hr><gpxtpx:cad>43</gpxtpx:cad></gpxtpx:TrackPointExtension></extensions></trkpt>
<trkpt lat="-33.7651835" lon="-70.2043824">
<ele>2559</ele><time>2026-09-27T15:11:06.999Z</time><extensions><gpxtpx:TrackPointExtension><gpxtpx:hr>143</gpxtpx:hr><gpxtpx:cad>42</gpxtpx:cad></gpxtpx:TrackPointExtension></extensions></trkpt>
<trkpt lat="-33.7652196" lon="-70.2044156">
<ele>2557</ele><time>2026-09-27T15:11:12.999Z</time><extensions><gpxtpx:TrackPointExtension><gpxtpx:hr>143</gpxtpx:hr><gpxtpx:cad>43</gpxtpx:cad></gpxtpx:TrackPointExtension></extensions></trkpt>
<trkpt lat="-33.7652744" lon="-70.2044229">
<ele>2555</ele><time>2026-09-27T15:11:17.999Z</time><extensions><gpxtpx:TrackPointExtension><gpxtpx:hr>142</gpxtpx:hr><gpxtpx:cad>42</gpxtpx:cad></gpxtpx:TrackPointExtension></extensions></trkpt>
<trkpt lat="-33.7653099" lon="-70.2044595">
<ele>2553</ele><time>2026-09-27T15:11:21.999Z</time><extensions><gpxtpx:TrackPointExtension><gpxtpx:hr>142</gpxtpx:hr><gpxtpx:cad>41</gpxtpx:cad></gpxtpx:TrackPointExtension></extensions></trkpt>
<trkpt lat="-33.7653535" lon="-70.2044967">
<ele>2551</ele><time>2026-09-27T15:11:26.999Z</time><extensions><gpxtpx:TrackPointExtension><gpxtpx:hr>142</gpxtpx:hr><gpxtpx:cad>42</gpxtpx:cad></gpxtpx:TrackPointExtension></extensions></trkpt>
<trkpt lat="-33.7653959" lon="-70.2045213">
<ele>2549</ele><time>2026-09-27T15:11:31.999Z</time><extensions><gpxtpx:TrackPointExtension><gpxtpx:hr>146</gpxtpx:hr><gpxtpx:cad>42</gpxtpx:cad></gpxtpx:TrackPointExtension></extensions></trkpt>
<trkpt lat="-33.7654428" lon="-70.2045461">
<ele>2547</ele><time>2026-09-27T15:11:40.999Z</time><extensions><gpxtpx:TrackPointExtension><gpxtpx:hr>147</gpxtpx:hr><gpxtpx:cad>41</gpxtpx:cad></gpxtpx:TrackPointExtension></extensions></trkpt>
<trkpt lat="-33.7654790" lon="-70.2045799">
<ele>2545</ele><time>2026-09-27T15:11:44.999Z</time><extensions><gpxtpx:TrackPointExtension><gpxtpx:hr>148</gpxtpx:hr><gpxtpx:cad>44</gpxtpx:cad></gpxtpx:TrackPointExtension></extensions></trkpt>
<trkpt lat="-33.7655263" lon="-70.2046063">
<ele>2543</ele><time>2026-09-27T15:11:48.999Z</time><extensions><gpxtpx:TrackPointExtension><gpxtpx:hr>148</gpxtpx:hr><gpxtpx:cad>41</gpxtpx:cad></gpxtpx:TrackPointExtension></extensions></trkpt>
<trkpt lat="-33.7655843" lon="-70.2046107">
<ele>2542</ele><time>2026-09-27T15:11:53.999Z</time><extensions><gpxtpx:TrackPointExtension><gpxtpx:hr>148</gpxtpx:hr><gpxtpx:cad>41</gpxtpx:cad></gpxtpx:TrackPointExtension></extensions></trkpt>
<trkpt lat="-33.7656252" lon="-70.2046433">
<ele>2540</ele><time>2026-09-27T15:11:57.999Z</time><extensions><gpxtpx:TrackPointExtension><gpxtpx:hr>149</gpxtpx:hr><gpxtpx:cad>42</gpxtpx:cad></gpxtpx:TrackPointExtension></extensions></trkpt>
<trkpt lat="-33.7656715" lon="-70.2046625">
<ele>2539</ele><time>2026-09-27T15:12:02.999Z</time><extensions><gpxtpx:TrackPointExtension><gpxtpx:hr>149</gpxtpx:hr><gpxtpx:cad>42</gpxtpx:cad></gpxtpx:TrackPointExtension></extensions></trkpt>
<trkpt lat="-33.7657266" lon="-70.2046719">
<ele>2537</ele><time>2026-09-27T15:12:07.999Z</time><extensions><gpxtpx:TrackPointExtension><gpxtpx:hr>150</gpxtpx:hr><gpxtpx:cad>42</gpxtpx:cad></gpxtpx:TrackPointExtension></extensions></trkpt>
<trkpt lat="-33.7657679" lon="-70.2046969">
<ele>2534</ele><time>2026-09-27T15:12:11.999Z</time><extensions><gpxtpx:TrackPointExtension><gpxtpx:hr>150</gpxtpx:hr><gpxtpx:cad>39</gpxtpx:cad></gpxtpx:TrackPointExtension></extensions></trkpt>
<trkpt lat="-33.7658120" lon="-70.2047165">
<ele>2532</ele><time>2026-09-27T15:12:15.999Z</time><extensions><gpxtpx:TrackPointExtension><gpxtpx:hr>149</gpxtpx:hr><gpxtpx:cad>39</gpxtpx:cad></gpxtpx:TrackPointExtension></extensions></trkpt>
<trkpt lat="-33.7658591" lon="-70.2047137">
<ele>2530</ele><time>2026-09-27T15:12:18.999Z</time><extensions><gpxtpx:TrackPointExtension><gpxtpx:hr>148</gpxtpx:hr><gpxtpx:cad>39</gpxtpx:cad></gpxtpx:TrackPointExtension></extensions></trkpt>
<trkpt lat="-33.7659139" lon="-70.2047319">
<ele>2528</ele><time>2026-09-27T15:12:23.999Z</time><extensions><gpxtpx:TrackPointExtension><gpxtpx:hr>148</gpxtpx:hr><gpxtpx:cad>39</gpxtpx:cad></gpxtpx:TrackPointExtension></extensions></trkpt>
<trkpt lat="-33.7659631" lon="-70.2047103">
<ele>2525</ele><time>2026-09-27T15:12:27.999Z</time><extensions><gpxtpx:TrackPointExtension><gpxtpx:hr>148</gpxtpx:hr><gpxtpx:cad>37</gpxtpx:cad></gpxtpx:TrackPointExtension></extensions></trkpt>
<trkpt lat="-33.7660127" lon="-70.2047274">
<ele>2523</ele><time>2026-09-27T15:12:31.999Z</time><extensions><gpxtpx:TrackPointExtension><gpxtpx:hr>148</gpxtpx:hr><gpxtpx:cad>37</gpxtpx:cad></gpxtpx:TrackPointExtension></extensions></trkpt>
<trkpt lat="-33.7660577" lon="-70.2047225">
<ele>2521</ele><time>2026-09-27T15:12:37.999Z</time><extensions><gpxtpx:TrackPointExtension><gpxtpx:hr>148</gpxtpx:hr><gpxtpx:cad>37</gpxtpx:cad></gpxtpx:TrackPointExtension></extensions></trkpt>
<trkpt lat="-33.7660911" lon="-70.2046797">
<ele>2519</ele><time>2026-09-27T15:12:42.999Z</time><extensions><gpxtpx:TrackPointExtension><gpxtpx:hr>149</gpxtpx:hr><gpxtpx:cad>36</gpxtpx:cad></gpxtpx:TrackPointExtension></extensions></trkpt>
<trkpt lat="-33.7661209" lon="-70.2047221">
<ele>2517</ele><time>2026-09-27T15:12:53.999Z</time><extensions><gpxtpx:TrackPointExtension><gpxtpx:hr>151</gpxtpx:hr><gpxtpx:cad>30</gpxtpx:cad></gpxtpx:TrackPointExtension></extensions></trkpt>
<trkpt lat="-33.7661668" lon="-70.2047516">
<ele>2515</ele><time>2026-09-27T15:12:56.999Z</time><extensions><gpxtpx:TrackPointExtension><gpxtpx:hr>151</gpxtpx:hr><gpxtpx:cad>30</gpxtpx:cad></gpxtpx:TrackPointExtension></extensions></trkpt>
<trkpt lat="-33.7662086" lon="-70.2047879">
<ele>2513</ele><time>2026-09-27T15:12:59.999Z</time><extensions><gpxtpx:TrackPointExtension><gpxtpx:hr>145</gpxtpx:hr><gpxtpx:cad>26</gpxtpx:cad></gpxtpx:TrackPointExtension></extensions></trkpt>
<trkpt lat="-33.7662630" lon="-70.2048004">
<ele>2510</ele><time>2026-09-27T15:13:02.999Z</time><extensions><gpxtpx:TrackPointExtension><gpxtpx:hr>145</gpxtpx:hr><gpxtpx:cad>26</gpxtpx:cad></gpxtpx:TrackPointExtension></extensions></trkpt>
<trkpt lat="-33.7663073" lon="-70.2048256">
<ele>2508</ele><time>2026-09-27T15:13:05.999Z</time><extensions><gpxtpx:TrackPointExtension><gpxtpx:hr>145</gpxtpx:hr><gpxtpx:cad>27</gpxtpx:cad></gpxtpx:TrackPointExtension></extensions></trkpt>
<trkpt lat="-33.7663778" lon="-70.2048594">
<ele>2505</ele><time>2026-09-27T15:13:08.999Z</time><extensions><gpxtpx:TrackPointExtension><gpxtpx:hr>145</gpxtpx:hr><gpxtpx:cad>27</gpxtpx:cad></gpxtpx:TrackPointExtension></extensions></trkpt>
<trkpt lat="-33.7664418" lon="-70.2048936">
<ele>2503</ele><time>2026-09-27T15:13:11.999Z</time><extensions><gpxtpx:TrackPointExtension><gpxtpx:hr>145</gpxtpx:hr><gpxtpx:cad>27</gpxtpx:cad></gpxtpx:TrackPointExtension></extensions></trkpt>
<trkpt lat="-33.7664767" lon="-70.2049304">
<ele>2500</ele><time>2026-09-27T15:14:00.000Z</time><extensions><gpxtpx:TrackPointExtension><gpxtpx:hr>122</gpxtpx:hr><gpxtpx:cad>28</gpxtpx:cad></gpxtpx:TrackPointExtension></extensions></trkpt>
<trkpt lat="-33.7665240" lon="-70.2049561">
<ele>2497</ele><time>2026-09-27T15:14:02.000Z</time><extensions><gpxtpx:TrackPointExtension><gpxtpx:hr>122</gpxtpx:hr><gpxtpx:cad>28</gpxtpx:cad></gpxtpx:TrackPointExtension></extensions></trkpt>
<trkpt lat="-33.7665657" lon="-70.2049908">
<ele>2494</ele><time>2026-09-27T15:14:04.000Z</time><extensions><gpxtpx:TrackPointExtension><gpxtpx:hr>120</gpxtpx:hr><gpxtpx:cad>29</gpxtpx:cad></gpxtpx:TrackPointExtension></extensions></trkpt>
<trkpt lat="-33.7666279" lon="-70.2050188">
<ele>2492</ele><time>2026-09-27T15:14:07.000Z</time><extensions><gpxtpx:TrackPointExtension><gpxtpx:hr>120</gpxtpx:hr><gpxtpx:cad>29</gpxtpx:cad></gpxtpx:TrackPointExtension></extensions></trkpt>
<trkpt lat="-33.7666875" lon="-70.2050582">
<ele>2490</ele><time>2026-09-27T15:14:09.000Z</time><extensions><gpxtpx:TrackPointExtension><gpxtpx:hr>120</gpxtpx:hr><gpxtpx:cad>29</gpxtpx:cad></gpxtpx:TrackPointExtension></extensions></trkpt>
<trkpt lat="-33.7667366" lon="-70.2050980">
<ele>2487</ele><time>2026-09-27T15:14:11.000Z</time><extensions><gpxtpx:TrackPointExtension><gpxtpx:hr>120</gpxtpx:hr><gpxtpx:cad>30</gpxtpx:cad></gpxtpx:TrackPointExtension></extensions></trkpt>
<trkpt lat="-33.7668038" lon="-70.2051315">
<ele>2484</ele><time>2026-09-27T15:14:13.000Z</time><extensions><gpxtpx:TrackPointExtension><gpxtpx:hr>119</gpxtpx:hr><gpxtpx:cad>30</gpxtpx:cad></gpxtpx:TrackPointExtension></extensions></trkpt>
<trkpt lat="-33.7668547" lon="-70.2051572">
<ele>2480</ele><time>2026-09-27T15:14:15.000Z</time><extensions><gpxtpx:TrackPointExtension><gpxtpx:hr>119</gpxtpx:hr><gpxtpx:cad>45</gpxtpx:cad></gpxtpx:TrackPointExtension></extensions></trkpt>
<trkpt lat="-33.7669108" lon="-70.2051552">
<ele>2476</ele><time>2026-09-27T15:14:17.000Z</time><extensions><gpxtpx:TrackPointExtension><gpxtpx:hr>118</gpxtpx:hr><gpxtpx:cad>50</gpxtpx:cad></gpxtpx:TrackPointExtension></extensions></trkpt>
<trkpt lat="-33.7669657" lon="-70.2051618">
<ele>2474</ele><time>2026-09-27T15:14:18.000Z</time><extensions><gpxtpx:TrackPointExtension><gpxtpx:hr>118</gpxtpx:hr><gpxtpx:cad>60</gpxtpx:cad></gpxtpx:TrackPointExtension></extensions></trkpt>
<trkpt lat="-33.7670313" lon="-70.2051862">
<ele>2473</ele><time>2026-09-27T15:14:19.000Z</time><extensions><gpxtpx:TrackPointExtension><gpxtpx:hr>118</gpxtpx:hr><gpxtpx:cad>63</gpxtpx:cad></gpxtpx:TrackPointExtension></extensions></trkpt>
<trkpt lat="-33.7670838" lon="-70.2051986">
<ele>2472</ele><time>2026-09-27T15:14:20.000Z</time><extensions><gpxtpx:TrackPointExtension><gpxtpx:hr>118</gpxtpx:hr><gpxtpx:cad>63</gpxtpx:cad></gpxtpx:TrackPointExtension></extensions></trkpt>
<trkpt lat="-33.7671361" lon="-70.2052165">
<ele>2470</ele><time>2026-09-27T15:14:21.000Z</time><extensions><gpxtpx:TrackPointExtension><gpxtpx:hr>118</gpxtpx:hr><gpxtpx:cad>63</gpxtpx:cad></gpxtpx:TrackPointExtension></extensions></trkpt>
<trkpt lat="-33.7671860" lon="-70.2052388">
<ele>2467</ele><time>2026-09-27T15:14:22.000Z</time><extensions><gpxtpx:TrackPointExtension><gpxtpx:hr>118</gpxtpx:hr><gpxtpx:cad>65</gpxtpx:cad></gpxtpx:TrackPointExtension></extensions></trkpt>
<trkpt lat="-33.7672308" lon="-70.2052570">
<ele>2464</ele><time>2026-09-27T15:14:23.000Z</time><extensions><gpxtpx:TrackPointExtension><gpxtpx:hr>118</gpxtpx:hr><gpxtpx:cad>68</gpxtpx:cad></gpxtpx:TrackPointExtension></extensions></trkpt>
<trkpt lat="-33.7673191" lon="-70.2052778">
<ele>2460</ele><time>2026-09-27T15:14:25.000Z</time><extensions><gpxtpx:TrackPointExtension><gpxtpx:hr>118</gpxtpx:hr><gpxtpx:cad>65</gpxtpx:cad></gpxtpx:TrackPointExtension></extensions></trkpt>
<trkpt lat="-33.7673779" lon="-70.2052955">
<ele>2456</ele><time>2026-09-27T15:14:27.000Z</time><extensions><gpxtpx:TrackPointExtension><gpxtpx:hr>118</gpxtpx:hr><gpxtpx:cad>63</gpxtpx:cad></gpxtpx:TrackPointExtension></extensions></trkpt>
<trkpt lat="-33.7674353" lon="-70.2053157">
<ele>2454</ele><time>2026-09-27T15:14:29.000Z</time><extensions><gpxtpx:TrackPointExtension><gpxtpx:hr>118</gpxtpx:hr><gpxtpx:cad>60</gpxtpx:cad></gpxtpx:TrackPointExtension></extensions></trkpt>
<trkpt lat="-33.7675259" lon="-70.2053516">
<ele>2452</ele><time>2026-09-27T15:14:31.000Z</time><extensions><gpxtpx:TrackPointExtension><gpxtpx:hr>118</gpxtpx:hr><gpxtpx:cad>57</gpxtpx:cad></gpxtpx:TrackPointExtension></extensions></trkpt>
<trkpt lat="-33.7675901" lon="-70.2053860">
<ele>2451</ele><time>2026-09-27T15:14:32.000Z</time><extensions><gpxtpx:TrackPointExtension><gpxtpx:hr>118</gpxtpx:hr><gpxtpx:cad>53</gpxtpx:cad></gpxtpx:TrackPointExtension></extensions></trkpt>
<trkpt lat="-33.7676453" lon="-70.2054151">
<ele>2449</ele><time>2026-09-27T15:14:33.000Z</time><extensions><gpxtpx:TrackPointExtension><gpxtpx:hr>128</gpxtpx:hr><gpxtpx:cad>56</gpxtpx:cad></gpxtpx:TrackPointExtension></extensions></trkpt>
<trkpt lat="-33.7677111" lon="-70.2054201">
<ele>2446</ele><time>2026-09-27T15:14:34.999Z</time><extensions><gpxtpx:TrackPointExtension><gpxtpx:hr>128</gpxtpx:hr><gpxtpx:cad>53</gpxtpx:cad></gpxtpx:TrackPointExtension></extensions></trkpt>
<trkpt lat="-33.7677472" lon="-70.2054543">
<ele>2443</ele><time>2026-09-27T15:14:36.999Z</time><extensions><gpxtpx:TrackPointExtension><gpxtpx:hr>128</gpxtpx:hr><gpxtpx:cad>53</gpxtpx:cad></gpxtpx:TrackPointExtension></extensions></trkpt>
<trkpt lat="-33.7680005" lon="-70.2055299">
<ele>2439</ele><time>2026-09-27T15:14:38.999Z</time><extensions><gpxtpx:TrackPointExtension><gpxtpx:hr>129</gpxtpx:hr><gpxtpx:cad>53</gpxtpx:cad></gpxtpx:TrackPointExtension></extensions></trkpt>
<trkpt lat="-33.7680848" lon="-70.2055561">
<ele>2435</ele><time>2026-09-27T15:14:40.999Z</time><extensions><gpxtpx:TrackPointExtension><gpxtpx:hr>129</gpxtpx:hr><gpxtpx:cad>47</gpxtpx:cad></gpxtpx:TrackPointExtension></extensions></trkpt>
<trkpt lat="-33.7681342" lon="-70.2055711">
<ele>2430</ele><time>2026-09-27T15:14:43.999Z</time><extensions><gpxtpx:TrackPointExtension><gpxtpx:hr>131</gpxtpx:hr><gpxtpx:cad>44</gpxtpx:cad></gpxtpx:TrackPointExtension></extensions></trkpt>
<trkpt lat="-33.7681896" lon="-70.2055936">
<ele>2426</ele><time>2026-09-27T15:14:46.999Z</time><extensions><gpxtpx:TrackPointExtension><gpxtpx:hr>131</gpxtpx:hr><gpxtpx:cad>49</gpxtpx:cad></gpxtpx:TrackPointExtension></extensions></trkpt>
<trkpt lat="-33.7680994" lon="-70.2056276">
<ele>2422</ele><time>2026-09-27T15:14:47.999Z</time><extensions><gpxtpx:TrackPointExtension><gpxtpx:hr>136</gpxtpx:hr><gpxtpx:cad>50</gpxtpx:cad></gpxtpx:TrackPointExtension></extensions></trkpt>
<trkpt lat="-33.7681427" lon="-70.2056710">
<ele>2419</ele><time>2026-09-27T15:14:49.999Z</time><extensions><gpxtpx:TrackPointExtension><gpxtpx:hr>136</gpxtpx:hr><gpxtpx:cad>52</gpxtpx:cad></gpxtpx:TrackPointExtension></extensions></trkpt>
<trkpt lat="-33.7682223" lon="-70.2057105">
<ele>2416</ele><time>2026-09-27T15:14:52.000Z</time><extensions><gpxtpx:TrackPointExtension><gpxtpx:hr>136</gpxtpx:hr><gpxtpx:cad>52</gpxtpx:cad></gpxtpx:TrackPointExtension></extensions></trkpt>
<trkpt lat="-33.7682696" lon="-70.2057279">
<ele>2414</ele><time>2026-09-27T15:14:54.000Z</time><extensions><gpxtpx:TrackPointExtension><gpxtpx:hr>135</gpxtpx:hr><gpxtpx:cad>59</gpxtpx:cad></gpxtpx:TrackPointExtension></extensions></trkpt>
<trkpt lat="-33.7683220" lon="-70.2057605">
<ele>2411</ele><time>2026-09-27T15:14:56.000Z</time><extensions><gpxtpx:TrackPointExtension><gpxtpx:hr>135</gpxtpx:hr><gpxtpx:cad>60</gpxtpx:cad></gpxtpx:TrackPointExtension></extensions></trkpt>
<trkpt lat="-33.7683705" lon="-70.2057678">
<ele>2408</ele><time>2026-09-27T15:14:58.000Z</time><extensions><gpxtpx:TrackPointExtension><gpxtpx:hr>135</gpxtpx:hr><gpxtpx:cad>60</gpxtpx:cad></gpxtpx:TrackPointExtension></extensions></trkpt>
<trkpt lat="-33.7684121" lon="-70.2058056">
<ele>2405</ele><time>2026-09-27T15:15:00.000Z</time><extensions><gpxtpx:TrackPointExtension><gpxtpx:hr>135</gpxtpx:hr><gpxtpx:cad>56</gpxtpx:cad></gpxtpx:TrackPointExtension></extensions></trkpt>
<trkpt lat="-33.7684824" lon="-70.2058248">
<ele>2401</ele><time>2026-09-27T15:15:02.000Z</time><extensions><gpxtpx:TrackPointExtension><gpxtpx:hr>135</gpxtpx:hr><gpxtpx:cad>62</gpxtpx:cad></gpxtpx:TrackPointExtension></extensions></trkpt>
<trkpt lat="-33.7685425" lon="-70.2058562">
<ele>2398</ele><time>2026-09-27T15:15:04.000Z</time><extensions><gpxtpx:TrackPointExtension><gpxtpx:hr>138</gpxtpx:hr><gpxtpx:cad>61</gpxtpx:cad></gpxtpx:TrackPointExtension></extensions></trkpt>
<trkpt lat="-33.7686032" lon="-70.2058755">
<ele>2394</ele><time>2026-09-27T15:15:06.000Z</time><extensions><gpxtpx:TrackPointExtension><gpxtpx:hr>138</gpxtpx:hr><gpxtpx:cad>67</gpxtpx:cad></gpxtpx:TrackPointExtension></extensions></trkpt>
<trkpt lat="-33.7686651" lon="-70.2058994">
<ele>2390</ele><time>2026-09-27T15:15:08.000Z</time><extensions><gpxtpx:TrackPointExtension><gpxtpx:hr>138</gpxtpx:hr><gpxtpx:cad>66</gpxtpx:cad></gpxtpx:TrackPointExtension></extensions></trkpt>
<trkpt lat="-33.7687181" lon="-70.2059336">
<ele>2387</ele><time>2026-09-27T15:15:10.000Z</time><extensions><gpxtpx:TrackPointExtension><gpxtpx:hr>138</gpxtpx:hr><gpxtpx:cad>61</gpxtpx:cad></gpxtpx:TrackPointExtension></extensions></trkpt>
<trkpt lat="-33.7687716" lon="-70.2059625">
<ele>2384</ele><time>2026-09-27T15:15:12.000Z</time><extensions><gpxtpx:TrackPointExtension><gpxtpx:hr>138</gpxtpx:hr><gpxtpx:cad>62</gpxtpx:cad></gpxtpx:TrackPointExtension></extensions></trkpt>
<trkpt lat="-33.7688221" lon="-70.2059861">
<ele>2381</ele><time>2026-09-27T15:15:14.000Z</time><extensions><gpxtpx:TrackPointExtension><gpxtpx:hr>136</gpxtpx:hr><gpxtpx:cad>63</gpxtpx:cad></gpxtpx:TrackPointExtension></extensions></trkpt>
<trkpt lat="-33.7688845" lon="-70.2060132">
<ele>2378</ele><time>2026-09-27T15:15:17.000Z</time><extensions><gpxtpx:TrackPointExtension><gpxtpx:hr>136</gpxtpx:hr><gpxtpx:cad>60</gpxtpx:cad></gpxtpx:TrackPointExtension></extensions></trkpt>
<trkpt lat="-33.7689354" lon="-70.2060309">
<ele>2375</ele><time>2026-09-27T15:15:19.000Z</time><extensions><gpxtpx:TrackPointExtension><gpxtpx:hr>135</gpxtpx:hr><gpxtpx:cad>48</gpxtpx:cad></gpxtpx:TrackPointExtension></extensions></trkpt>
<trkpt lat="-33.7689794" lon="-70.2060516">
<ele>2373</ele><time>2026-09-27T15:15:21.000Z</time><extensions><gpxtpx:TrackPointExtension><gpxtpx:hr>135</gpxtpx:hr><gpxtpx:cad>49</gpxtpx:cad></gpxtpx:TrackPointExtension></extensions></trkpt>
<trkpt lat="-33.7690231" lon="-70.2060757">
<ele>2370</ele><time>2026-09-27T15:15:23.000Z</time><extensions><gpxtpx:TrackPointExtension><gpxtpx:hr>136</gpxtpx:hr><gpxtpx:cad>47</gpxtpx:cad></gpxtpx:TrackPointExtension></extensions></trkpt>
<trkpt lat="-33.7690680" lon="-70.2060926">
<ele>2368</ele><time>2026-09-27T15:15:25.000Z</time><extensions><gpxtpx:TrackPointExtension><gpxtpx:hr>136</gpxtpx:hr><gpxtpx:cad>44</gpxtpx:cad></gpxtpx:TrackPointExtension></extensions></trkpt>
<trkpt lat="-33.7691122" lon="-70.2061142">
<ele>2366</ele><time>2026-09-27T15:15:27.000Z</time><extensions><gpxtpx:TrackPointExtension><gpxtpx:hr>136</gpxtpx:hr><gpxtpx:cad>43</gpxtpx:cad></gpxtpx:TrackPointExtension></extensions></trkpt>
<trkpt lat="-33.7691619" lon="-70.2061431">
<ele>2363</ele><time>2026-09-27T15:15:29.000Z</time><extensions><gpxtpx:TrackPointExtension><gpxtpx:hr>134</gpxtpx:hr><gpxtpx:cad>39</gpxtpx:cad></gpxtpx:TrackPointExtension></extensions></trkpt>
<trkpt lat="-33.7692048" lon="-70.2061599">
<ele>2361</ele><time>2026-09-27T15:15:31.000Z</time><extensions><gpxtpx:TrackPointExtension><gpxtpx:hr>134</gpxtpx:hr><gpxtpx:cad>36</gpxtpx:cad></gpxtpx:TrackPointExtension></extensions></trkpt>
<trkpt lat="-33.7692884" lon="-70.2062061">
<ele>2358</ele><time>2026-09-27T15:15:33.000Z</time><extensions><gpxtpx:TrackPointExtension><gpxtpx:hr>127</gpxtpx:hr><gpxtpx:cad>33</gpxtpx:cad></gpxtpx:TrackPointExtension></extensions></trkpt>
<trkpt lat="-33.7693512" lon="-70.2062441">
<ele>2356</ele><time>2026-09-27T15:15:35.000Z</time><extensions><gpxtpx:TrackPointExtension><gpxtpx:hr>127</gpxtpx:hr><gpxtpx:cad>30</gpxtpx:cad></gpxtpx:TrackPointExtension></extensions></trkpt>
<trkpt lat="-33.7694024" lon="-70.2062607">
<ele>2353</ele><time>2026-09-27T15:15:37.000Z</time><extensions><gpxtpx:TrackPointExtension><gpxtpx:hr>127</gpxtpx:hr><gpxtpx:cad>24</gpxtpx:cad></gpxtpx:TrackPointExtension></extensions></trkpt>
<trkpt lat="-33.7694609" lon="-70.2062865">
<ele>2350</ele><time>2026-09-27T15:15:39.000Z</time><extensions><gpxtpx:TrackPointExtension><gpxtpx:hr>120</gpxtpx:hr><gpxtpx:cad>22</gpxtpx:cad></gpxtpx:TrackPointExtension></extensions></trkpt>
<trkpt lat="-33.7695407" lon="-70.2063388">
<ele>2347</ele><time>2026-09-27T15:15:41.000Z</time><extensions><gpxtpx:TrackPointExtension><gpxtpx:hr>120</gpxtpx:hr><gpxtpx:cad>15</gpxtpx:cad></gpxtpx:TrackPointExtension></extensions></trkpt>
<trkpt lat="-33.7696054" lon="-70.2063659">
<ele>2345</ele><time>2026-09-27T15:15:43.000Z</time><extensions><gpxtpx:TrackPointExtension><gpxtpx:hr>120</gpxtpx:hr><gpxtpx:cad>14</gpxtpx:cad></gpxtpx:TrackPointExtension></extensions></trkpt>
<trkpt lat="-33.7696575" lon="-70.2063798">
<ele>2342</ele><time>2026-09-27T15:15:45.000Z</time><extensions><gpxtpx:TrackPointExtension><gpxtpx:hr>120</gpxtpx:hr><gpxtpx:cad>12</gpxtpx:cad></gpxtpx:TrackPointExtension></extensions></trkpt>
<trkpt lat="-33.7697320" lon="-70.2064074">
<ele>2340</ele><time>2026-09-27T15:15:48.000Z</time><extensions><gpxtpx:TrackPointExtension><gpxtpx:hr>124</gpxtpx:hr><gpxtpx:cad>12</gpxtpx:cad></gpxtpx:TrackPointExtension></extensions></trkpt>
<trkpt lat="-33.7697913" lon="-70.2064462">
<ele>2337</ele><time>2026-09-27T15:15:51.000Z</time><extensions><gpxtpx:TrackPointExtension><gpxtpx:hr>124</gpxtpx:hr><gpxtpx:cad>20</gpxtpx:cad></gpxtpx:TrackPointExtension></extensions></trkpt>
<trkpt lat="-33.7698359" lon="-70.2064602">
<ele>2335</ele><time>2026-09-27T15:15:53.000Z</time><extensions><gpxtpx:TrackPointExtension><gpxtpx:hr>125</gpxtpx:hr><gpxtpx:cad>21</gpxtpx:cad></gpxtpx:TrackPointExtension></extensions></trkpt>
<trkpt lat="-33.7698793" lon="-70.2064802">
<ele>2333</ele><time>2026-09-27T15:15:55.000Z</time><extensions><gpxtpx:TrackPointExtension><gpxtpx:hr>125</gpxtpx:hr><gpxtpx:cad>25</gpxtpx:cad></gpxtpx:TrackPointExtension></extensions></trkpt>
<trkpt lat="-33.7699295" lon="-70.2064973">
<ele>2330</ele><time>2026-09-27T15:15:59.000Z</time><extensions><gpxtpx:TrackPointExtension><gpxtpx:hr>125</gpxtpx:hr><gpxtpx:cad>26</gpxtpx:cad></gpxtpx:TrackPointExtension></extensions></trkpt>
<trkpt lat="-33.7699827" lon="-70.2064944">
<ele>2328</ele><time>2026-09-27T15:16:01.000Z</time><extensions><gpxtpx:TrackPointExtension><gpxtpx:hr>125</gpxtpx:hr><gpxtpx:cad>25</gpxtpx:cad></gpxtpx:TrackPointExtension></extensions></trkpt>
<trkpt lat="-33.7700270" lon="-70.2065239">
<ele>2326</ele><time>2026-09-27T15:16:04.000Z</time><extensions><gpxtpx:TrackPointExtension><gpxtpx:hr>126</gpxtpx:hr><gpxtpx:cad>26</gpxtpx:cad></gpxtpx:TrackPointExtension></extensions></trkpt>
<trkpt lat="-33.7700725" lon="-70.2065399">
<ele>2324</ele><time>2026-09-27T15:16:09.000Z</time><extensions><gpxtpx:TrackPointExtension><gpxtpx:hr>126</gpxtpx:hr><gpxtpx:cad>26</gpxtpx:cad></gpxtpx:TrackPointExtension></extensions></trkpt>
<trkpt lat="-33.7701181" lon="-70.2065440">
<ele>2322</ele><time>2026-09-27T15:16:15.000Z</time><extensions><gpxtpx:TrackPointExtension><gpxtpx:hr>128</gpxtpx:hr><gpxtpx:cad>26</gpxtpx:cad></gpxtpx:TrackPointExtension></extensions></trkpt>
<trkpt lat="-33.7701579" lon="-70.2065695">
<ele>2320</ele><time>2026-09-27T15:16:21.000Z</time><extensions><gpxtpx:TrackPointExtension><gpxtpx:hr>131</gpxtpx:hr><gpxtpx:cad>26</gpxtpx:cad></gpxtpx:TrackPointExtension></extensions></trkpt>
<trkpt lat="-33.7702199" lon="-70.2066030">
<ele>2318</ele><time>2026-09-27T15:17:03.000Z</time><extensions><gpxtpx:TrackPointExtension><gpxtpx:hr>134</gpxtpx:hr><gpxtpx:cad>26</gpxtpx:cad></gpxtpx:TrackPointExtension></extensions></trkpt>
<trkpt lat="-33.7702258" lon="-70.2066646">
<ele>2316</ele><time>2026-09-27T15:17:09.000Z</time><extensions><gpxtpx:TrackPointExtension><gpxtpx:hr>135</gpxtpx:hr><gpxtpx:cad>28</gpxtpx:cad></gpxtpx:TrackPointExtension></extensions></trkpt>
<trkpt lat="-33.7702836" lon="-70.2066832">
<ele>2315</ele><time>2026-09-27T15:17:17.000Z</time><extensions><gpxtpx:TrackPointExtension><gpxtpx:hr>124</gpxtpx:hr><gpxtpx:cad>28</gpxtpx:cad></gpxtpx:TrackPointExtension></extensions></trkpt>
<trkpt lat="-33.7703433" lon="-70.2066927">
<ele>2313</ele><time>2026-09-27T15:17:19.000Z</time><extensions><gpxtpx:TrackPointExtension><gpxtpx:hr>135</gpxtpx:hr><gpxtpx:cad>29</gpxtpx:cad></gpxtpx:TrackPointExtension></extensions></trkpt>
<trkpt lat="-33.7704058" lon="-70.2067117">
<ele>2312</ele><time>2026-09-27T15:17:21.000Z</time><extensions><gpxtpx:TrackPointExtension><gpxtpx:hr>135</gpxtpx:hr><gpxtpx:cad>29</gpxtpx:cad></gpxtpx:TrackPointExtension></extensions></trkpt>
<trkpt lat="-33.7704574" lon="-70.2067062">
<ele>2309</ele><time>2026-09-27T15:17:23.000Z</time><extensions><gpxtpx:TrackPointExtension><gpxtpx:hr>135</gpxtpx:hr><gpxtpx:cad>26</gpxtpx:cad></gpxtpx:TrackPointExtension></extensions></trkpt>
<trkpt lat="-33.7705120" lon="-70.2067050">
<ele>2307</ele><time>2026-09-27T15:17:27.000Z</time><extensions><gpxtpx:TrackPointExtension><gpxtpx:hr>137</gpxtpx:hr><gpxtpx:cad>27</gpxtpx:cad></gpxtpx:TrackPointExtension></extensions></trkpt>
<trkpt lat="-33.7705575" lon="-70.2067233">
<ele>2304</ele><time>2026-09-27T15:17:31.000Z</time><extensions><gpxtpx:TrackPointExtension><gpxtpx:hr>137</gpxtpx:hr><gpxtpx:cad>31</gpxtpx:cad></gpxtpx:TrackPointExtension></extensions></trkpt>
<trkpt lat="-33.7706038" lon="-70.2067344">
<ele>2302</ele><time>2026-09-27T15:17:36.000Z</time><extensions><gpxtpx:TrackPointExtension><gpxtpx:hr>136</gpxtpx:hr><gpxtpx:cad>32</gpxtpx:cad></gpxtpx:TrackPointExtension></extensions></trkpt>
<trkpt lat="-33.7706671" lon="-70.2067523">
<ele>2300</ele><time>2026-09-27T15:17:40.000Z</time><extensions><gpxtpx:TrackPointExtension><gpxtpx:hr>139</gpxtpx:hr><gpxtpx:cad>33</gpxtpx:cad></gpxtpx:TrackPointExtension></extensions></trkpt>
<trkpt lat="-33.7707121" lon="-70.2067766">
<ele>2298</ele><time>2026-09-27T15:17:43.000Z</time><extensions><gpxtpx:TrackPointExtension><gpxtpx:hr>141</gpxtpx:hr><gpxtpx:cad>34</gpxtpx:cad></gpxtpx:TrackPointExtension></extensions></trkpt>
<trkpt lat="-33.7707568" lon="-70.2067973">
<ele>2296</ele><time>2026-09-27T15:17:49.000Z</time><extensions><gpxtpx:TrackPointExtension><gpxtpx:hr>141</gpxtpx:hr><gpxtpx:cad>37</gpxtpx:cad></gpxtpx:TrackPointExtension></extensions></trkpt>
<trkpt lat="-33.7708116" lon="-70.2067764">
<ele>2294</ele><time>2026-09-27T15:17:59.000Z</time><extensions><gpxtpx:TrackPointExtension><gpxtpx:hr>140</gpxtpx:hr><gpxtpx:cad>38</gpxtpx:cad></gpxtpx:TrackPointExtension></extensions></trkpt>
<trkpt lat="-33.7708618" lon="-70.2067863">
<ele>2292</ele><time>2026-09-27T15:18:03.000Z</time><extensions><gpxtpx:TrackPointExtension><gpxtpx:hr>142</gpxtpx:hr><gpxtpx:cad>41</gpxtpx:cad></gpxtpx:TrackPointExtension></extensions></trkpt>
<trkpt lat="-33.7709175" lon="-70.2068073">
<ele>2290</ele><time>2026-09-27T15:18:07.000Z</time><extensions><gpxtpx:TrackPointExtension><gpxtpx:hr>142</gpxtpx:hr><gpxtpx:cad>41</gpxtpx:cad></gpxtpx:TrackPointExtension></extensions></trkpt>
<trkpt lat="-33.7709683" lon="-70.2067952">
<ele>2289</ele><time>2026-09-27T15:18:11.000Z</time><extensions><gpxtpx:TrackPointExtension><gpxtpx:hr>143</gpxtpx:hr><gpxtpx:cad>41</gpxtpx:cad></gpxtpx:TrackPointExtension></extensions></trkpt>
<trkpt lat="-33.7710116" lon="-70.2068115">
<ele>2287</ele><time>2026-09-27T15:18:15.000Z</time><extensions><gpxtpx:TrackPointExtension><gpxtpx:hr>147</gpxtpx:hr><gpxtpx:cad>42</gpxtpx:cad></gpxtpx:TrackPointExtension></extensions></trkpt>
<trkpt lat="-33.7710599" lon="-70.2068245">
<ele>2286</ele><time>2026-09-27T15:18:32.000Z</time><extensions><gpxtpx:TrackPointExtension><gpxtpx:hr>143</gpxtpx:hr><gpxtpx:cad>44</gpxtpx:cad></gpxtpx:TrackPointExtension></extensions></trkpt>
<trkpt lat="-33.7711046" lon="-70.2068057">
<ele>2284</ele><time>2026-09-27T15:18:47.000Z</time><extensions><gpxtpx:TrackPointExtension><gpxtpx:hr>134</gpxtpx:hr><gpxtpx:cad>45</gpxtpx:cad></gpxtpx:TrackPointExtension></extensions></trkpt>
<trkpt lat="-33.7711478" lon="-70.2068306">
<ele>2282</ele><time>2026-09-27T15:18:51.000Z</time><extensions><gpxtpx:TrackPointExtension><gpxtpx:hr>137</gpxtpx:hr><gpxtpx:cad>48</gpxtpx:cad></gpxtpx:TrackPointExtension></extensions></trkpt>
<trkpt lat="-33.7711993" lon="-70.2068289">
<ele>2280</ele><time>2026-09-27T15:18:55.000Z</time><extensions><gpxtpx:TrackPointExtension><gpxtpx:hr>140</gpxtpx:hr><gpxtpx:cad>51</gpxtpx:cad></gpxtpx:TrackPointExtension></extensions></trkpt>
<trkpt lat="-33.7712500" lon="-70.2068512">
<ele>2278</ele><time>2026-09-27T15:19:00.000Z</time><extensions><gpxtpx:TrackPointExtension><gpxtpx:hr>142</gpxtpx:hr><gpxtpx:cad>50</gpxtpx:cad></gpxtpx:TrackPointExtension></extensions></trkpt>
<trkpt lat="-33.7713077" lon="-70.2068538">
<ele>2276</ele><time>2026-09-27T15:19:06.000Z</time><extensions><gpxtpx:TrackPointExtension><gpxtpx:hr>144</gpxtpx:hr><gpxtpx:cad>51</gpxtpx:cad></gpxtpx:TrackPointExtension></extensions></trkpt>
<trkpt lat="-33.7713566" lon="-70.2068520">
<ele>2274</ele><time>2026-09-27T15:19:11.000Z</time><extensions><gpxtpx:TrackPointExtension><gpxtpx:hr>145</gpxtpx:hr><gpxtpx:cad>47</gpxtpx:cad></gpxtpx:TrackPointExtension></extensions></trkpt>
<trkpt lat="-33.7713949" lon="-70.2068829">
<ele>2272</ele><time>2026-09-27T15:19:14.000Z</time><extensions><gpxtpx:TrackPointExtension><gpxtpx:hr>144</gpxtpx:hr><gpxtpx:cad>48</gpxtpx:cad></gpxtpx:TrackPointExtension></extensions></trkpt>
<trkpt lat="-33.7714554" lon="-70.2068986">
<ele>2270</ele><time>2026-09-27T15:19:20.000Z</time><extensions><gpxtpx:TrackPointExtension><gpxtpx:hr>142</gpxtpx:hr><gpxtpx:cad>50</gpxtpx:cad></gpxtpx:TrackPointExtension></extensions></trkpt>
<trkpt lat="-33.7715006" lon="-70.2068997">
<ele>2268</ele><time>2026-09-27T15:19:24.000Z</time><extensions><gpxtpx:TrackPointExtension><gpxtpx:hr>141</gpxtpx:hr><gpxtpx:cad>53</gpxtpx:cad></gpxtpx:TrackPointExtension></extensions></trkpt>
<trkpt lat="-33.7715542" lon="-70.2069193">
<ele>2266</ele><time>2026-09-27T15:19:28.000Z</time><extensions><gpxtpx:TrackPointExtension><gpxtpx:hr>141</gpxtpx:hr><gpxtpx:cad>51</gpxtpx:cad></gpxtpx:TrackPointExtension></extensions></trkpt>
<trkpt lat="-33.7716058" lon="-70.2069067">
<ele>2264</ele><time>2026-09-27T15:19:33.000Z</time><extensions><gpxtpx:TrackPointExtension><gpxtpx:hr>137</gpxtpx:hr><gpxtpx:cad>51</gpxtpx:cad></gpxtpx:TrackPointExtension></extensions></trkpt>
<trkpt lat="-33.7716543" lon="-70.2069116">
<ele>2262</ele><time>2026-09-27T15:19:38.000Z</time><extensions><gpxtpx:TrackPointExtension><gpxtpx:hr>138</gpxtpx:hr><gpxtpx:cad>52</gpxtpx:cad></gpxtpx:TrackPointExtension></extensions></trkpt>
<trkpt lat="-33.7717070" lon="-70.2069192">
<ele>2260</ele><time>2026-09-27T15:19:43.000Z</time><extensions><gpxtpx:TrackPointExtension><gpxtpx:hr>140</gpxtpx:hr><gpxtpx:cad>53</gpxtpx:cad></gpxtpx:TrackPointExtension></extensions></trkpt>
<trkpt lat="-33.7717586" lon="-70.2069237">
<ele>2258</ele><time>2026-09-27T15:19:47.000Z</time><extensions><gpxtpx:TrackPointExtension><gpxtpx:hr>140</gpxtpx:hr><gpxtpx:cad>53</gpxtpx:cad></gpxtpx:TrackPointExtension></extensions></trkpt>
<trkpt lat="-33.7718075" lon="-70.2069311">
<ele>2256</ele><time>2026-09-27T15:19:50.000Z</time><extensions><gpxtpx:TrackPointExtension><gpxtpx:hr>140</gpxtpx:hr><gpxtpx:cad>53</gpxtpx:cad></gpxtpx:TrackPointExtension></extensions></trkpt>
<trkpt lat="-33.7718531" lon="-70.2069371">
<ele>2255</ele><time>2026-09-27T15:19:54.000Z</time><extensions><gpxtpx:TrackPointExtension><gpxtpx:hr>141</gpxtpx:hr><gpxtpx:cad>55</gpxtpx:cad></gpxtpx:TrackPointExtension></extensions></trkpt>
<trkpt lat="-33.7719004" lon="-70.2069473">
<ele>2253</ele><time>2026-09-27T15:19:58.000Z</time><extensions><gpxtpx:TrackPointExtension><gpxtpx:hr>140</gpxtpx:hr><gpxtpx:cad>54</gpxtpx:cad></gpxtpx:TrackPointExtension></extensions></trkpt>
<trkpt lat="-33.7719647" lon="-70.2069367">
<ele>2251</ele><time>2026-09-27T15:20:03.000Z</time><extensions><gpxtpx:TrackPointExtension><gpxtpx:hr>134</gpxtpx:hr><gpxtpx:cad>49</gpxtpx:cad></gpxtpx:TrackPointExtension></extensions></trkpt>
<trkpt lat="-33.7720162" lon="-70.2069421">
<ele>2249</ele><time>2026-09-27T15:20:07.000Z</time><extensions><gpxtpx:TrackPointExtension><gpxtpx:hr>134</gpxtpx:hr><gpxtpx:cad>50</gpxtpx:cad></gpxtpx:TrackPointExtension></extensions></trkpt>
<trkpt lat="-33.7720660" lon="-70.2069449">
<ele>2247</ele><time>2026-09-27T15:20:11.000Z</time><extensions><gpxtpx:TrackPointExtension><gpxtpx:hr>136</gpxtpx:hr><gpxtpx:cad>51</gpxtpx:cad></gpxtpx:TrackPointExtension></extensions></trkpt>
<trkpt lat="-33.7721111" lon="-70.2069354">
<ele>2245</ele><time>2026-09-27T15:20:14.000Z</time><extensions><gpxtpx:TrackPointExtension><gpxtpx:hr>136</gpxtpx:hr><gpxtpx:cad>53</gpxtpx:cad></gpxtpx:TrackPointExtension></extensions></trkpt>
<trkpt lat="-33.7721686" lon="-70.2069436">
<ele>2243</ele><time>2026-09-27T15:20:18.000Z</time><extensions><gpxtpx:TrackPointExtension><gpxtpx:hr>138</gpxtpx:hr><gpxtpx:cad>54</gpxtpx:cad></gpxtpx:TrackPointExtension></extensions></trkpt>
<trkpt lat="-33.7722151" lon="-70.2069537">
<ele>2241</ele><time>2026-09-27T15:20:21.000Z</time><extensions><gpxtpx:TrackPointExtension><gpxtpx:hr>138</gpxtpx:hr><gpxtpx:cad>54</gpxtpx:cad></gpxtpx:TrackPointExtension></extensions></trkpt>
<trkpt lat="-33.7722644" lon="-70.2069669">
<ele>2239</ele><time>2026-09-27T15:20:24.000Z</time><extensions><gpxtpx:TrackPointExtension><gpxtpx:hr>142</gpxtpx:hr><gpxtpx:cad>51</gpxtpx:cad></gpxtpx:TrackPointExtension></extensions></trkpt>
<trkpt lat="-33.7723171" lon="-70.2069853">
<ele>2238</ele><time>2026-09-27T15:20:28.000Z</time><extensions><gpxtpx:TrackPointExtension><gpxtpx:hr>144</gpxtpx:hr><gpxtpx:cad>50</gpxtpx:cad></gpxtpx:TrackPointExtension></extensions></trkpt>
<trkpt lat="-33.7723612" lon="-70.2069986">
<ele>2236</ele><time>2026-09-27T15:20:31.000Z</time><extensions><gpxtpx:TrackPointExtension><gpxtpx:hr>144</gpxtpx:hr><gpxtpx:cad>52</gpxtpx:cad></gpxtpx:TrackPointExtension></extensions></trkpt>
<trkpt lat="-33.7724181" lon="-70.2069790">
<ele>2235</ele><time>2026-09-27T15:20:35.000Z</time><extensions><gpxtpx:TrackPointExtension><gpxtpx:hr>143</gpxtpx:hr><gpxtpx:cad>53</gpxtpx:cad></gpxtpx:TrackPointExtension></extensions></trkpt>
<trkpt lat="-33.7724825" lon="-70.2069667">
<ele>2233</ele><time>2026-09-27T15:20:40.000Z</time><extensions><gpxtpx:TrackPointExtension><gpxtpx:hr>142</gpxtpx:hr><gpxtpx:cad>50</gpxtpx:cad></gpxtpx:TrackPointExtension></extensions></trkpt>
<trkpt lat="-33.7725333" lon="-70.2069805">
<ele>2231</ele><time>2026-09-27T15:20:44.000Z</time><extensions><gpxtpx:TrackPointExtension><gpxtpx:hr>142</gpxtpx:hr><gpxtpx:cad>52</gpxtpx:cad></gpxtpx:TrackPointExtension></extensions></trkpt>
<trkpt lat="-33.7725823" lon="-70.2069676">
<ele>2229</ele><time>2026-09-27T15:20:47.000Z</time><extensions><gpxtpx:TrackPointExtension><gpxtpx:hr>143</gpxtpx:hr><gpxtpx:cad>49</gpxtpx:cad></gpxtpx:TrackPointExtension></extensions></trkpt>
<trkpt lat="-33.7726260" lon="-70.2069528">
<ele>2227</ele><time>2026-09-27T15:20:50.000Z</time><extensions><gpxtpx:TrackPointExtension><gpxtpx:hr>143</gpxtpx:hr><gpxtpx:cad>50</gpxtpx:cad></gpxtpx:TrackPointExtension></extensions></trkpt>
<trkpt lat="-33.7726785" lon="-70.2069552">
<ele>2225</ele><time>2026-09-27T15:20:54.000Z</time><extensions><gpxtpx:TrackPointExtension><gpxtpx:hr>146</gpxtpx:hr><gpxtpx:cad>51</gpxtpx:cad></gpxtpx:TrackPointExtension></extensions></trkpt>
<trkpt lat="-33.7727314" lon="-70.2069500">
<ele>2224</ele><time>2026-09-27T15:20:58.000Z</time><extensions><gpxtpx:TrackPointExtension><gpxtpx:hr>147</gpxtpx:hr><gpxtpx:cad>50</gpxtpx:cad></gpxtpx:TrackPointExtension></extensions></trkpt>
<trkpt lat="-33.7727879" lon="-70.2069357">
<ele>2222</ele><time>2026-09-27T15:21:02.000Z</time><extensions><gpxtpx:TrackPointExtension><gpxtpx:hr>147</gpxtpx:hr><gpxtpx:cad>49</gpxtpx:cad></gpxtpx:TrackPointExtension></extensions></trkpt>
<trkpt lat="-33.7728358" lon="-70.2069251">
<ele>2221</ele><time>2026-09-27T15:21:06.000Z</time><extensions><gpxtpx:TrackPointExtension><gpxtpx:hr>143</gpxtpx:hr><gpxtpx:cad>50</gpxtpx:cad></gpxtpx:TrackPointExtension></extensions></trkpt>
<trkpt lat="-33.7728838" lon="-70.2069372">
<ele>2220</ele><time>2026-09-27T15:21:09.000Z</time><extensions><gpxtpx:TrackPointExtension><gpxtpx:hr>142</gpxtpx:hr><gpxtpx:cad>48</gpxtpx:cad></gpxtpx:TrackPointExtension></extensions></trkpt>
<trkpt lat="-33.7729347" lon="-70.2069304">
<ele>2219</ele><time>2026-09-27T15:21:13.000Z</time><extensions><gpxtpx:TrackPointExtension><gpxtpx:hr>144</gpxtpx:hr><gpxtpx:cad>48</gpxtpx:cad></gpxtpx:TrackPointExtension></extensions></trkpt>
<trkpt lat="-33.7729828" lon="-70.2069255">
<ele>2217</ele><time>2026-09-27T15:21:17.000Z</time><extensions><gpxtpx:TrackPointExtension><gpxtpx:hr>144</gpxtpx:hr><gpxtpx:cad>48</gpxtpx:cad></gpxtpx:TrackPointExtension></extensions></trkpt>
<trkpt lat="-33.7730345" lon="-70.2069269">
<ele>2216</ele><time>2026-09-27T15:21:21.000Z</time><extensions><gpxtpx:TrackPointExtension><gpxtpx:hr>148</gpxtpx:hr><gpxtpx:cad>49</gpxtpx:cad></gpxtpx:TrackPointExtension></extensions></trkpt>
<trkpt lat="-33.7730811" lon="-70.2069333">
<ele>2214</ele><time>2026-09-27T15:21:25.000Z</time><extensions><gpxtpx:TrackPointExtension><gpxtpx:hr>148</gpxtpx:hr><gpxtpx:cad>49</gpxtpx:cad></gpxtpx:TrackPointExtension></extensions></trkpt>
<trkpt lat="-33.7731253" lon="-70.2069482">
<ele>2213</ele><time>2026-09-27T15:21:28.000Z</time><extensions><gpxtpx:TrackPointExtension><gpxtpx:hr>148</gpxtpx:hr><gpxtpx:cad>47</gpxtpx:cad></gpxtpx:TrackPointExtension></extensions></trkpt>
<trkpt lat="-33.7731758" lon="-70.2069367">
<ele>2211</ele><time>2026-09-27T15:21:32.000Z</time><extensions><gpxtpx:TrackPointExtension><gpxtpx:hr>148</gpxtpx:hr><gpxtpx:cad>46</gpxtpx:cad></gpxtpx:TrackPointExtension></extensions></trkpt>
<trkpt lat="-33.7732232" lon="-70.2069358">
<ele>2209</ele><time>2026-09-27T15:21:36.000Z</time><extensions><gpxtpx:TrackPointExtension><gpxtpx:hr>149</gpxtpx:hr><gpxtpx:cad>48</gpxtpx:cad></gpxtpx:TrackPointExtension></extensions></trkpt>
<trkpt lat="-33.7732695" lon="-70.2069369">
<ele>2207</ele><time>2026-09-27T15:21:39.000Z</time><extensions><gpxtpx:TrackPointExtension><gpxtpx:hr>148</gpxtpx:hr><gpxtpx:cad>49</gpxtpx:cad></gpxtpx:TrackPointExtension></extensions></trkpt>
<trkpt lat="-33.7733227" lon="-70.2069402">
<ele>2206</ele><time>2026-09-27T15:21:44.000Z</time><extensions><gpxtpx:TrackPointExtension><gpxtpx:hr>149</gpxtpx:hr><gpxtpx:cad>47</gpxtpx:cad></gpxtpx:TrackPointExtension></extensions></trkpt>
<trkpt lat="-33.7733685" lon="-70.2069494">
<ele>2204</ele><time>2026-09-27T15:21:47.000Z</time><extensions><gpxtpx:TrackPointExtension><gpxtpx:hr>149</gpxtpx:hr><gpxtpx:cad>49</gpxtpx:cad></gpxtpx:TrackPointExtension></extensions></trkpt>
<trkpt lat="-33.7734152" lon="-70.2069525">
<ele>2203</ele><time>2026-09-27T15:21:51.000Z</time><extensions><gpxtpx:TrackPointExtension><gpxtpx:hr>149</gpxtpx:hr><gpxtpx:cad>48</gpxtpx:cad></gpxtpx:TrackPointExtension></extensions></trkpt>
<trkpt lat="-33.7734666" lon="-70.2069465">
<ele>2201</ele><time>2026-09-27T15:21:56.000Z</time><extensions><gpxtpx:TrackPointExtension><gpxtpx:hr>146</gpxtpx:hr><gpxtpx:cad>49</gpxtpx:cad></gpxtpx:TrackPointExtension></extensions></trkpt>
<trkpt lat="-33.7735192" lon="-70.2069595">
<ele>2200</ele><time>2026-09-27T15:22:00.000Z</time><extensions><gpxtpx:TrackPointExtension><gpxtpx:hr>146</gpxtpx:hr><gpxtpx:cad>46</gpxtpx:cad></gpxtpx:TrackPointExtension></extensions></trkpt>
<trkpt lat="-33.7735634" lon="-70.2069797">
<ele>2198</ele><time>2026-09-27T15:22:03.000Z</time><extensions><gpxtpx:TrackPointExtension><gpxtpx:hr>143</gpxtpx:hr><gpxtpx:cad>50</gpxtpx:cad></gpxtpx:TrackPointExtension></extensions></trkpt>
<trkpt lat="-33.7736186" lon="-70.2069842">
<ele>2197</ele><time>2026-09-27T15:22:08.000Z</time><extensions><gpxtpx:TrackPointExtension><gpxtpx:hr>143</gpxtpx:hr><gpxtpx:cad>49</gpxtpx:cad></gpxtpx:TrackPointExtension></extensions></trkpt>
<trkpt lat="-33.7736652" lon="-70.2070029">
<ele>2195</ele><time>2026-09-27T15:22:12.000Z</time><extensions><gpxtpx:TrackPointExtension><gpxtpx:hr>143</gpxtpx:hr><gpxtpx:cad>49</gpxtpx:cad></gpxtpx:TrackPointExtension></extensions></trkpt>
<trkpt lat="-33.7737200" lon="-70.2070054">
<ele>2194</ele><time>2026-09-27T15:22:16.000Z</time><extensions><gpxtpx:TrackPointExtension><gpxtpx:hr>141</gpxtpx:hr><gpxtpx:cad>50</gpxtpx:cad></gpxtpx:TrackPointExtension></extensions></trkpt>
<trkpt lat="-33.7737829" lon="-70.2070207">
<ele>2192</ele><time>2026-09-27T15:22:20.000Z</time><extensions><gpxtpx:TrackPointExtension><gpxtpx:hr>140</gpxtpx:hr><gpxtpx:cad>49</gpxtpx:cad></gpxtpx:TrackPointExtension></extensions></trkpt>
<trkpt lat="-33.7738389" lon="-70.2070352">
<ele>2190</ele><time>2026-09-27T15:22:25.000Z</time><extensions><gpxtpx:TrackPointExtension><gpxtpx:hr>138</gpxtpx:hr><gpxtpx:cad>49</gpxtpx:cad></gpxtpx:TrackPointExtension></extensions></trkpt>
<trkpt lat="-33.7738922" lon="-70.2070393">
<ele>2189</ele><time>2026-09-27T15:22:29.000Z</time><extensions><gpxtpx:TrackPointExtension><gpxtpx:hr>138</gpxtpx:hr><gpxtpx:cad>49</gpxtpx:cad></gpxtpx:TrackPointExtension></extensions></trkpt>
<trkpt lat="-33.7739366" lon="-70.2070620">
<ele>2187</ele><time>2026-09-27T15:22:32.000Z</time><extensions><gpxtpx:TrackPointExtension><gpxtpx:hr>138</gpxtpx:hr><gpxtpx:cad>50</gpxtpx:cad></gpxtpx:TrackPointExtension></extensions></trkpt>
<trkpt lat="-33.7739923" lon="-70.2070688">
<ele>2186</ele><time>2026-09-27T15:22:37.000Z</time><extensions><gpxtpx:TrackPointExtension><gpxtpx:hr>136</gpxtpx:hr><gpxtpx:cad>49</gpxtpx:cad></gpxtpx:TrackPointExtension></extensions></trkpt>
<trkpt lat="-33.7740389" lon="-70.2070740">
<ele>2184</ele><time>2026-09-27T15:22:41.000Z</time><extensions><gpxtpx:TrackPointExtension><gpxtpx:hr>136</gpxtpx:hr><gpxtpx:cad>49</gpxtpx:cad></gpxtpx:TrackPointExtension></extensions></trkpt>
<trkpt lat="-33.7740921" lon="-70.2070585">
<ele>2183</ele><time>2026-09-27T15:22:45.000Z</time><extensions><gpxtpx:TrackPointExtension><gpxtpx:hr>134</gpxtpx:hr><gpxtpx:cad>52</gpxtpx:cad></gpxtpx:TrackPointExtension></extensions></trkpt>
<trkpt lat="-33.7741399" lon="-70.2070750">
<ele>2182</ele><time>2026-09-27T15:22:49.000Z</time><extensions><gpxtpx:TrackPointExtension><gpxtpx:hr>134</gpxtpx:hr><gpxtpx:cad>50</gpxtpx:cad></gpxtpx:TrackPointExtension></extensions></trkpt>
<trkpt lat="-33.7741945" lon="-70.2070836">
<ele>2180</ele><time>2026-09-27T15:22:53.000Z</time><extensions><gpxtpx:TrackPointExtension><gpxtpx:hr>134</gpxtpx:hr><gpxtpx:cad>49</gpxtpx:cad></gpxtpx:TrackPointExtension></extensions></trkpt>
<trkpt lat="-33.7742501" lon="-70.2070908">
<ele>2179</ele><time>2026-09-27T15:22:57.000Z</time><extensions><gpxtpx:TrackPointExtension><gpxtpx:hr>134</gpxtpx:hr><gpxtpx:cad>52</gpxtpx:cad></gpxtpx:TrackPointExtension></extensions></trkpt>
<trkpt lat="-33.7743029" lon="-70.2070955">
<ele>2177</ele><time>2026-09-27T15:23:01.000Z</time><extensions><gpxtpx:TrackPointExtension><gpxtpx:hr>141</gpxtpx:hr><gpxtpx:cad>48</gpxtpx:cad></gpxtpx:TrackPointExtension></extensions></trkpt>
<trkpt lat="-33.7743569" lon="-70.2070779">
<ele>2176</ele><time>2026-09-27T15:23:05.000Z</time><extensions><gpxtpx:TrackPointExtension><gpxtpx:hr>143</gpxtpx:hr><gpxtpx:cad>51</gpxtpx:cad></gpxtpx:TrackPointExtension></extensions></trkpt>
<trkpt lat="-33.7744213" lon="-70.2070626">
<ele>2174</ele><time>2026-09-27T15:23:09.000Z</time><extensions><gpxtpx:TrackPointExtension><gpxtpx:hr>143</gpxtpx:hr><gpxtpx:cad>52</gpxtpx:cad></gpxtpx:TrackPointExtension></extensions></trkpt>
<trkpt lat="-33.7744691" lon="-70.2070545">
<ele>2173</ele><time>2026-09-27T15:23:13.000Z</time><extensions><gpxtpx:TrackPointExtension><gpxtpx:hr>142</gpxtpx:hr><gpxtpx:cad>51</gpxtpx:cad></gpxtpx:TrackPointExtension></extensions></trkpt>
<trkpt lat="-33.7745131" lon="-70.2070666">
<ele>2172</ele><time>2026-09-27T15:23:16.000Z</time><extensions><gpxtpx:TrackPointExtension><gpxtpx:hr>142</gpxtpx:hr><gpxtpx:cad>52</gpxtpx:cad></gpxtpx:TrackPointExtension></extensions></trkpt>
<trkpt lat="-33.7745620" lon="-70.2070913">
<ele>2170</ele><time>2026-09-27T15:23:20.000Z</time><extensions><gpxtpx:TrackPointExtension><gpxtpx:hr>141</gpxtpx:hr><gpxtpx:cad>52</gpxtpx:cad></gpxtpx:TrackPointExtension></extensions></trkpt>
<trkpt lat="-33.7746187" lon="-70.2071090">
<ele>2169</ele><time>2026-09-27T15:23:24.000Z</time><extensions><gpxtpx:TrackPointExtension><gpxtpx:hr>141</gpxtpx:hr><gpxtpx:cad>54</gpxtpx:cad></gpxtpx:TrackPointExtension></extensions></trkpt>
<trkpt lat="-33.7746749" lon="-70.2071164">
<ele>2168</ele><time>2026-09-27T15:23:28.000Z</time><extensions><gpxtpx:TrackPointExtension><gpxtpx:hr>141</gpxtpx:hr><gpxtpx:cad>53</gpxtpx:cad></gpxtpx:TrackPointExtension></extensions></trkpt>
<trkpt lat="-33.7747203" lon="-70.2071150">
<ele>2167</ele><time>2026-09-27T15:23:31.000Z</time><extensions><gpxtpx:TrackPointExtension><gpxtpx:hr>141</gpxtpx:hr><gpxtpx:cad>54</gpxtpx:cad></gpxtpx:TrackPointExtension></extensions></trkpt>
<trkpt lat="-33.7747739" lon="-70.2071354">
<ele>2165</ele><time>2026-09-27T15:23:34.000Z</time><extensions><gpxtpx:TrackPointExtension><gpxtpx:hr>139</gpxtpx:hr><gpxtpx:cad>53</gpxtpx:cad></gpxtpx:TrackPointExtension></extensions></trkpt>
<trkpt lat="-33.7748172" lon="-70.2071511">
<ele>2164</ele><time>2026-09-27T15:23:37.000Z</time><extensions><gpxtpx:TrackPointExtension><gpxtpx:hr>139</gpxtpx:hr><gpxtpx:cad>43</gpxtpx:cad></gpxtpx:TrackPointExtension></extensions></trkpt>
<trkpt lat="-33.7748623" lon="-70.2071602">
<ele>2163</ele><time>2026-09-27T15:23:40.000Z</time><extensions><gpxtpx:TrackPointExtension><gpxtpx:hr>134</gpxtpx:hr><gpxtpx:cad>46</gpxtpx:cad></gpxtpx:TrackPointExtension></extensions></trkpt>
<trkpt lat="-33.7749267" lon="-70.2071646">
<ele>2162</ele><time>2026-09-27T15:23:44.000Z</time><extensions><gpxtpx:TrackPointExtension><gpxtpx:hr>134</gpxtpx:hr><gpxtpx:cad>46</gpxtpx:cad></gpxtpx:TrackPointExtension></extensions></trkpt>
<trkpt lat="-33.7749864" lon="-70.2071587">
<ele>2161</ele><time>2026-09-27T15:23:49.000Z</time><extensions><gpxtpx:TrackPointExtension><gpxtpx:hr>134</gpxtpx:hr><gpxtpx:cad>44</gpxtpx:cad></gpxtpx:TrackPointExtension></extensions></trkpt>
<trkpt lat="-33.7750317" lon="-70.2071790">
<ele>2160</ele><time>2026-09-27T15:23:52.000Z</time><extensions><gpxtpx:TrackPointExtension><gpxtpx:hr>134</gpxtpx:hr><gpxtpx:cad>48</gpxtpx:cad></gpxtpx:TrackPointExtension></extensions></trkpt>
<trkpt lat="-33.7750792" lon="-70.2071740">
<ele>2159</ele><time>2026-09-27T15:23:55.000Z</time><extensions><gpxtpx:TrackPointExtension><gpxtpx:hr>132</gpxtpx:hr><gpxtpx:cad>46</gpxtpx:cad></gpxtpx:TrackPointExtension></extensions></trkpt>
<trkpt lat="-33.7751049" lon="-70.2071246">
<ele>2158</ele><time>2026-09-27T15:24:00.000Z</time><extensions><gpxtpx:TrackPointExtension><gpxtpx:hr>131</gpxtpx:hr><gpxtpx:cad>47</gpxtpx:cad></gpxtpx:TrackPointExtension></extensions></trkpt>
<trkpt lat="-33.7751585" lon="-70.2071431">
<ele>2157</ele><time>2026-09-27T15:24:14.000Z</time><extensions><gpxtpx:TrackPointExtension><gpxtpx:hr>127</gpxtpx:hr><gpxtpx:cad>48</gpxtpx:cad></gpxtpx:TrackPointExtension></extensions></trkpt>
<trkpt lat="-33.7752066" lon="-70.2071618">
<ele>2156</ele><time>2026-09-27T15:24:17.000Z</time><extensions><gpxtpx:TrackPointExtension><gpxtpx:hr>129</gpxtpx:hr><gpxtpx:cad>48</gpxtpx:cad></gpxtpx:TrackPointExtension></extensions></trkpt>
<trkpt lat="-33.7752607" lon="-70.2071874">
<ele>2155</ele><time>2026-09-27T15:24:21.000Z</time><extensions><gpxtpx:TrackPointExtension><gpxtpx:hr>129</gpxtpx:hr><gpxtpx:cad>47</gpxtpx:cad></gpxtpx:TrackPointExtension></extensions></trkpt>
<trkpt lat="-33.7753056" lon="-70.2072043">
<ele>2154</ele><time>2026-09-27T15:24:24.000Z</time><extensions><gpxtpx:TrackPointExtension><gpxtpx:hr>134</gpxtpx:hr><gpxtpx:cad>49</gpxtpx:cad></gpxtpx:TrackPointExtension></extensions></trkpt>
<trkpt lat="-33.7753582" lon="-70.2072313">
<ele>2153</ele><time>2026-09-27T15:24:28.000Z</time><extensions><gpxtpx:TrackPointExtension><gpxtpx:hr>126</gpxtpx:hr><gpxtpx:cad>49</gpxtpx:cad></gpxtpx:TrackPointExtension></extensions></trkpt>
<trkpt lat="-33.7754035" lon="-70.2072498">
<ele>2152</ele><time>2026-09-27T15:24:31.000Z</time><extensions><gpxtpx:TrackPointExtension><gpxtpx:hr>126</gpxtpx:hr><gpxtpx:cad>49</gpxtpx:cad></gpxtpx:TrackPointExtension></extensions></trkpt>
<trkpt lat="-33.7754615" lon="-70.2072588">
<ele>2151</ele><time>2026-09-27T15:24:35.000Z</time><extensions><gpxtpx:TrackPointExtension><gpxtpx:hr>127</gpxtpx:hr><gpxtpx:cad>49</gpxtpx:cad></gpxtpx:TrackPointExtension></extensions></trkpt>
<trkpt lat="-33.7755081" lon="-70.2072682">
<ele>2150</ele><time>2026-09-27T15:24:38.000Z</time><extensions><gpxtpx:TrackPointExtension><gpxtpx:hr>128</gpxtpx:hr><gpxtpx:cad>59</gpxtpx:cad></gpxtpx:TrackPointExtension></extensions></trkpt>
<trkpt lat="-33.7755528" lon="-70.2072908">
<ele>2149</ele><time>2026-09-27T15:24:41.000Z</time><extensions><gpxtpx:TrackPointExtension><gpxtpx:hr>128</gpxtpx:hr><gpxtpx:cad>54</gpxtpx:cad></gpxtpx:TrackPointExtension></extensions></trkpt>
<trkpt lat="-33.7756012" lon="-70.2073031">
<ele>2148</ele><time>2026-09-27T15:24:44.000Z</time><extensions><gpxtpx:TrackPointExtension><gpxtpx:hr>125</gpxtpx:hr><gpxtpx:cad>55</gpxtpx:cad></gpxtpx:TrackPointExtension></extensions></trkpt>
<trkpt lat="-33.7756457" lon="-70.2073314">
<ele>2147</ele><time>2026-09-27T15:24:47.000Z</time><extensions><gpxtpx:TrackPointExtension><gpxtpx:hr>125</gpxtpx:hr><gpxtpx:cad>56</gpxtpx:cad></gpxtpx:TrackPointExtension></extensions></trkpt>
<trkpt lat="-33.7757016" lon="-70.2073519">
<ele>2146</ele><time>2026-09-27T15:24:51.000Z</time><extensions><gpxtpx:TrackPointExtension><gpxtpx:hr>123</gpxtpx:hr><gpxtpx:cad>55</gpxtpx:cad></gpxtpx:TrackPointExtension></extensions></trkpt>
<trkpt lat="-33.7757373" lon="-70.2073046">
<ele>2145</ele><time>2026-09-27T15:24:54.000Z</time><extensions><gpxtpx:TrackPointExtension><gpxtpx:hr>123</gpxtpx:hr><gpxtpx:cad>51</gpxtpx:cad></gpxtpx:TrackPointExtension></extensions></trkpt>
<trkpt lat="-33.7757828" lon="-70.2072868">
<ele>2144</ele><time>2026-09-27T15:24:57.000Z</time><extensions><gpxtpx:TrackPointExtension><gpxtpx:hr>123</gpxtpx:hr><gpxtpx:cad>50</gpxtpx:cad></gpxtpx:TrackPointExtension></extensions></trkpt>
<trkpt lat="-33.7758100" lon="-70.2072367">
<ele>2143</ele><time>2026-09-27T15:25:00.000Z</time><extensions><gpxtpx:TrackPointExtension><gpxtpx:hr>123</gpxtpx:hr><gpxtpx:cad>49</gpxtpx:cad></gpxtpx:TrackPointExtension></extensions></trkpt>
<trkpt lat="-33.7758542" lon="-70.2072132">
<ele>2143</ele><time>2026-09-27T15:25:03.000Z</time><extensions><gpxtpx:TrackPointExtension><gpxtpx:hr>124</gpxtpx:hr><gpxtpx:cad>51</gpxtpx:cad></gpxtpx:TrackPointExtension></extensions></trkpt>
<trkpt lat="-33.7758596" lon="-70.2071448">
<ele>2142</ele><time>2026-09-27T15:25:07.000Z</time><extensions><gpxtpx:TrackPointExtension><gpxtpx:hr>124</gpxtpx:hr><gpxtpx:cad>51</gpxtpx:cad></gpxtpx:TrackPointExtension></extensions></trkpt>
<trkpt lat="-33.7758830" lon="-70.2070901">
<ele>2142</ele><time>2026-09-27T15:25:10.000Z</time><extensions><gpxtpx:TrackPointExtension><gpxtpx:hr>123</gpxtpx:hr><gpxtpx:cad>51</gpxtpx:cad></gpxtpx:TrackPointExtension></extensions></trkpt>
<trkpt lat="-33.7759249" lon="-70.2070654">
<ele>2141</ele><time>2026-09-27T15:25:13.000Z</time><extensions><gpxtpx:TrackPointExtension><gpxtpx:hr>125</gpxtpx:hr><gpxtpx:cad>52</gpxtpx:cad></gpxtpx:TrackPointExtension></extensions></trkpt>
<trkpt lat="-33.7759612" lon="-70.2070238">
<ele>2141</ele><time>2026-09-27T15:25:16.000Z</time><extensions><gpxtpx:TrackPointExtension><gpxtpx:hr>125</gpxtpx:hr><gpxtpx:cad>52</gpxtpx:cad></gpxtpx:TrackPointExtension></extensions></trkpt>
<trkpt lat="-33.7759968" lon="-70.2069837">
<ele>2140</ele><time>2026-09-27T15:25:20.000Z</time><extensions><gpxtpx:TrackPointExtension><gpxtpx:hr>125</gpxtpx:hr><gpxtpx:cad>52</gpxtpx:cad></gpxtpx:TrackPointExtension></extensions></trkpt>
<trkpt lat="-33.7760512" lon="-70.2069741">
<ele>2140</ele><time>2026-09-27T15:25:23.000Z</time><extensions><gpxtpx:TrackPointExtension><gpxtpx:hr>134</gpxtpx:hr><gpxtpx:cad>52</gpxtpx:cad></gpxtpx:TrackPointExtension></extensions></trkpt>
<trkpt lat="-33.7760962" lon="-70.2069534">
<ele>2139</ele><time>2026-09-27T15:25:26.000Z</time><extensions><gpxtpx:TrackPointExtension><gpxtpx:hr>134</gpxtpx:hr><gpxtpx:cad>52</gpxtpx:cad></gpxtpx:TrackPointExtension></extensions></trkpt>
<trkpt lat="-33.7761511" lon="-70.2069338">
<ele>2139</ele><time>2026-09-27T15:25:30.000Z</time><extensions><gpxtpx:TrackPointExtension><gpxtpx:hr>135</gpxtpx:hr><gpxtpx:cad>55</gpxtpx:cad></gpxtpx:TrackPointExtension></extensions></trkpt>
<trkpt lat="-33.7761929" lon="-70.2069137">
<ele>2138</ele><time>2026-09-27T15:25:33.000Z</time><extensions><gpxtpx:TrackPointExtension><gpxtpx:hr>134</gpxtpx:hr><gpxtpx:cad>55</gpxtpx:cad></gpxtpx:TrackPointExtension></extensions></trkpt>
<trkpt lat="-33.7762291" lon="-70.2068785">
<ele>2138</ele><time>2026-09-27T15:25:36.000Z</time><extensions><gpxtpx:TrackPointExtension><gpxtpx:hr>134</gpxtpx:hr><gpxtpx:cad>54</gpxtpx:cad></gpxtpx:TrackPointExtension></extensions></trkpt>
<trkpt lat="-33.7762746" lon="-70.2068525">
<ele>2137</ele><time>2026-09-27T15:25:39.000Z</time><extensions><gpxtpx:TrackPointExtension><gpxtpx:hr>131</gpxtpx:hr><gpxtpx:cad>57</gpxtpx:cad></gpxtpx:TrackPointExtension></extensions></trkpt>
<trkpt lat="-33.7763267" lon="-70.2068398">
<ele>2136</ele><time>2026-09-27T15:25:42.000Z</time><extensions><gpxtpx:TrackPointExtension><gpxtpx:hr>131</gpxtpx:hr><gpxtpx:cad>57</gpxtpx:cad></gpxtpx:TrackPointExtension></extensions></trkpt>
<trkpt lat="-33.7763699" lon="-70.2068188">
<ele>2135</ele><time>2026-09-27T15:25:45.000Z</time><extensions><gpxtpx:TrackPointExtension><gpxtpx:hr>131</gpxtpx:hr><gpxtpx:cad>59</gpxtpx:cad></gpxtpx:TrackPointExtension></extensions></trkpt>
<trkpt lat="-33.7764137" lon="-70.2067995">
<ele>2134</ele><time>2026-09-27T15:25:48.000Z</time><extensions><gpxtpx:TrackPointExtension><gpxtpx:hr>126</gpxtpx:hr><gpxtpx:cad>58</gpxtpx:cad></gpxtpx:TrackPointExtension></extensions></trkpt>
<trkpt lat="-33.7764558" lon="-70.2067736">
<ele>2133</ele><time>2026-09-27T15:25:51.000Z</time><extensions><gpxtpx:TrackPointExtension><gpxtpx:hr>126</gpxtpx:hr><gpxtpx:cad>61</gpxtpx:cad></gpxtpx:TrackPointExtension></extensions></trkpt>
<trkpt lat="-33.7765093" lon="-70.2067452">
<ele>2133</ele><time>2026-09-27T15:25:55.000Z</time><extensions><gpxtpx:TrackPointExtension><gpxtpx:hr>116</gpxtpx:hr><gpxtpx:cad>59</gpxtpx:cad></gpxtpx:TrackPointExtension></extensions></trkpt>
<trkpt lat="-33.7765580" lon="-70.2067422">
<ele>2132</ele><time>2026-09-27T15:25:58.000Z</time><extensions><gpxtpx:TrackPointExtension><gpxtpx:hr>119</gpxtpx:hr><gpxtpx:cad>59</gpxtpx:cad></gpxtpx:TrackPointExtension></extensions></trkpt>
<trkpt lat="-33.7766067" lon="-70.2067513">
<ele>2132</ele><time>2026-09-27T15:26:01.000Z</time><extensions><gpxtpx:TrackPointExtension><gpxtpx:hr>119</gpxtpx:hr><gpxtpx:cad>60</gpxtpx:cad></gpxtpx:TrackPointExtension></extensions></trkpt>
<trkpt lat="-33.7766516" lon="-70.2067231">
<ele>2131</ele><time>2026-09-27T15:26:04.000Z</time><extensions><gpxtpx:TrackPointExtension><gpxtpx:hr>121</gpxtpx:hr><gpxtpx:cad>57</gpxtpx:cad></gpxtpx:TrackPointExtension></extensions></trkpt>
<trkpt lat="-33.7767023" lon="-70.2066864">
<ele>2131</ele><time>2026-09-27T15:26:08.000Z</time><extensions><gpxtpx:TrackPointExtension><gpxtpx:hr>121</gpxtpx:hr><gpxtpx:cad>57</gpxtpx:cad></gpxtpx:TrackPointExtension></extensions></trkpt>
<trkpt lat="-33.7767486" lon="-70.2066706">
<ele>2130</ele><time>2026-09-27T15:26:11.000Z</time><extensions><gpxtpx:TrackPointExtension><gpxtpx:hr>121</gpxtpx:hr><gpxtpx:cad>57</gpxtpx:cad></gpxtpx:TrackPointExtension></extensions></trkpt>
<trkpt lat="-33.7768047" lon="-70.2066500">
<ele>2130</ele><time>2026-09-27T15:26:15.000Z</time><extensions><gpxtpx:TrackPointExtension><gpxtpx:hr>121</gpxtpx:hr><gpxtpx:cad>58</gpxtpx:cad></gpxtpx:TrackPointExtension></extensions></trkpt>
<trkpt lat="-33.7768491" lon="-70.2066387">
<ele>2129</ele><time>2026-09-27T15:26:18.000Z</time><extensions><gpxtpx:TrackPointExtension><gpxtpx:hr>120</gpxtpx:hr><gpxtpx:cad>56</gpxtpx:cad></gpxtpx:TrackPointExtension></extensions></trkpt>
<trkpt lat="-33.7768879" lon="-70.2066114">
<ele>2128</ele><time>2026-09-27T15:26:21.000Z</time><extensions><gpxtpx:TrackPointExtension><gpxtpx:hr>120</gpxtpx:hr><gpxtpx:cad>56</gpxtpx:cad></gpxtpx:TrackPointExtension></extensions></trkpt>
<trkpt lat="-33.7769450" lon="-70.2066264">
<ele>2128</ele><time>2026-09-27T15:26:25.000Z</time><extensions><gpxtpx:TrackPointExtension><gpxtpx:hr>119</gpxtpx:hr><gpxtpx:cad>58</gpxtpx:cad></gpxtpx:TrackPointExtension></extensions></trkpt>
<trkpt lat="-33.7769862" lon="-70.2065920">
<ele>2127</ele><time>2026-09-27T15:26:28.000Z</time><extensions><gpxtpx:TrackPointExtension><gpxtpx:hr>119</gpxtpx:hr><gpxtpx:cad>56</gpxtpx:cad></gpxtpx:TrackPointExtension></extensions></trkpt>
<trkpt lat="-33.7770319" lon="-70.2065774">
<ele>2127</ele><time>2026-09-27T15:26:31.000Z</time><extensions><gpxtpx:TrackPointExtension><gpxtpx:hr>119</gpxtpx:hr><gpxtpx:cad>31</gpxtpx:cad></gpxtpx:TrackPointExtension></extensions></trkpt>
<trkpt lat="-33.7770913" lon="-70.2065793">
<ele>2126</ele><time>2026-09-27T15:26:35.000Z</time><extensions><gpxtpx:TrackPointExtension><gpxtpx:hr>116</gpxtpx:hr><gpxtpx:cad>29</gpxtpx:cad></gpxtpx:TrackPointExtension></extensions></trkpt>
<trkpt lat="-33.7771408" lon="-70.2065421">
<ele>2126</ele><time>2026-09-27T15:26:39.000Z</time><extensions><gpxtpx:TrackPointExtension><gpxtpx:hr>121</gpxtpx:hr><gpxtpx:cad>30</gpxtpx:cad></gpxtpx:TrackPointExtension></extensions></trkpt>
<trkpt lat="-33.7771852" lon="-70.2065259">
<ele>2125</ele><time>2026-09-27T15:26:42.000Z</time><extensions><gpxtpx:TrackPointExtension><gpxtpx:hr>121</gpxtpx:hr><gpxtpx:cad>27</gpxtpx:cad></gpxtpx:TrackPointExtension></extensions></trkpt>
<trkpt lat="-33.7772354" lon="-70.2065266">
<ele>2124</ele><time>2026-09-27T15:26:45.000Z</time><extensions><gpxtpx:TrackPointExtension><gpxtpx:hr>116</gpxtpx:hr><gpxtpx:cad>28</gpxtpx:cad></gpxtpx:TrackPointExtension></extensions></trkpt>
<trkpt lat="-33.7772788" lon="-70.2064791">
<ele>2124</ele><time>2026-09-27T15:26:49.000Z</time><extensions><gpxtpx:TrackPointExtension><gpxtpx:hr>118</gpxtpx:hr><gpxtpx:cad>28</gpxtpx:cad></gpxtpx:TrackPointExtension></extensions></trkpt>
</trkseg><trkseg>
<trkpt lat="-33.7774555" lon="-70.2065453">
<ele>2121</ele><time>2026-09-27T17:47:20.000Z</time><extensions><gpxtpx:TrackPointExtension><gpxtpx:hr>103</gpxtpx:hr><gpxtpx:cad>29</gpxtpx:cad></gpxtpx:TrackPointExtension></extensions></trkpt>
<trkpt lat="-33.7774788" lon="-70.2065945">
<ele>2120</ele><time>2026-09-27T17:47:24.000Z</time><extensions><gpxtpx:TrackPointExtension><gpxtpx:hr>103</gpxtpx:hr><gpxtpx:cad>28</gpxtpx:cad></gpxtpx:TrackPointExtension></extensions></trkpt>
<trkpt lat="-33.7775036" lon="-70.2066572">
<ele>2120</ele><time>2026-09-27T17:47:39.000Z</time><extensions><gpxtpx:TrackPointExtension><gpxtpx:hr>105</gpxtpx:hr><gpxtpx:cad>28</gpxtpx:cad></gpxtpx:TrackPointExtension></extensions></trkpt>
<trkpt lat="-33.7775540" lon="-70.2066860">
<ele>2120</ele><time>2026-09-27T17:47:45.000Z</time><extensions><gpxtpx:TrackPointExtension><gpxtpx:hr>104</gpxtpx:hr><gpxtpx:cad>29</gpxtpx:cad></gpxtpx:TrackPointExtension></extensions></trkpt>
<trkpt lat="-33.7775869" lon="-70.2067231">
<ele>2120</ele><time>2026-09-27T17:47:50.000Z</time><extensions><gpxtpx:TrackPointExtension><gpxtpx:hr>108</gpxtpx:hr><gpxtpx:cad>28</gpxtpx:cad></gpxtpx:TrackPointExtension></extensions></trkpt>
<trkpt lat="-33.7776193" lon="-70.2067622">
<ele>2120</ele><time>2026-09-27T17:47:57.000Z</time><extensions><gpxtpx:TrackPointExtension><gpxtpx:hr>112</gpxtpx:hr><gpxtpx:cad>28</gpxtpx:cad></gpxtpx:TrackPointExtension></extensions></trkpt>
<trkpt lat="-33.7776488" lon="-70.2068188">
<ele>2120</ele><time>2026-09-27T17:48:06.000Z</time><extensions><gpxtpx:TrackPointExtension><gpxtpx:hr>113</gpxtpx:hr><gpxtpx:cad>38</gpxtpx:cad></gpxtpx:TrackPointExtension></extensions></trkpt>
<trkpt lat="-33.7776842" lon="-70.2068547">
<ele>2119</ele><time>2026-09-27T17:48:12.000Z</time><extensions><gpxtpx:TrackPointExtension><gpxtpx:hr>113</gpxtpx:hr><gpxtpx:cad>39</gpxtpx:cad></gpxtpx:TrackPointExtension></extensions></trkpt>
<trkpt lat="-33.7777169" lon="-70.2069037">
<ele>2119</ele><time>2026-09-27T17:48:18.000Z</time><extensions><gpxtpx:TrackPointExtension><gpxtpx:hr>110</gpxtpx:hr><gpxtpx:cad>42</gpxtpx:cad></gpxtpx:TrackPointExtension></extensions></trkpt>
<trkpt lat="-33.7777421" lon="-70.2069529">
<ele>2119</ele><time>2026-09-27T17:48:24.000Z</time><extensions><gpxtpx:TrackPointExtension><gpxtpx:hr>109</gpxtpx:hr><gpxtpx:cad>42</gpxtpx:cad></gpxtpx:TrackPointExtension></extensions></trkpt>
<trkpt lat="-33.7777683" lon="-70.2070079">
<ele>2118</ele><time>2026-09-27T17:48:30.000Z</time><extensions><gpxtpx:TrackPointExtension><gpxtpx:hr>111</gpxtpx:hr><gpxtpx:cad>45</gpxtpx:cad></gpxtpx:TrackPointExtension></extensions></trkpt>
<trkpt lat="-33.7777992" lon="-70.2070506">
<ele>2118</ele><time>2026-09-27T17:48:36.000Z</time><extensions><gpxtpx:TrackPointExtension><gpxtpx:hr>108</gpxtpx:hr><gpxtpx:cad>44</gpxtpx:cad></gpxtpx:TrackPointExtension></extensions></trkpt>
<trkpt lat="-33.7778494" lon="-70.2070765">
<ele>2118</ele><time>2026-09-27T17:48:41.000Z</time><extensions><gpxtpx:TrackPointExtension><gpxtpx:hr>108</gpxtpx:hr><gpxtpx:cad>46</gpxtpx:cad></gpxtpx:TrackPointExtension></extensions></trkpt>
<trkpt lat="-33.7778877" lon="-70.2071162">
<ele>2118</ele><time>2026-09-27T17:48:48.000Z</time><extensions><gpxtpx:TrackPointExtension><gpxtpx:hr>110</gpxtpx:hr><gpxtpx:cad>44</gpxtpx:cad></gpxtpx:TrackPointExtension></extensions></trkpt>
<trkpt lat="-33.7779341" lon="-70.2071578">
<ele>2118</ele><time>2026-09-27T17:48:55.000Z</time><extensions><gpxtpx:TrackPointExtension><gpxtpx:hr>114</gpxtpx:hr><gpxtpx:cad>45</gpxtpx:cad></gpxtpx:TrackPointExtension></extensions></trkpt>
<trkpt lat="-33.7779637" lon="-70.2072120">
<ele>2117</ele><time>2026-09-27T17:49:01.000Z</time><extensions><gpxtpx:TrackPointExtension><gpxtpx:hr>108</gpxtpx:hr><gpxtpx:cad>44</gpxtpx:cad></gpxtpx:TrackPointExtension></extensions></trkpt>
<trkpt lat="-33.7780079" lon="-70.2072377">
<ele>2117</ele><time>2026-09-27T17:49:06.000Z</time><extensions><gpxtpx:TrackPointExtension><gpxtpx:hr>107</gpxtpx:hr><gpxtpx:cad>45</gpxtpx:cad></gpxtpx:TrackPointExtension></extensions></trkpt>
<trkpt lat="-33.7780472" lon="-70.2072710">
<ele>2116</ele><time>2026-09-27T17:49:11.000Z</time><extensions><gpxtpx:TrackPointExtension><gpxtpx:hr>106</gpxtpx:hr><gpxtpx:cad>45</gpxtpx:cad></gpxtpx:TrackPointExtension></extensions></trkpt>
<trkpt lat="-33.7780779" lon="-70.2073240">
<ele>2116</ele><time>2026-09-27T17:49:17.000Z</time><extensions><gpxtpx:TrackPointExtension><gpxtpx:hr>106</gpxtpx:hr><gpxtpx:cad>45</gpxtpx:cad></gpxtpx:TrackPointExtension></extensions></trkpt>
<trkpt lat="-33.7781116" lon="-70.2073722">
<ele>2116</ele><time>2026-09-27T17:49:24.000Z</time><extensions><gpxtpx:TrackPointExtension><gpxtpx:hr>111</gpxtpx:hr><gpxtpx:cad>46</gpxtpx:cad></gpxtpx:TrackPointExtension></extensions></trkpt>
<trkpt lat="-33.7781442" lon="-70.2074138">
<ele>2116</ele><time>2026-09-27T17:49:29.000Z</time><extensions><gpxtpx:TrackPointExtension><gpxtpx:hr>114</gpxtpx:hr><gpxtpx:cad>47</gpxtpx:cad></gpxtpx:TrackPointExtension></extensions></trkpt>
<trkpt lat="-33.7781667" lon="-70.2074628">
<ele>2115</ele><time>2026-09-27T17:49:34.000Z</time><extensions><gpxtpx:TrackPointExtension><gpxtpx:hr>112</gpxtpx:hr><gpxtpx:cad>41</gpxtpx:cad></gpxtpx:TrackPointExtension></extensions></trkpt>
<trkpt lat="-33.7781997" lon="-70.2075053">
<ele>2115</ele><time>2026-09-27T17:49:39.000Z</time><extensions><gpxtpx:TrackPointExtension><gpxtpx:hr>110</gpxtpx:hr><gpxtpx:cad>41</gpxtpx:cad></gpxtpx:TrackPointExtension></extensions></trkpt>
<trkpt lat="-33.7782365" lon="-70.2075464">
<ele>2114</ele><time>2026-09-27T17:49:44.000Z</time><extensions><gpxtpx:TrackPointExtension><gpxtpx:hr>110</gpxtpx:hr><gpxtpx:cad>41</gpxtpx:cad></gpxtpx:TrackPointExtension></extensions></trkpt>
<trkpt lat="-33.7782808" lon="-70.2075810">
<ele>2114</ele><time>2026-09-27T17:49:49.000Z</time><extensions><gpxtpx:TrackPointExtension><gpxtpx:hr>109</gpxtpx:hr><gpxtpx:cad>41</gpxtpx:cad></gpxtpx:TrackPointExtension></extensions></trkpt>
<trkpt lat="-33.7783219" lon="-70.2076167">
<ele>2113</ele><time>2026-09-27T17:49:54.000Z</time><extensions><gpxtpx:TrackPointExtension><gpxtpx:hr>112</gpxtpx:hr><gpxtpx:cad>43</gpxtpx:cad></gpxtpx:TrackPointExtension></extensions></trkpt>
<trkpt lat="-33.7783639" lon="-70.2076395">
<ele>2111</ele><time>2026-09-27T17:49:59.000Z</time><extensions><gpxtpx:TrackPointExtension><gpxtpx:hr>114</gpxtpx:hr><gpxtpx:cad>42</gpxtpx:cad></gpxtpx:TrackPointExtension></extensions></trkpt>
<trkpt lat="-33.7783985" lon="-70.2076839">
<ele>2110</ele><time>2026-09-27T17:50:04.000Z</time><extensions><gpxtpx:TrackPointExtension><gpxtpx:hr>117</gpxtpx:hr><gpxtpx:cad>42</gpxtpx:cad></gpxtpx:TrackPointExtension></extensions></trkpt>
<trkpt lat="-33.7784489" lon="-70.2077114">
<ele>2109</ele><time>2026-09-27T17:50:10.000Z</time><extensions><gpxtpx:TrackPointExtension><gpxtpx:hr>117</gpxtpx:hr><gpxtpx:cad>44</gpxtpx:cad></gpxtpx:TrackPointExtension></extensions></trkpt>
<trkpt lat="-33.7784456" lon="-70.2077731">
<ele>2108</ele><time>2026-09-27T17:50:24.000Z</time><extensions><gpxtpx:TrackPointExtension><gpxtpx:hr>114</gpxtpx:hr><gpxtpx:cad>45</gpxtpx:cad></gpxtpx:TrackPointExtension></extensions></trkpt>
<trkpt lat="-33.7784811" lon="-70.2078085">
<ele>2107</ele><time>2026-09-27T17:50:30.000Z</time><extensions><gpxtpx:TrackPointExtension><gpxtpx:hr>113</gpxtpx:hr><gpxtpx:cad>46</gpxtpx:cad></gpxtpx:TrackPointExtension></extensions></trkpt>
<trkpt lat="-33.7784558" lon="-70.2078590">
<ele>2106</ele><time>2026-09-27T17:50:35.000Z</time><extensions><gpxtpx:TrackPointExtension><gpxtpx:hr>111</gpxtpx:hr><gpxtpx:cad>40</gpxtpx:cad></gpxtpx:TrackPointExtension></extensions></trkpt>
<trkpt lat="-33.7784517" lon="-70.2079146">
<ele>2105</ele><time>2026-09-27T17:50:40.000Z</time><extensions><gpxtpx:TrackPointExtension><gpxtpx:hr>113</gpxtpx:hr><gpxtpx:cad>40</gpxtpx:cad></gpxtpx:TrackPointExtension></extensions></trkpt>
<trkpt lat="-33.7784293" lon="-70.2079642">
<ele>2104</ele><time>2026-09-27T17:50:45.000Z</time><extensions><gpxtpx:TrackPointExtension><gpxtpx:hr>114</gpxtpx:hr><gpxtpx:cad>41</gpxtpx:cad></gpxtpx:TrackPointExtension></extensions></trkpt>
<trkpt lat="-33.7784024" lon="-70.2080171">
<ele>2103</ele><time>2026-09-27T17:50:50.000Z</time><extensions><gpxtpx:TrackPointExtension><gpxtpx:hr>114</gpxtpx:hr><gpxtpx:cad>40</gpxtpx:cad></gpxtpx:TrackPointExtension></extensions></trkpt>
<trkpt lat="-33.7783703" lon="-70.2080657">
<ele>2103</ele><time>2026-09-27T17:50:55.000Z</time><extensions><gpxtpx:TrackPointExtension><gpxtpx:hr>117</gpxtpx:hr><gpxtpx:cad>42</gpxtpx:cad></gpxtpx:TrackPointExtension></extensions></trkpt>
<trkpt lat="-33.7783487" lon="-70.2081189">
<ele>2102</ele><time>2026-09-27T17:51:02.000Z</time><extensions><gpxtpx:TrackPointExtension><gpxtpx:hr>115</gpxtpx:hr><gpxtpx:cad>40</gpxtpx:cad></gpxtpx:TrackPointExtension></extensions></trkpt>
<trkpt lat="-33.7783204" lon="-70.2081634">
<ele>2101</ele><time>2026-09-27T17:51:07.000Z</time><extensions><gpxtpx:TrackPointExtension><gpxtpx:hr>116</gpxtpx:hr><gpxtpx:cad>42</gpxtpx:cad></gpxtpx:TrackPointExtension></extensions></trkpt>
<trkpt lat="-33.7783082" lon="-70.2082181">
<ele>2100</ele><time>2026-09-27T17:51:12.000Z</time><extensions><gpxtpx:TrackPointExtension><gpxtpx:hr>115</gpxtpx:hr><gpxtpx:cad>42</gpxtpx:cad></gpxtpx:TrackPointExtension></extensions></trkpt>
<trkpt lat="-33.7783242" lon="-70.2082731">
<ele>2099</ele><time>2026-09-27T17:51:32.000Z</time><extensions><gpxtpx:TrackPointExtension><gpxtpx:hr>112</gpxtpx:hr><gpxtpx:cad>43</gpxtpx:cad></gpxtpx:TrackPointExtension></extensions></trkpt>
<trkpt lat="-33.7783418" lon="-70.2083239">
<ele>2098</ele><time>2026-09-27T17:51:37.000Z</time><extensions><gpxtpx:TrackPointExtension><gpxtpx:hr>105</gpxtpx:hr><gpxtpx:cad>43</gpxtpx:cad></gpxtpx:TrackPointExtension></extensions></trkpt>
<trkpt lat="-33.7783430" lon="-70.2083823">
<ele>2097</ele><time>2026-09-27T17:51:42.000Z</time><extensions><gpxtpx:TrackPointExtension><gpxtpx:hr>109</gpxtpx:hr><gpxtpx:cad>43</gpxtpx:cad></gpxtpx:TrackPointExtension></extensions></trkpt>
<trkpt lat="-33.7783168" lon="-70.2084357">
<ele>2096</ele><time>2026-09-27T17:51:48.000Z</time><extensions><gpxtpx:TrackPointExtension><gpxtpx:hr>109</gpxtpx:hr><gpxtpx:cad>41</gpxtpx:cad></gpxtpx:TrackPointExtension></extensions></trkpt>
<trkpt lat="-33.7782773" lon="-70.2084699">
<ele>2095</ele><time>2026-09-27T17:51:53.000Z</time><extensions><gpxtpx:TrackPointExtension><gpxtpx:hr>112</gpxtpx:hr><gpxtpx:cad>39</gpxtpx:cad></gpxtpx:TrackPointExtension></extensions></trkpt>
<trkpt lat="-33.7782477" lon="-70.2085161">
<ele>2094</ele><time>2026-09-27T17:52:00.000Z</time><extensions><gpxtpx:TrackPointExtension><gpxtpx:hr>116</gpxtpx:hr><gpxtpx:cad>40</gpxtpx:cad></gpxtpx:TrackPointExtension></extensions></trkpt>
<trkpt lat="-33.7782236" lon="-70.2085724">
<ele>2093</ele><time>2026-09-27T17:52:06.000Z</time><extensions><gpxtpx:TrackPointExtension><gpxtpx:hr>115</gpxtpx:hr><gpxtpx:cad>39</gpxtpx:cad></gpxtpx:TrackPointExtension></extensions></trkpt>
<trkpt lat="-33.7781991" lon="-70.2086317">
<ele>2093</ele><time>2026-09-27T17:52:14.000Z</time><extensions><gpxtpx:TrackPointExtension><gpxtpx:hr>110</gpxtpx:hr><gpxtpx:cad>40</gpxtpx:cad></gpxtpx:TrackPointExtension></extensions></trkpt>
<trkpt lat="-33.7781870" lon="-70.2086877">
<ele>2092</ele><time>2026-09-27T17:52:19.000Z</time><extensions><gpxtpx:TrackPointExtension><gpxtpx:hr>110</gpxtpx:hr><gpxtpx:cad>46</gpxtpx:cad></gpxtpx:TrackPointExtension></extensions></trkpt>
<trkpt lat="-33.7782323" lon="-70.2086861">
<ele>2091</ele><time>2026-09-27T17:52:24.000Z</time><extensions><gpxtpx:TrackPointExtension><gpxtpx:hr>110</gpxtpx:hr><gpxtpx:cad>44</gpxtpx:cad></gpxtpx:TrackPointExtension></extensions></trkpt>
<trkpt lat="-33.7782810" lon="-70.2086816">
<ele>2090</ele><time>2026-09-27T17:52:29.000Z</time><extensions><gpxtpx:TrackPointExtension><gpxtpx:hr>112</gpxtpx:hr><gpxtpx:cad>44</gpxtpx:cad></gpxtpx:TrackPointExtension></extensions></trkpt>
<trkpt lat="-33.7783263" lon="-70.2086790">
<ele>2089</ele><time>2026-09-27T17:52:35.000Z</time><extensions><gpxtpx:TrackPointExtension><gpxtpx:hr>115</gpxtpx:hr><gpxtpx:cad>43</gpxtpx:cad></gpxtpx:TrackPointExtension></extensions></trkpt>
<trkpt lat="-33.7783743" lon="-70.2086644">
<ele>2088</ele><time>2026-09-27T17:52:40.000Z</time><extensions><gpxtpx:TrackPointExtension><gpxtpx:hr>116</gpxtpx:hr><gpxtpx:cad>43</gpxtpx:cad></gpxtpx:TrackPointExtension></extensions></trkpt>
<trkpt lat="-33.7784213" lon="-70.2086778">
<ele>2087</ele><time>2026-09-27T17:52:44.000Z</time><extensions><gpxtpx:TrackPointExtension><gpxtpx:hr>120</gpxtpx:hr><gpxtpx:cad>46</gpxtpx:cad></gpxtpx:TrackPointExtension></extensions></trkpt>
<trkpt lat="-33.7784717" lon="-70.2086756">
<ele>2087</ele><time>2026-09-27T17:52:48.000Z</time><extensions><gpxtpx:TrackPointExtension><gpxtpx:hr>121</gpxtpx:hr><gpxtpx:cad>47</gpxtpx:cad></gpxtpx:TrackPointExtension></extensions></trkpt>
<trkpt lat="-33.7785198" lon="-70.2086761">
<ele>2086</ele><time>2026-09-27T17:52:52.000Z</time><extensions><gpxtpx:TrackPointExtension><gpxtpx:hr>122</gpxtpx:hr><gpxtpx:cad>46</gpxtpx:cad></gpxtpx:TrackPointExtension></extensions></trkpt>
<trkpt lat="-33.7785721" lon="-70.2086901">
<ele>2085</ele><time>2026-09-27T17:52:57.000Z</time><extensions><gpxtpx:TrackPointExtension><gpxtpx:hr>122</gpxtpx:hr><gpxtpx:cad>47</gpxtpx:cad></gpxtpx:TrackPointExtension></extensions></trkpt>
<trkpt lat="-33.7786181" lon="-70.2086856">
<ele>2084</ele><time>2026-09-27T17:53:01.000Z</time><extensions><gpxtpx:TrackPointExtension><gpxtpx:hr>120</gpxtpx:hr><gpxtpx:cad>47</gpxtpx:cad></gpxtpx:TrackPointExtension></extensions></trkpt>
<trkpt lat="-33.7786724" lon="-70.2086910">
<ele>2083</ele><time>2026-09-27T17:53:06.000Z</time><extensions><gpxtpx:TrackPointExtension><gpxtpx:hr>118</gpxtpx:hr><gpxtpx:cad>48</gpxtpx:cad></gpxtpx:TrackPointExtension></extensions></trkpt>
<trkpt lat="-33.7786538" lon="-70.2087506">
<ele>2083</ele><time>2026-09-27T17:53:11.000Z</time><extensions><gpxtpx:TrackPointExtension><gpxtpx:hr>115</gpxtpx:hr><gpxtpx:cad>48</gpxtpx:cad></gpxtpx:TrackPointExtension></extensions></trkpt>
<trkpt lat="-33.7786088" lon="-70.2087820">
<ele>2082</ele><time>2026-09-27T17:53:15.000Z</time><extensions><gpxtpx:TrackPointExtension><gpxtpx:hr>115</gpxtpx:hr><gpxtpx:cad>49</gpxtpx:cad></gpxtpx:TrackPointExtension></extensions></trkpt>
<trkpt lat="-33.7785646" lon="-70.2088168">
<ele>2080</ele><time>2026-09-27T17:53:20.000Z</time><extensions><gpxtpx:TrackPointExtension><gpxtpx:hr>115</gpxtpx:hr><gpxtpx:cad>49</gpxtpx:cad></gpxtpx:TrackPointExtension></extensions></trkpt>
<trkpt lat="-33.7785795" lon="-70.2088682">
<ele>2079</ele><time>2026-09-27T17:53:28.000Z</time><extensions><gpxtpx:TrackPointExtension><gpxtpx:hr>114</gpxtpx:hr><gpxtpx:cad>48</gpxtpx:cad></gpxtpx:TrackPointExtension></extensions></trkpt>
<trkpt lat="-33.7786281" lon="-70.2088718">
<ele>2078</ele><time>2026-09-27T17:53:32.000Z</time><extensions><gpxtpx:TrackPointExtension><gpxtpx:hr>113</gpxtpx:hr><gpxtpx:cad>47</gpxtpx:cad></gpxtpx:TrackPointExtension></extensions></trkpt>
<trkpt lat="-33.7786793" lon="-70.2088861">
<ele>2076</ele><time>2026-09-27T17:53:37.000Z</time><extensions><gpxtpx:TrackPointExtension><gpxtpx:hr>115</gpxtpx:hr><gpxtpx:cad>47</gpxtpx:cad></gpxtpx:TrackPointExtension></extensions></trkpt>
<trkpt lat="-33.7787282" lon="-70.2088885">
<ele>2075</ele><time>2026-09-27T17:53:41.000Z</time><extensions><gpxtpx:TrackPointExtension><gpxtpx:hr>115</gpxtpx:hr><gpxtpx:cad>49</gpxtpx:cad></gpxtpx:TrackPointExtension></extensions></trkpt>
<trkpt lat="-33.7787780" lon="-70.2089049">
<ele>2073</ele><time>2026-09-27T17:53:47.000Z</time><extensions><gpxtpx:TrackPointExtension><gpxtpx:hr>114</gpxtpx:hr><gpxtpx:cad>50</gpxtpx:cad></gpxtpx:TrackPointExtension></extensions></trkpt>
<trkpt lat="-33.7788340" lon="-70.2089158">
<ele>2072</ele><time>2026-09-27T17:54:03.000Z</time><extensions><gpxtpx:TrackPointExtension><gpxtpx:hr>114</gpxtpx:hr><gpxtpx:cad>49</gpxtpx:cad></gpxtpx:TrackPointExtension></extensions></trkpt>
<trkpt lat="-33.7788758" lon="-70.2089385">
<ele>2071</ele><time>2026-09-27T17:54:10.000Z</time><extensions><gpxtpx:TrackPointExtension><gpxtpx:hr>117</gpxtpx:hr><gpxtpx:cad>46</gpxtpx:cad></gpxtpx:TrackPointExtension></extensions></trkpt>
<trkpt lat="-33.7789285" lon="-70.2089331">
<ele>2070</ele><time>2026-09-27T17:54:15.000Z</time><extensions><gpxtpx:TrackPointExtension><gpxtpx:hr>116</gpxtpx:hr><gpxtpx:cad>45</gpxtpx:cad></gpxtpx:TrackPointExtension></extensions></trkpt>
<trkpt lat="-33.7789757" lon="-70.2089701">
<ele>2068</ele><time>2026-09-27T17:54:20.000Z</time><extensions><gpxtpx:TrackPointExtension><gpxtpx:hr>116</gpxtpx:hr><gpxtpx:cad>43</gpxtpx:cad></gpxtpx:TrackPointExtension></extensions></trkpt>
<trkpt lat="-33.7790273" lon="-70.2089939">
<ele>2067</ele><time>2026-09-27T17:54:25.000Z</time><extensions><gpxtpx:TrackPointExtension><gpxtpx:hr>116</gpxtpx:hr><gpxtpx:cad>42</gpxtpx:cad></gpxtpx:TrackPointExtension></extensions></trkpt>
<trkpt lat="-33.7790799" lon="-70.2090148">
<ele>2066</ele><time>2026-09-27T17:54:30.000Z</time><extensions><gpxtpx:TrackPointExtension><gpxtpx:hr>119</gpxtpx:hr><gpxtpx:cad>41</gpxtpx:cad></gpxtpx:TrackPointExtension></extensions></trkpt>
<trkpt lat="-33.7791319" lon="-70.2090394">
<ele>2065</ele><time>2026-09-27T17:54:35.000Z</time><extensions><gpxtpx:TrackPointExtension><gpxtpx:hr>122</gpxtpx:hr><gpxtpx:cad>38</gpxtpx:cad></gpxtpx:TrackPointExtension></extensions></trkpt>
<trkpt lat="-33.7791797" lon="-70.2090374">
<ele>2064</ele><time>2026-09-27T17:54:40.000Z</time><extensions><gpxtpx:TrackPointExtension><gpxtpx:hr>122</gpxtpx:hr><gpxtpx:cad>38</gpxtpx:cad></gpxtpx:TrackPointExtension></extensions></trkpt>
<trkpt lat="-33.7792243" lon="-70.2090258">
<ele>2063</ele><time>2026-09-27T17:54:46.000Z</time><extensions><gpxtpx:TrackPointExtension><gpxtpx:hr>123</gpxtpx:hr><gpxtpx:cad>38</gpxtpx:cad></gpxtpx:TrackPointExtension></extensions></trkpt>
<trkpt lat="-33.7792801" lon="-70.2090149">
<ele>2062</ele><time>2026-09-27T17:54:52.000Z</time><extensions><gpxtpx:TrackPointExtension><gpxtpx:hr>123</gpxtpx:hr><gpxtpx:cad>37</gpxtpx:cad></gpxtpx:TrackPointExtension></extensions></trkpt>
<trkpt lat="-33.7793302" lon="-70.2090067">
<ele>2061</ele><time>2026-09-27T17:54:58.000Z</time><extensions><gpxtpx:TrackPointExtension><gpxtpx:hr>120</gpxtpx:hr><gpxtpx:cad>36</gpxtpx:cad></gpxtpx:TrackPointExtension></extensions></trkpt>
<trkpt lat="-33.7793794" lon="-70.2090151">
<ele>2060</ele><time>2026-09-27T17:55:03.000Z</time><extensions><gpxtpx:TrackPointExtension><gpxtpx:hr>118</gpxtpx:hr><gpxtpx:cad>35</gpxtpx:cad></gpxtpx:TrackPointExtension></extensions></trkpt>
<trkpt lat="-33.7794249" lon="-70.2090124">
<ele>2059</ele><time>2026-09-27T17:55:07.000Z</time><extensions><gpxtpx:TrackPointExtension><gpxtpx:hr>119</gpxtpx:hr><gpxtpx:cad>35</gpxtpx:cad></gpxtpx:TrackPointExtension></extensions></trkpt>
<trkpt lat="-33.7794707" lon="-70.2090145">
<ele>2058</ele><time>2026-09-27T17:55:12.000Z</time><extensions><gpxtpx:TrackPointExtension><gpxtpx:hr>119</gpxtpx:hr><gpxtpx:cad>34</gpxtpx:cad></gpxtpx:TrackPointExtension></extensions></trkpt>
<trkpt lat="-33.7795243" lon="-70.2090069">
<ele>2057</ele><time>2026-09-27T17:55:17.000Z</time><extensions><gpxtpx:TrackPointExtension><gpxtpx:hr>119</gpxtpx:hr><gpxtpx:cad>32</gpxtpx:cad></gpxtpx:TrackPointExtension></extensions></trkpt>
<trkpt lat="-33.7795747" lon="-70.2089980">
<ele>2056</ele><time>2026-09-27T17:55:25.000Z</time><extensions><gpxtpx:TrackPointExtension><gpxtpx:hr>119</gpxtpx:hr><gpxtpx:cad>31</gpxtpx:cad></gpxtpx:TrackPointExtension></extensions></trkpt>
<trkpt lat="-33.7796296" lon="-70.2089985">
<ele>2055</ele><time>2026-09-27T17:55:31.000Z</time><extensions><gpxtpx:TrackPointExtension><gpxtpx:hr>121</gpxtpx:hr><gpxtpx:cad>32</gpxtpx:cad></gpxtpx:TrackPointExtension></extensions></trkpt>
<trkpt lat="-33.7796715" lon="-70.2089762">
<ele>2054</ele><time>2026-09-27T17:55:36.000Z</time><extensions><gpxtpx:TrackPointExtension><gpxtpx:hr>121</gpxtpx:hr><gpxtpx:cad>32</gpxtpx:cad></gpxtpx:TrackPointExtension></extensions></trkpt>
<trkpt lat="-33.7797231" lon="-70.2089511">
<ele>2053</ele><time>2026-09-27T17:55:42.000Z</time><extensions><gpxtpx:TrackPointExtension><gpxtpx:hr>121</gpxtpx:hr><gpxtpx:cad>34</gpxtpx:cad></gpxtpx:TrackPointExtension></extensions></trkpt>
<trkpt lat="-33.7797702" lon="-70.2089196">
<ele>2052</ele><time>2026-09-27T17:55:48.000Z</time><extensions><gpxtpx:TrackPointExtension><gpxtpx:hr>121</gpxtpx:hr><gpxtpx:cad>34</gpxtpx:cad></gpxtpx:TrackPointExtension></extensions></trkpt>
<trkpt lat="-33.7798234" lon="-70.2088999">
<ele>2051</ele><time>2026-09-27T17:55:53.000Z</time><extensions><gpxtpx:TrackPointExtension><gpxtpx:hr>120</gpxtpx:hr><gpxtpx:cad>34</gpxtpx:cad></gpxtpx:TrackPointExtension></extensions></trkpt>
<trkpt lat="-33.7798732" lon="-70.2088749">
<ele>2050</ele><time>2026-09-27T17:55:58.000Z</time><extensions><gpxtpx:TrackPointExtension><gpxtpx:hr>120</gpxtpx:hr><gpxtpx:cad>35</gpxtpx:cad></gpxtpx:TrackPointExtension></extensions></trkpt>
<trkpt lat="-33.7799135" lon="-70.2088255">
<ele>2050</ele><time>2026-09-27T17:56:04.000Z</time><extensions><gpxtpx:TrackPointExtension><gpxtpx:hr>121</gpxtpx:hr><gpxtpx:cad>36</gpxtpx:cad></gpxtpx:TrackPointExtension></extensions></trkpt>
<trkpt lat="-33.7799379" lon="-70.2087640">
<ele>2049</ele><time>2026-09-27T17:56:09.000Z</time><extensions><gpxtpx:TrackPointExtension><gpxtpx:hr>121</gpxtpx:hr><gpxtpx:cad>36</gpxtpx:cad></gpxtpx:TrackPointExtension></extensions></trkpt>
<trkpt lat="-33.7799753" lon="-70.2087298">
<ele>2049</ele><time>2026-09-27T17:56:14.000Z</time><extensions><gpxtpx:TrackPointExtension><gpxtpx:hr>121</gpxtpx:hr><gpxtpx:cad>36</gpxtpx:cad></gpxtpx:TrackPointExtension></extensions></trkpt>
<trkpt lat="-33.7799978" lon="-70.2086785">
<ele>2048</ele><time>2026-09-27T17:56:19.000Z</time><extensions><gpxtpx:TrackPointExtension><gpxtpx:hr>119</gpxtpx:hr><gpxtpx:cad>36</gpxtpx:cad></gpxtpx:TrackPointExtension></extensions></trkpt>
<trkpt lat="-33.7800262" lon="-70.2086293">
<ele>2047</ele><time>2026-09-27T17:56:24.000Z</time><extensions><gpxtpx:TrackPointExtension><gpxtpx:hr>119</gpxtpx:hr><gpxtpx:cad>37</gpxtpx:cad></gpxtpx:TrackPointExtension></extensions></trkpt>
<trkpt lat="-33.7800536" lon="-70.2085844">
<ele>2047</ele><time>2026-09-27T17:56:29.000Z</time><extensions><gpxtpx:TrackPointExtension><gpxtpx:hr>119</gpxtpx:hr><gpxtpx:cad>36</gpxtpx:cad></gpxtpx:TrackPointExtension></extensions></trkpt>
<trkpt lat="-33.7800857" lon="-70.2085379">
<ele>2046</ele><time>2026-09-27T17:56:36.000Z</time><extensions><gpxtpx:TrackPointExtension><gpxtpx:hr>115</gpxtpx:hr><gpxtpx:cad>38</gpxtpx:cad></gpxtpx:TrackPointExtension></extensions></trkpt>
<trkpt lat="-33.7801214" lon="-70.2084973">
<ele>2046</ele><time>2026-09-27T17:56:52.000Z</time><extensions><gpxtpx:TrackPointExtension><gpxtpx:hr>126</gpxtpx:hr><gpxtpx:cad>36</gpxtpx:cad></gpxtpx:TrackPointExtension></extensions></trkpt>
<trkpt lat="-33.7801261" lon="-70.2084406">
<ele>2045</ele><time>2026-09-27T17:56:56.000Z</time><extensions><gpxtpx:TrackPointExtension><gpxtpx:hr>124</gpxtpx:hr><gpxtpx:cad>33</gpxtpx:cad></gpxtpx:TrackPointExtension></extensions></trkpt>
<trkpt lat="-33.7801446" lon="-70.2083806">
<ele>2045</ele><time>2026-09-27T17:57:01.000Z</time><extensions><gpxtpx:TrackPointExtension><gpxtpx:hr>123</gpxtpx:hr><gpxtpx:cad>32</gpxtpx:cad></gpxtpx:TrackPointExtension></extensions></trkpt>
<trkpt lat="-33.7801601" lon="-70.2083293">
<ele>2043</ele><time>2026-09-27T17:57:07.000Z</time><extensions><gpxtpx:TrackPointExtension><gpxtpx:hr>121</gpxtpx:hr><gpxtpx:cad>33</gpxtpx:cad></gpxtpx:TrackPointExtension></extensions></trkpt>
<trkpt lat="-33.7801785" lon="-70.2082766">
<ele>2042</ele><time>2026-09-27T17:57:13.000Z</time><extensions><gpxtpx:TrackPointExtension><gpxtpx:hr>119</gpxtpx:hr><gpxtpx:cad>32</gpxtpx:cad></gpxtpx:TrackPointExtension></extensions></trkpt>
<trkpt lat="-33.7801943" lon="-70.2082236">
<ele>2040</ele><time>2026-09-27T17:57:19.000Z</time><extensions><gpxtpx:TrackPointExtension><gpxtpx:hr>119</gpxtpx:hr><gpxtpx:cad>32</gpxtpx:cad></gpxtpx:TrackPointExtension></extensions></trkpt>
<trkpt lat="-33.7802178" lon="-70.2081721">
<ele>2039</ele><time>2026-09-27T17:57:25.000Z</time><extensions><gpxtpx:TrackPointExtension><gpxtpx:hr>121</gpxtpx:hr><gpxtpx:cad>32</gpxtpx:cad></gpxtpx:TrackPointExtension></extensions></trkpt>
<trkpt lat="-33.7802302" lon="-70.2081166">
<ele>2038</ele><time>2026-09-27T17:57:30.000Z</time><extensions><gpxtpx:TrackPointExtension><gpxtpx:hr>120</gpxtpx:hr><gpxtpx:cad>31</gpxtpx:cad></gpxtpx:TrackPointExtension></extensions></trkpt>
<trkpt lat="-33.7802543" lon="-70.2080688">
<ele>2037</ele><time>2026-09-27T17:57:41.000Z</time><extensions><gpxtpx:TrackPointExtension><gpxtpx:hr>118</gpxtpx:hr><gpxtpx:cad>32</gpxtpx:cad></gpxtpx:TrackPointExtension></extensions></trkpt>
<trkpt lat="-33.7802529" lon="-70.2080133">
<ele>2036</ele><time>2026-09-27T17:57:59.000Z</time><extensions><gpxtpx:TrackPointExtension><gpxtpx:hr>114</gpxtpx:hr><gpxtpx:cad>33</gpxtpx:cad></gpxtpx:TrackPointExtension></extensions></trkpt>
<trkpt lat="-33.7802790" lon="-70.2079604">
<ele>2036</ele><time>2026-09-27T17:58:04.000Z</time><extensions><gpxtpx:TrackPointExtension><gpxtpx:hr>115</gpxtpx:hr><gpxtpx:cad>33</gpxtpx:cad></gpxtpx:TrackPointExtension></extensions></trkpt>
<trkpt lat="-33.7803110" lon="-70.2079216">
<ele>2035</ele><time>2026-09-27T17:58:12.000Z</time><extensions><gpxtpx:TrackPointExtension><gpxtpx:hr>119</gpxtpx:hr><gpxtpx:cad>33</gpxtpx:cad></gpxtpx:TrackPointExtension></extensions></trkpt>
<trkpt lat="-33.7803357" lon="-70.2078655">
<ele>2035</ele><time>2026-09-27T17:58:18.000Z</time><extensions><gpxtpx:TrackPointExtension><gpxtpx:hr>118</gpxtpx:hr><gpxtpx:cad>34</gpxtpx:cad></gpxtpx:TrackPointExtension></extensions></trkpt>
<trkpt lat="-33.7803657" lon="-70.2078165">
<ele>2034</ele><time>2026-09-27T17:58:24.000Z</time><extensions><gpxtpx:TrackPointExtension><gpxtpx:hr>118</gpxtpx:hr><gpxtpx:cad>33</gpxtpx:cad></gpxtpx:TrackPointExtension></extensions></trkpt>
<trkpt lat="-33.7804001" lon="-70.2077724">
<ele>2034</ele><time>2026-09-27T17:58:31.000Z</time><extensions><gpxtpx:TrackPointExtension><gpxtpx:hr>121</gpxtpx:hr><gpxtpx:cad>33</gpxtpx:cad></gpxtpx:TrackPointExtension></extensions></trkpt>
<trkpt lat="-33.7804361" lon="-70.2077342">
<ele>2033</ele><time>2026-09-27T17:58:37.000Z</time><extensions><gpxtpx:TrackPointExtension><gpxtpx:hr>123</gpxtpx:hr><gpxtpx:cad>33</gpxtpx:cad></gpxtpx:TrackPointExtension></extensions></trkpt>
<trkpt lat="-33.7804644" lon="-70.2076875">
<ele>2031</ele><time>2026-09-27T17:58:45.000Z</time><extensions><gpxtpx:TrackPointExtension><gpxtpx:hr>124</gpxtpx:hr><gpxtpx:cad>35</gpxtpx:cad></gpxtpx:TrackPointExtension></extensions></trkpt>
<trkpt lat="-33.7805022" lon="-70.2076437">
<ele>2030</ele><time>2026-09-27T17:58:54.000Z</time><extensions><gpxtpx:TrackPointExtension><gpxtpx:hr>125</gpxtpx:hr><gpxtpx:cad>40</gpxtpx:cad></gpxtpx:TrackPointExtension></extensions></trkpt>
<trkpt lat="-33.7805408" lon="-70.2076097">
<ele>2029</ele><time>2026-09-27T17:59:03.000Z</time><extensions><gpxtpx:TrackPointExtension><gpxtpx:hr>121</gpxtpx:hr><gpxtpx:cad>41</gpxtpx:cad></gpxtpx:TrackPointExtension></extensions></trkpt>
<trkpt lat="-33.7805883" lon="-70.2075718">
<ele>2027</ele><time>2026-09-27T17:59:10.000Z</time><extensions><gpxtpx:TrackPointExtension><gpxtpx:hr>120</gpxtpx:hr><gpxtpx:cad>42</gpxtpx:cad></gpxtpx:TrackPointExtension></extensions></trkpt>
<trkpt lat="-33.7806158" lon="-70.2075257">
<ele>2026</ele><time>2026-09-27T17:59:15.000Z</time><extensions><gpxtpx:TrackPointExtension><gpxtpx:hr>121</gpxtpx:hr><gpxtpx:cad>42</gpxtpx:cad></gpxtpx:TrackPointExtension></extensions></trkpt>
<trkpt lat="-33.7806499" lon="-70.2074830">
<ele>2025</ele><time>2026-09-27T17:59:20.000Z</time><extensions><gpxtpx:TrackPointExtension><gpxtpx:hr>121</gpxtpx:hr><gpxtpx:cad>42</gpxtpx:cad></gpxtpx:TrackPointExtension></extensions></trkpt>
<trkpt lat="-33.7806895" lon="-70.2074370">
<ele>2024</ele><time>2026-09-27T17:59:25.000Z</time><extensions><gpxtpx:TrackPointExtension><gpxtpx:hr>121</gpxtpx:hr><gpxtpx:cad>43</gpxtpx:cad></gpxtpx:TrackPointExtension></extensions></trkpt>
<trkpt lat="-33.7807249" lon="-70.2073893">
<ele>2023</ele><time>2026-09-27T17:59:29.000Z</time><extensions><gpxtpx:TrackPointExtension><gpxtpx:hr>122</gpxtpx:hr><gpxtpx:cad>43</gpxtpx:cad></gpxtpx:TrackPointExtension></extensions></trkpt>
<trkpt lat="-33.7807644" lon="-70.2073448">
<ele>2022</ele><time>2026-09-27T17:59:34.000Z</time><extensions><gpxtpx:TrackPointExtension><gpxtpx:hr>124</gpxtpx:hr><gpxtpx:cad>42</gpxtpx:cad></gpxtpx:TrackPointExtension></extensions></trkpt>
<trkpt lat="-33.7807978" lon="-70.2073017">
<ele>2021</ele><time>2026-09-27T17:59:38.000Z</time><extensions><gpxtpx:TrackPointExtension><gpxtpx:hr>125</gpxtpx:hr><gpxtpx:cad>44</gpxtpx:cad></gpxtpx:TrackPointExtension></extensions></trkpt>
<trkpt lat="-33.7808358" lon="-70.2072598">
<ele>2021</ele><time>2026-09-27T17:59:43.000Z</time><extensions><gpxtpx:TrackPointExtension><gpxtpx:hr>124</gpxtpx:hr><gpxtpx:cad>38</gpxtpx:cad></gpxtpx:TrackPointExtension></extensions></trkpt>
<trkpt lat="-33.7808713" lon="-70.2072144">
<ele>2020</ele><time>2026-09-27T17:59:47.000Z</time><extensions><gpxtpx:TrackPointExtension><gpxtpx:hr>121</gpxtpx:hr><gpxtpx:cad>39</gpxtpx:cad></gpxtpx:TrackPointExtension></extensions></trkpt>
<trkpt lat="-33.7809022" lon="-70.2071690">
<ele>2020</ele><time>2026-09-27T17:59:51.000Z</time><extensions><gpxtpx:TrackPointExtension><gpxtpx:hr>118</gpxtpx:hr><gpxtpx:cad>38</gpxtpx:cad></gpxtpx:TrackPointExtension></extensions></trkpt>
<trkpt lat="-33.7809150" lon="-70.2071127">
<ele>2019</ele><time>2026-09-27T17:59:55.000Z</time><extensions><gpxtpx:TrackPointExtension><gpxtpx:hr>117</gpxtpx:hr><gpxtpx:cad>38</gpxtpx:cad></gpxtpx:TrackPointExtension></extensions></trkpt>
<trkpt lat="-33.7809521" lon="-70.2070636">
<ele>2019</ele><time>2026-09-27T18:00:00.000Z</time><extensions><gpxtpx:TrackPointExtension><gpxtpx:hr>117</gpxtpx:hr><gpxtpx:cad>35</gpxtpx:cad></gpxtpx:TrackPointExtension></extensions></trkpt>
<trkpt lat="-33.7809940" lon="-70.2070263">
<ele>2017</ele><time>2026-09-27T18:00:05.000Z</time><extensions><gpxtpx:TrackPointExtension><gpxtpx:hr>117</gpxtpx:hr><gpxtpx:cad>33</gpxtpx:cad></gpxtpx:TrackPointExtension></extensions></trkpt>
<trkpt lat="-33.7810221" lon="-70.2069829">
<ele>2016</ele><time>2026-09-27T18:00:10.000Z</time><extensions><gpxtpx:TrackPointExtension><gpxtpx:hr>119</gpxtpx:hr><gpxtpx:cad>32</gpxtpx:cad></gpxtpx:TrackPointExtension></extensions></trkpt>
<trkpt lat="-33.7810520" lon="-70.2069333">
<ele>2015</ele><time>2026-09-27T18:00:16.000Z</time><extensions><gpxtpx:TrackPointExtension><gpxtpx:hr>120</gpxtpx:hr><gpxtpx:cad>31</gpxtpx:cad></gpxtpx:TrackPointExtension></extensions></trkpt>
<trkpt lat="-33.7810846" lon="-70.2068892">
<ele>2013</ele><time>2026-09-27T18:00:43.000Z</time><extensions><gpxtpx:TrackPointExtension><gpxtpx:hr>110</gpxtpx:hr><gpxtpx:cad>31</gpxtpx:cad></gpxtpx:TrackPointExtension></extensions></trkpt>
<trkpt lat="-33.7811058" lon="-70.2068410">
<ele>2012</ele><time>2026-09-27T18:00:49.000Z</time><extensions><gpxtpx:TrackPointExtension><gpxtpx:hr>112</gpxtpx:hr><gpxtpx:cad>32</gpxtpx:cad></gpxtpx:TrackPointExtension></extensions></trkpt>
<trkpt lat="-33.7811454" lon="-70.2067986">
<ele>2010</ele><time>2026-09-27T18:00:55.000Z</time><extensions><gpxtpx:TrackPointExtension><gpxtpx:hr>114</gpxtpx:hr><gpxtpx:cad>30</gpxtpx:cad></gpxtpx:TrackPointExtension></extensions></trkpt>
<trkpt lat="-33.7811635" lon="-70.2067465">
<ele>2009</ele><time>2026-09-27T18:01:06.000Z</time><extensions><gpxtpx:TrackPointExtension><gpxtpx:hr>110</gpxtpx:hr><gpxtpx:cad>30</gpxtpx:cad></gpxtpx:TrackPointExtension></extensions></trkpt>
<trkpt lat="-33.7811704" lon="-70.2066834">
<ele>2007</ele><time>2026-09-27T18:01:17.000Z</time><extensions><gpxtpx:TrackPointExtension><gpxtpx:hr>111</gpxtpx:hr><gpxtpx:cad>30</gpxtpx:cad></gpxtpx:TrackPointExtension></extensions></trkpt>
<trkpt lat="-33.7811472" lon="-70.2066269">
<ele>2006</ele><time>2026-09-27T18:01:25.000Z</time><extensions><gpxtpx:TrackPointExtension><gpxtpx:hr>114</gpxtpx:hr><gpxtpx:cad>30</gpxtpx:cad></gpxtpx:TrackPointExtension></extensions></trkpt>
<trkpt lat="-33.7811238" lon="-70.2065709">
<ele>2004</ele><time>2026-09-27T18:01:34.000Z</time><extensions><gpxtpx:TrackPointExtension><gpxtpx:hr>116</gpxtpx:hr><gpxtpx:cad>30</gpxtpx:cad></gpxtpx:TrackPointExtension></extensions></trkpt>
<trkpt lat="-33.7810802" lon="-70.2065491">
<ele>2002</ele><time>2026-09-27T18:01:42.000Z</time><extensions><gpxtpx:TrackPointExtension><gpxtpx:hr>115</gpxtpx:hr><gpxtpx:cad>28</gpxtpx:cad></gpxtpx:TrackPointExtension></extensions></trkpt>
<trkpt lat="-33.7810533" lon="-70.2065006">
<ele>2000</ele><time>2026-09-27T18:01:50.000Z</time><extensions><gpxtpx:TrackPointExtension><gpxtpx:hr>117</gpxtpx:hr><gpxtpx:cad>28</gpxtpx:cad></gpxtpx:TrackPointExtension></extensions></trkpt>
<trkpt lat="-33.7810784" lon="-70.2064538">
<ele>1998</ele><time>2026-09-27T18:02:04.000Z</time><extensions><gpxtpx:TrackPointExtension><gpxtpx:hr>117</gpxtpx:hr><gpxtpx:cad>28</gpxtpx:cad></gpxtpx:TrackPointExtension></extensions></trkpt>
<trkpt lat="-33.7811295" lon="-70.2064461">
<ele>1997</ele><time>2026-09-27T18:02:14.000Z</time><extensions><gpxtpx:TrackPointExtension><gpxtpx:hr>119</gpxtpx:hr><gpxtpx:cad>28</gpxtpx:cad></gpxtpx:TrackPointExtension></extensions></trkpt>
<trkpt lat="-33.7811822" lon="-70.2064610">
<ele>1995</ele><time>2026-09-27T18:02:20.000Z</time><extensions><gpxtpx:TrackPointExtension><gpxtpx:hr>120</gpxtpx:hr><gpxtpx:cad>29</gpxtpx:cad></gpxtpx:TrackPointExtension></extensions></trkpt>
<trkpt lat="-33.7812278" lon="-70.2064546">
<ele>1994</ele><time>2026-09-27T18:02:24.000Z</time><extensions><gpxtpx:TrackPointExtension><gpxtpx:hr>120</gpxtpx:hr><gpxtpx:cad>29</gpxtpx:cad></gpxtpx:TrackPointExtension></extensions></trkpt>
<trkpt lat="-33.7812783" lon="-70.2064526">
<ele>1993</ele><time>2026-09-27T18:02:34.000Z</time><extensions><gpxtpx:TrackPointExtension><gpxtpx:hr>122</gpxtpx:hr><gpxtpx:cad>30</gpxtpx:cad></gpxtpx:TrackPointExtension></extensions></trkpt>
<trkpt lat="-33.7813287" lon="-70.2064636">
<ele>1992</ele><time>2026-09-27T18:02:39.000Z</time><extensions><gpxtpx:TrackPointExtension><gpxtpx:hr>122</gpxtpx:hr><gpxtpx:cad>30</gpxtpx:cad></gpxtpx:TrackPointExtension></extensions></trkpt>
<trkpt lat="-33.7813814" lon="-70.2064812">
<ele>1990</ele><time>2026-09-27T18:02:45.000Z</time><extensions><gpxtpx:TrackPointExtension><gpxtpx:hr>119</gpxtpx:hr><gpxtpx:cad>32</gpxtpx:cad></gpxtpx:TrackPointExtension></extensions></trkpt>
<trkpt lat="-33.7814248" lon="-70.2065104">
<ele>1989</ele><time>2026-09-27T18:02:54.000Z</time><extensions><gpxtpx:TrackPointExtension><gpxtpx:hr>118</gpxtpx:hr><gpxtpx:cad>30</gpxtpx:cad></gpxtpx:TrackPointExtension></extensions></trkpt>
<trkpt lat="-33.7814643" lon="-70.2065386">
<ele>1987</ele><time>2026-09-27T18:03:02.000Z</time><extensions><gpxtpx:TrackPointExtension><gpxtpx:hr>119</gpxtpx:hr><gpxtpx:cad>29</gpxtpx:cad></gpxtpx:TrackPointExtension></extensions></trkpt>
<trkpt lat="-33.7814931" lon="-70.2064834">
<ele>1985</ele><time>2026-09-27T18:03:17.000Z</time><extensions><gpxtpx:TrackPointExtension><gpxtpx:hr>120</gpxtpx:hr><gpxtpx:cad>30</gpxtpx:cad></gpxtpx:TrackPointExtension></extensions></trkpt>
<trkpt lat="-33.7814962" lon="-70.2064255">
<ele>1982</ele><time>2026-09-27T18:03:25.000Z</time><extensions><gpxtpx:TrackPointExtension><gpxtpx:hr>118</gpxtpx:hr><gpxtpx:cad>25</gpxtpx:cad></gpxtpx:TrackPointExtension></extensions></trkpt>
<trkpt lat="-33.7815379" lon="-70.2064002">
<ele>1980</ele><time>2026-09-27T18:03:45.000Z</time><extensions><gpxtpx:TrackPointExtension><gpxtpx:hr>115</gpxtpx:hr><gpxtpx:cad>25</gpxtpx:cad></gpxtpx:TrackPointExtension></extensions></trkpt>
<trkpt lat="-33.7815809" lon="-70.2063759">
<ele>1978</ele><time>2026-09-27T18:04:01.000Z</time><extensions><gpxtpx:TrackPointExtension><gpxtpx:hr>116</gpxtpx:hr><gpxtpx:cad>25</gpxtpx:cad></gpxtpx:TrackPointExtension></extensions></trkpt>
<trkpt lat="-33.7815730" lon="-70.2063197">
<ele>1976</ele><time>2026-09-27T18:04:11.000Z</time><extensions><gpxtpx:TrackPointExtension><gpxtpx:hr>120</gpxtpx:hr><gpxtpx:cad>27</gpxtpx:cad></gpxtpx:TrackPointExtension></extensions></trkpt>
<trkpt lat="-33.7816190" lon="-70.2063143">
<ele>1974</ele><time>2026-09-27T18:04:17.000Z</time><extensions><gpxtpx:TrackPointExtension><gpxtpx:hr>122</gpxtpx:hr><gpxtpx:cad>27</gpxtpx:cad></gpxtpx:TrackPointExtension></extensions></trkpt>
<trkpt lat="-33.7816588" lon="-70.2063434">
<ele>1972</ele><time>2026-09-27T18:04:27.000Z</time><extensions><gpxtpx:TrackPointExtension><gpxtpx:hr>120</gpxtpx:hr><gpxtpx:cad>28</gpxtpx:cad></gpxtpx:TrackPointExtension></extensions></trkpt>
<trkpt lat="-33.7816960" lon="-70.2063751">
<ele>1970</ele><time>2026-09-27T18:04:35.000Z</time><extensions><gpxtpx:TrackPointExtension><gpxtpx:hr>120</gpxtpx:hr><gpxtpx:cad>26</gpxtpx:cad></gpxtpx:TrackPointExtension></extensions></trkpt>
<trkpt lat="-33.7817413" lon="-70.2063887">
<ele>1968</ele><time>2026-09-27T18:04:41.999Z</time><extensions><gpxtpx:TrackPointExtension><gpxtpx:hr>121</gpxtpx:hr><gpxtpx:cad>25</gpxtpx:cad></gpxtpx:TrackPointExtension></extensions></trkpt>
<trkpt lat="-33.7817696" lon="-70.2064316">
<ele>1966</ele><time>2026-09-27T18:05:35.999Z</time><extensions><gpxtpx:TrackPointExtension><gpxtpx:hr>115</gpxtpx:hr><gpxtpx:cad>25</gpxtpx:cad></gpxtpx:TrackPointExtension></extensions></trkpt>
<trkpt lat="-33.7818009" lon="-70.2064869">
<ele>1964</ele><time>2026-09-27T18:05:46.999Z</time><extensions><gpxtpx:TrackPointExtension><gpxtpx:hr>119</gpxtpx:hr><gpxtpx:cad>26</gpxtpx:cad></gpxtpx:TrackPointExtension></extensions></trkpt>
<trkpt lat="-33.7818447" lon="-70.2064649">
<ele>1962</ele><time>2026-09-27T18:06:01.999Z</time><extensions><gpxtpx:TrackPointExtension><gpxtpx:hr>118</gpxtpx:hr><gpxtpx:cad>26</gpxtpx:cad></gpxtpx:TrackPointExtension></extensions></trkpt>
<trkpt lat="-33.7818607" lon="-70.2064083">
<ele>1960</ele><time>2026-09-27T18:06:11.999Z</time><extensions><gpxtpx:TrackPointExtension><gpxtpx:hr>115</gpxtpx:hr><gpxtpx:cad>24</gpxtpx:cad></gpxtpx:TrackPointExtension></extensions></trkpt>
<trkpt lat="-33.7818612" lon="-70.2063472">
<ele>1958</ele><time>2026-09-27T18:06:20.999Z</time><extensions><gpxtpx:TrackPointExtension><gpxtpx:hr>115</gpxtpx:hr><gpxtpx:cad>24</gpxtpx:cad></gpxtpx:TrackPointExtension></extensions></trkpt>
<trkpt lat="-33.7818638" lon="-70.2062896">
<ele>1956</ele><time>2026-09-27T18:06:33.999Z</time><extensions><gpxtpx:TrackPointExtension><gpxtpx:hr>122</gpxtpx:hr><gpxtpx:cad>25</gpxtpx:cad></gpxtpx:TrackPointExtension></extensions></trkpt>
<trkpt lat="-33.7818981" lon="-70.2062545">
<ele>1955</ele><time>2026-09-27T18:06:56.999Z</time><extensions><gpxtpx:TrackPointExtension><gpxtpx:hr>110</gpxtpx:hr><gpxtpx:cad>24</gpxtpx:cad></gpxtpx:TrackPointExtension></extensions></trkpt>
<trkpt lat="-33.7819481" lon="-70.2062573">
<ele>1953</ele><time>2026-09-27T18:07:12.999Z</time><extensions><gpxtpx:TrackPointExtension><gpxtpx:hr>117</gpxtpx:hr><gpxtpx:cad>24</gpxtpx:cad></gpxtpx:TrackPointExtension></extensions></trkpt>
<trkpt lat="-33.7819888" lon="-70.2062820">
<ele>1951</ele><time>2026-09-27T18:07:18.999Z</time><extensions><gpxtpx:TrackPointExtension><gpxtpx:hr>112</gpxtpx:hr><gpxtpx:cad>28</gpxtpx:cad></gpxtpx:TrackPointExtension></extensions></trkpt>
<trkpt lat="-33.7820076" lon="-70.2063382">
<ele>1949</ele><time>2026-09-27T18:07:25.999Z</time><extensions><gpxtpx:TrackPointExtension><gpxtpx:hr>113</gpxtpx:hr><gpxtpx:cad>29</gpxtpx:cad></gpxtpx:TrackPointExtension></extensions></trkpt>
<trkpt lat="-33.7820282" lon="-70.2063896">
<ele>1948</ele><time>2026-09-27T18:07:32.999Z</time><extensions><gpxtpx:TrackPointExtension><gpxtpx:hr>117</gpxtpx:hr><gpxtpx:cad>26</gpxtpx:cad></gpxtpx:TrackPointExtension></extensions></trkpt>
<trkpt lat="-33.7820487" lon="-70.2063350">
<ele>1946</ele><time>2026-09-27T18:07:56.999Z</time><extensions><gpxtpx:TrackPointExtension><gpxtpx:hr>105</gpxtpx:hr><gpxtpx:cad>24</gpxtpx:cad></gpxtpx:TrackPointExtension></extensions></trkpt>
<trkpt lat="-33.7820699" lon="-70.2062792">
<ele>1945</ele><time>2026-09-27T18:08:06.999Z</time><extensions><gpxtpx:TrackPointExtension><gpxtpx:hr>113</gpxtpx:hr><gpxtpx:cad>23</gpxtpx:cad></gpxtpx:TrackPointExtension></extensions></trkpt>
<trkpt lat="-33.7821119" lon="-70.2063033">
<ele>1942</ele><time>2026-09-27T18:08:16.999Z</time><extensions><gpxtpx:TrackPointExtension><gpxtpx:hr>112</gpxtpx:hr><gpxtpx:cad>22</gpxtpx:cad></gpxtpx:TrackPointExtension></extensions></trkpt>
<trkpt lat="-33.7821522" lon="-70.2062732">
<ele>1940</ele><time>2026-09-27T18:08:35.999Z</time><extensions><gpxtpx:TrackPointExtension><gpxtpx:hr>117</gpxtpx:hr><gpxtpx:cad>23</gpxtpx:cad></gpxtpx:TrackPointExtension></extensions></trkpt>
<trkpt lat="-33.7821842" lon="-70.2062312">
<ele>1938</ele><time>2026-09-27T18:08:42.999Z</time><extensions><gpxtpx:TrackPointExtension><gpxtpx:hr>117</gpxtpx:hr><gpxtpx:cad>24</gpxtpx:cad></gpxtpx:TrackPointExtension></extensions></trkpt>
<trkpt lat="-33.7822078" lon="-70.2062878">
<ele>1936</ele><time>2026-09-27T18:08:52.999Z</time><extensions><gpxtpx:TrackPointExtension><gpxtpx:hr>118</gpxtpx:hr><gpxtpx:cad>24</gpxtpx:cad></gpxtpx:TrackPointExtension></extensions></trkpt>
<trkpt lat="-33.7822287" lon="-70.2063407">
<ele>1934</ele><time>2026-09-27T18:08:59.999Z</time><extensions><gpxtpx:TrackPointExtension><gpxtpx:hr>121</gpxtpx:hr><gpxtpx:cad>23</gpxtpx:cad></gpxtpx:TrackPointExtension></extensions></trkpt>
<trkpt lat="-33.7822484" lon="-70.2062911">
<ele>1932</ele><time>2026-09-27T18:09:20.999Z</time><extensions><gpxtpx:TrackPointExtension><gpxtpx:hr>117</gpxtpx:hr><gpxtpx:cad>22</gpxtpx:cad></gpxtpx:TrackPointExtension></extensions></trkpt>
<trkpt lat="-33.7822948" lon="-70.2062869">
<ele>1930</ele><time>2026-09-27T18:09:31.999Z</time><extensions><gpxtpx:TrackPointExtension><gpxtpx:hr>114</gpxtpx:hr><gpxtpx:cad>24</gpxtpx:cad></gpxtpx:TrackPointExtension></extensions></trkpt>
<trkpt lat="-33.7823312" lon="-70.2062444">
<ele>1928</ele><time>2026-09-27T18:09:59.999Z</time><extensions><gpxtpx:TrackPointExtension><gpxtpx:hr>120</gpxtpx:hr><gpxtpx:cad>21</gpxtpx:cad></gpxtpx:TrackPointExtension></extensions></trkpt>
<trkpt lat="-33.7823392" lon="-70.2061884">
<ele>1926</ele><time>2026-09-27T18:10:08.999Z</time><extensions><gpxtpx:TrackPointExtension><gpxtpx:hr>119</gpxtpx:hr><gpxtpx:cad>21</gpxtpx:cad></gpxtpx:TrackPointExtension></extensions></trkpt>
<trkpt lat="-33.7823087" lon="-70.2061416">
<ele>1924</ele><time>2026-09-27T18:10:23.999Z</time><extensions><gpxtpx:TrackPointExtension><gpxtpx:hr>121</gpxtpx:hr><gpxtpx:cad>22</gpxtpx:cad></gpxtpx:TrackPointExtension></extensions></trkpt>
<trkpt lat="-33.7822908" lon="-70.2060838">
<ele>1922</ele><time>2026-09-27T18:10:31.999Z</time><extensions><gpxtpx:TrackPointExtension><gpxtpx:hr>123</gpxtpx:hr><gpxtpx:cad>23</gpxtpx:cad></gpxtpx:TrackPointExtension></extensions></trkpt>
<trkpt lat="-33.7822888" lon="-70.2060289">
<ele>1920</ele><time>2026-09-27T18:10:40.999Z</time><extensions><gpxtpx:TrackPointExtension><gpxtpx:hr>120</gpxtpx:hr><gpxtpx:cad>21</gpxtpx:cad></gpxtpx:TrackPointExtension></extensions></trkpt>
<trkpt lat="-33.7823028" lon="-70.2059735">
<ele>1919</ele><time>2026-09-27T18:10:58.999Z</time><extensions><gpxtpx:TrackPointExtension><gpxtpx:hr>120</gpxtpx:hr><gpxtpx:cad>20</gpxtpx:cad></gpxtpx:TrackPointExtension></extensions></trkpt>
<trkpt lat="-33.7822722" lon="-70.2059252">
<ele>1917</ele><time>2026-09-27T18:11:09.999Z</time><extensions><gpxtpx:TrackPointExtension><gpxtpx:hr>119</gpxtpx:hr><gpxtpx:cad>22</gpxtpx:cad></gpxtpx:TrackPointExtension></extensions></trkpt>
<trkpt lat="-33.7822368" lon="-70.2058829">
<ele>1916</ele><time>2026-09-27T18:11:17.999Z</time><extensions><gpxtpx:TrackPointExtension><gpxtpx:hr>116</gpxtpx:hr><gpxtpx:cad>23</gpxtpx:cad></gpxtpx:TrackPointExtension></extensions></trkpt>
<trkpt lat="-33.7822767" lon="-70.2058492">
<ele>1914</ele><time>2026-09-27T18:11:30.999Z</time><extensions><gpxtpx:TrackPointExtension><gpxtpx:hr>117</gpxtpx:hr><gpxtpx:cad>24</gpxtpx:cad></gpxtpx:TrackPointExtension></extensions></trkpt>
<trkpt lat="-33.7823253" lon="-70.2058630">
<ele>1912</ele><time>2026-09-27T18:11:40.999Z</time><extensions><gpxtpx:TrackPointExtension><gpxtpx:hr>115</gpxtpx:hr><gpxtpx:cad>14</gpxtpx:cad></gpxtpx:TrackPointExtension></extensions></trkpt>
<trkpt lat="-33.7823689" lon="-70.2058934">
<ele>1911</ele><time>2026-09-27T18:11:52.999Z</time><extensions><gpxtpx:TrackPointExtension><gpxtpx:hr>116</gpxtpx:hr><gpxtpx:cad>14</gpxtpx:cad></gpxtpx:TrackPointExtension></extensions></trkpt>
<trkpt lat="-33.7824144" lon="-70.2059222">
<ele>1910</ele><time>2026-09-27T18:11:58.999Z</time><extensions><gpxtpx:TrackPointExtension><gpxtpx:hr>116</gpxtpx:hr><gpxtpx:cad>13</gpxtpx:cad></gpxtpx:TrackPointExtension></extensions></trkpt>
<trkpt lat="-33.7824649" lon="-70.2059377">
<ele>1909</ele><time>2026-09-27T18:12:06.999Z</time><extensions><gpxtpx:TrackPointExtension><gpxtpx:hr>114</gpxtpx:hr><gpxtpx:cad>13</gpxtpx:cad></gpxtpx:TrackPointExtension></extensions></trkpt>
<trkpt lat="-33.7825077" lon="-70.2059543">
<ele>1907</ele><time>2026-09-27T18:12:26.999Z</time><extensions><gpxtpx:TrackPointExtension><gpxtpx:hr>112</gpxtpx:hr><gpxtpx:cad>14</gpxtpx:cad></gpxtpx:TrackPointExtension></extensions></trkpt>
<trkpt lat="-33.7825548" lon="-70.2059388">
<ele>1906</ele><time>2026-09-27T18:12:44.999Z</time><extensions><gpxtpx:TrackPointExtension><gpxtpx:hr>108</gpxtpx:hr><gpxtpx:cad>14</gpxtpx:cad></gpxtpx:TrackPointExtension></extensions></trkpt>
<trkpt lat="-33.7826021" lon="-70.2059370">
<ele>1904</ele><time>2026-09-27T18:12:52.999Z</time><extensions><gpxtpx:TrackPointExtension><gpxtpx:hr>115</gpxtpx:hr><gpxtpx:cad>14</gpxtpx:cad></gpxtpx:TrackPointExtension></extensions></trkpt>
<trkpt lat="-33.7826459" lon="-70.2059557">
<ele>1901</ele><time>2026-09-27T18:13:01.999Z</time><extensions><gpxtpx:TrackPointExtension><gpxtpx:hr>117</gpxtpx:hr><gpxtpx:cad>14</gpxtpx:cad></gpxtpx:TrackPointExtension></extensions></trkpt>
<trkpt lat="-33.7826912" lon="-70.2059534">
<ele>1899</ele><time>2026-09-27T18:15:06.733Z</time><extensions><gpxtpx:TrackPointExtension><gpxtpx:hr>110</gpxtpx:hr><gpxtpx:cad>14</gpxtpx:cad></gpxtpx:TrackPointExtension></extensions></trkpt>
<trkpt lat="-33.7827304" lon="-70.2059024">
<ele>1896</ele><time>2026-09-27T18:15:24.734Z</time><extensions><gpxtpx:TrackPointExtension><gpxtpx:hr>110</gpxtpx:hr><gpxtpx:cad>13</gpxtpx:cad></gpxtpx:TrackPointExtension></extensions></trkpt>
<trkpt lat="-33.7827083" lon="-70.2058444">
<ele>1894</ele><time>2026-09-27T18:15:45.734Z</time><extensions><gpxtpx:TrackPointExtension><gpxtpx:hr>112</gpxtpx:hr><gpxtpx:cad>15</gpxtpx:cad></gpxtpx:TrackPointExtension></extensions></trkpt>
<trkpt lat="-33.7827647" lon="-70.2058378">
<ele>1891</ele><time>2026-09-27T18:15:58.734Z</time><extensions><gpxtpx:TrackPointExtension><gpxtpx:hr>113</gpxtpx:hr><gpxtpx:cad>15</gpxtpx:cad></gpxtpx:TrackPointExtension></extensions></trkpt>
<trkpt lat="-33.7828158" lon="-70.2058433">
<ele>1889</ele><time>2026-09-27T18:16:16.732Z</time><extensions><gpxtpx:TrackPointExtension><gpxtpx:hr>116</gpxtpx:hr><gpxtpx:cad>16</gpxtpx:cad></gpxtpx:TrackPointExtension></extensions></trkpt>
<trkpt lat="-33.7828696" lon="-70.2058352">
<ele>1887</ele><time>2026-09-27T18:16:27.733Z</time><extensions><gpxtpx:TrackPointExtension><gpxtpx:hr>116</gpxtpx:hr><gpxtpx:cad>17</gpxtpx:cad></gpxtpx:TrackPointExtension></extensions></trkpt>
<trkpt lat="-33.7829140" lon="-70.2058204">
<ele>1885</ele><time>2026-09-27T18:16:42.732Z</time><extensions><gpxtpx:TrackPointExtension><gpxtpx:hr>116</gpxtpx:hr><gpxtpx:cad>17</gpxtpx:cad></gpxtpx:TrackPointExtension></extensions></trkpt>
<trkpt lat="-33.7829626" lon="-70.2058111">
<ele>1883</ele><time>2026-09-27T18:16:51.732Z</time><extensions><gpxtpx:TrackPointExtension><gpxtpx:hr>109</gpxtpx:hr><gpxtpx:cad>27</gpxtpx:cad></gpxtpx:TrackPointExtension></extensions></trkpt>
<trkpt lat="-33.7830032" lon="-70.2058365">
<ele>1881</ele><time>2026-09-27T18:16:57.732Z</time><extensions><gpxtpx:TrackPointExtension><gpxtpx:hr>113</gpxtpx:hr><gpxtpx:cad>29</gpxtpx:cad></gpxtpx:TrackPointExtension></extensions></trkpt>
<trkpt lat="-33.7830503" lon="-70.2058755">
<ele>1879</ele><time>2026-09-27T18:17:06.732Z</time><extensions><gpxtpx:TrackPointExtension><gpxtpx:hr>122</gpxtpx:hr><gpxtpx:cad>32</gpxtpx:cad></gpxtpx:TrackPointExtension></extensions></trkpt>
<trkpt lat="-33.7830941" lon="-70.2059005">
<ele>1878</ele><time>2026-09-27T18:17:13.732Z</time><extensions><gpxtpx:TrackPointExtension><gpxtpx:hr>121</gpxtpx:hr><gpxtpx:cad>34</gpxtpx:cad></gpxtpx:TrackPointExtension></extensions></trkpt>
<trkpt lat="-33.7831465" lon="-70.2059156">
<ele>1876</ele><time>2026-09-27T18:17:22.732Z</time><extensions><gpxtpx:TrackPointExtension><gpxtpx:hr>114</gpxtpx:hr><gpxtpx:cad>36</gpxtpx:cad></gpxtpx:TrackPointExtension></extensions></trkpt>
<trkpt lat="-33.7831604" lon="-70.2059820">
<ele>1874</ele><time>2026-09-27T18:17:33.732Z</time><extensions><gpxtpx:TrackPointExtension><gpxtpx:hr>118</gpxtpx:hr><gpxtpx:cad>37</gpxtpx:cad></gpxtpx:TrackPointExtension></extensions></trkpt>
<trkpt lat="-33.7832066" lon="-70.2059862">
<ele>1872</ele><time>2026-09-27T18:17:50.732Z</time><extensions><gpxtpx:TrackPointExtension><gpxtpx:hr>116</gpxtpx:hr><gpxtpx:cad>37</gpxtpx:cad></gpxtpx:TrackPointExtension></extensions></trkpt>
<trkpt lat="-33.7832493" lon="-70.2059616">
<ele>1870</ele><time>2026-09-27T18:17:59.732Z</time><extensions><gpxtpx:TrackPointExtension><gpxtpx:hr>114</gpxtpx:hr><gpxtpx:cad>32</gpxtpx:cad></gpxtpx:TrackPointExtension></extensions></trkpt>
<trkpt lat="-33.7832902" lon="-70.2059867">
<ele>1868</ele><time>2026-09-27T18:18:11.732Z</time><extensions><gpxtpx:TrackPointExtension><gpxtpx:hr>119</gpxtpx:hr><gpxtpx:cad>30</gpxtpx:cad></gpxtpx:TrackPointExtension></extensions></trkpt>
<trkpt lat="-33.7833317" lon="-70.2059523">
<ele>1866</ele><time>2026-09-27T18:18:20.731Z</time><extensions><gpxtpx:TrackPointExtension><gpxtpx:hr>121</gpxtpx:hr><gpxtpx:cad>29</gpxtpx:cad></gpxtpx:TrackPointExtension></extensions></trkpt>
<trkpt lat="-33.7833498" lon="-70.2059013">
<ele>1864</ele><time>2026-09-27T18:18:29.731Z</time><extensions><gpxtpx:TrackPointExtension><gpxtpx:hr>121</gpxtpx:hr><gpxtpx:cad>27</gpxtpx:cad></gpxtpx:TrackPointExtension></extensions></trkpt>
<trkpt lat="-33.7833410" lon="-70.2058399">
<ele>1862</ele><time>2026-09-27T18:18:38.730Z</time><extensions><gpxtpx:TrackPointExtension><gpxtpx:hr>118</gpxtpx:hr><gpxtpx:cad>27</gpxtpx:cad></gpxtpx:TrackPointExtension></extensions></trkpt>
<trkpt lat="-33.7833258" lon="-70.2057824">
<ele>1861</ele><time>2026-09-27T18:18:46.730Z</time><extensions><gpxtpx:TrackPointExtension><gpxtpx:hr>123</gpxtpx:hr><gpxtpx:cad>27</gpxtpx:cad></gpxtpx:TrackPointExtension></extensions></trkpt>
<trkpt lat="-33.7833717" lon="-70.2057505">
<ele>1858</ele><time>2026-09-27T18:19:01.730Z</time><extensions><gpxtpx:TrackPointExtension><gpxtpx:hr>119</gpxtpx:hr><gpxtpx:cad>24</gpxtpx:cad></gpxtpx:TrackPointExtension></extensions></trkpt>
<trkpt lat="-33.7833993" lon="-70.2057044">
<ele>1856</ele><time>2026-09-27T18:19:19.730Z</time><extensions><gpxtpx:TrackPointExtension><gpxtpx:hr>117</gpxtpx:hr><gpxtpx:cad>23</gpxtpx:cad></gpxtpx:TrackPointExtension></extensions></trkpt>
<trkpt lat="-33.7834453" lon="-70.2056843">
<ele>1854</ele><time>2026-09-27T18:19:55.729Z</time><extensions><gpxtpx:TrackPointExtension><gpxtpx:hr>116</gpxtpx:hr><gpxtpx:cad>23</gpxtpx:cad></gpxtpx:TrackPointExtension></extensions></trkpt>
<trkpt lat="-33.7834960" lon="-70.2056793">
<ele>1852</ele><time>2026-09-27T18:20:12.729Z</time><extensions><gpxtpx:TrackPointExtension><gpxtpx:hr>120</gpxtpx:hr><gpxtpx:cad>23</gpxtpx:cad></gpxtpx:TrackPointExtension></extensions></trkpt>
<trkpt lat="-33.7835407" lon="-70.2056885">
<ele>1850</ele><time>2026-09-27T18:20:21.729Z</time><extensions><gpxtpx:TrackPointExtension><gpxtpx:hr>116</gpxtpx:hr><gpxtpx:cad>23</gpxtpx:cad></gpxtpx:TrackPointExtension></extensions></trkpt>
<trkpt lat="-33.7835856" lon="-70.2056995">
<ele>1848</ele><time>2026-09-27T18:20:35.729Z</time><extensions><gpxtpx:TrackPointExtension><gpxtpx:hr>116</gpxtpx:hr><gpxtpx:cad>25</gpxtpx:cad></gpxtpx:TrackPointExtension></extensions></trkpt>
<trkpt lat="-33.7836119" lon="-70.2056502">
<ele>1846</ele><time>2026-09-27T18:20:46.729Z</time><extensions><gpxtpx:TrackPointExtension><gpxtpx:hr>118</gpxtpx:hr><gpxtpx:cad>24</gpxtpx:cad></gpxtpx:TrackPointExtension></extensions></trkpt>
<trkpt lat="-33.7836582" lon="-70.2056668">
<ele>1844</ele><time>2026-09-27T18:21:02.729Z</time><extensions><gpxtpx:TrackPointExtension><gpxtpx:hr>123</gpxtpx:hr><gpxtpx:cad>23</gpxtpx:cad></gpxtpx:TrackPointExtension></extensions></trkpt>
<trkpt lat="-33.7837032" lon="-70.2056799">
<ele>1842</ele><time>2026-09-27T18:21:19.729Z</time><extensions><gpxtpx:TrackPointExtension><gpxtpx:hr>115</gpxtpx:hr><gpxtpx:cad>22</gpxtpx:cad></gpxtpx:TrackPointExtension></extensions></trkpt>
<trkpt lat="-33.7837467" lon="-70.2057010">
<ele>1841</ele><time>2026-09-27T18:21:26.729Z</time><extensions><gpxtpx:TrackPointExtension><gpxtpx:hr>113</gpxtpx:hr><gpxtpx:cad>20</gpxtpx:cad></gpxtpx:TrackPointExtension></extensions></trkpt>
<trkpt lat="-33.7837748" lon="-70.2057451">
<ele>1839</ele><time>2026-09-27T18:21:34.729Z</time><extensions><gpxtpx:TrackPointExtension><gpxtpx:hr>115</gpxtpx:hr><gpxtpx:cad>24</gpxtpx:cad></gpxtpx:TrackPointExtension></extensions></trkpt>
<trkpt lat="-33.7838157" lon="-70.2057697">
<ele>1838</ele><time>2026-09-27T18:21:45.729Z</time><extensions><gpxtpx:TrackPointExtension><gpxtpx:hr>118</gpxtpx:hr><gpxtpx:cad>24</gpxtpx:cad></gpxtpx:TrackPointExtension></extensions></trkpt>
<trkpt lat="-33.7838524" lon="-70.2057304">
<ele>1836</ele><time>2026-09-27T18:21:52.728Z</time><extensions><gpxtpx:TrackPointExtension><gpxtpx:hr>117</gpxtpx:hr><gpxtpx:cad>24</gpxtpx:cad></gpxtpx:TrackPointExtension></extensions></trkpt>
<trkpt lat="-33.7838640" lon="-70.2056760">
<ele>1834</ele><time>2026-09-27T18:22:03.728Z</time><extensions><gpxtpx:TrackPointExtension><gpxtpx:hr>118</gpxtpx:hr><gpxtpx:cad>27</gpxtpx:cad></gpxtpx:TrackPointExtension></extensions></trkpt>
<trkpt lat="-33.7838658" lon="-70.2056218">
<ele>1832</ele><time>2026-09-27T18:22:10.728Z</time><extensions><gpxtpx:TrackPointExtension><gpxtpx:hr>116</gpxtpx:hr><gpxtpx:cad>25</gpxtpx:cad></gpxtpx:TrackPointExtension></extensions></trkpt>
<trkpt lat="-33.7838979" lon="-70.2055816">
<ele>1831</ele><time>2026-09-27T18:22:22.728Z</time><extensions><gpxtpx:TrackPointExtension><gpxtpx:hr>117</gpxtpx:hr><gpxtpx:cad>25</gpxtpx:cad></gpxtpx:TrackPointExtension></extensions></trkpt>
<trkpt lat="-33.7839434" lon="-70.2056025">
<ele>1829</ele><time>2026-09-27T18:22:28.728Z</time><extensions><gpxtpx:TrackPointExtension><gpxtpx:hr>115</gpxtpx:hr><gpxtpx:cad>27</gpxtpx:cad></gpxtpx:TrackPointExtension></extensions></trkpt>
<trkpt lat="-33.7839390" lon="-70.2055387">
<ele>1827</ele><time>2026-09-27T18:22:46.727Z</time><extensions><gpxtpx:TrackPointExtension><gpxtpx:hr>114</gpxtpx:hr><gpxtpx:cad>23</gpxtpx:cad></gpxtpx:TrackPointExtension></extensions></trkpt>
<trkpt lat="-33.7839116" lon="-70.2054913">
<ele>1826</ele><time>2026-09-27T18:22:53.727Z</time><extensions><gpxtpx:TrackPointExtension><gpxtpx:hr>113</gpxtpx:hr><gpxtpx:cad>21</gpxtpx:cad></gpxtpx:TrackPointExtension></extensions></trkpt>
<trkpt lat="-33.7838876" lon="-70.2054329">
<ele>1824</ele><time>2026-09-27T18:23:01.727Z</time><extensions><gpxtpx:TrackPointExtension><gpxtpx:hr>112</gpxtpx:hr><gpxtpx:cad>23</gpxtpx:cad></gpxtpx:TrackPointExtension></extensions></trkpt>
<trkpt lat="-33.7838682" lon="-70.2053771">
<ele>1823</ele><time>2026-09-27T18:23:09.727Z</time><extensions><gpxtpx:TrackPointExtension><gpxtpx:hr>116</gpxtpx:hr><gpxtpx:cad>21</gpxtpx:cad></gpxtpx:TrackPointExtension></extensions></trkpt>
<trkpt lat="-33.7839087" lon="-70.2053427">
<ele>1821</ele><time>2026-09-27T18:23:32.727Z</time><extensions><gpxtpx:TrackPointExtension><gpxtpx:hr>115</gpxtpx:hr><gpxtpx:cad>20</gpxtpx:cad></gpxtpx:TrackPointExtension></extensions></trkpt>
<trkpt lat="-33.7839535" lon="-70.2053487">
<ele>1820</ele><time>2026-09-27T18:23:40.727Z</time><extensions><gpxtpx:TrackPointExtension><gpxtpx:hr>115</gpxtpx:hr><gpxtpx:cad>19</gpxtpx:cad></gpxtpx:TrackPointExtension></extensions></trkpt>
<trkpt lat="-33.7840019" lon="-70.2053678">
<ele>1818</ele><time>2026-09-27T18:23:49.727Z</time><extensions><gpxtpx:TrackPointExtension><gpxtpx:hr>117</gpxtpx:hr><gpxtpx:cad>18</gpxtpx:cad></gpxtpx:TrackPointExtension></extensions></trkpt>
<trkpt lat="-33.7840478" lon="-70.2053873">
<ele>1816</ele><time>2026-09-27T18:23:58.727Z</time><extensions><gpxtpx:TrackPointExtension><gpxtpx:hr>118</gpxtpx:hr><gpxtpx:cad>17</gpxtpx:cad></gpxtpx:TrackPointExtension></extensions></trkpt>
<trkpt lat="-33.7840929" lon="-70.2053867">
<ele>1815</ele><time>2026-09-27T18:24:39.724Z</time><extensions><gpxtpx:TrackPointExtension><gpxtpx:hr>119</gpxtpx:hr><gpxtpx:cad>17</gpxtpx:cad></gpxtpx:TrackPointExtension></extensions></trkpt>
<trkpt lat="-33.7841362" lon="-70.2054074">
<ele>1813</ele><time>2026-09-27T18:24:45.723Z</time><extensions><gpxtpx:TrackPointExtension><gpxtpx:hr>123</gpxtpx:hr><gpxtpx:cad>19</gpxtpx:cad></gpxtpx:TrackPointExtension></extensions></trkpt>
<trkpt lat="-33.7841790" lon="-70.2053828">
<ele>1812</ele><time>2026-09-27T18:24:56.723Z</time><extensions><gpxtpx:TrackPointExtension><gpxtpx:hr>116</gpxtpx:hr><gpxtpx:cad>20</gpxtpx:cad></gpxtpx:TrackPointExtension></extensions></trkpt>
<trkpt lat="-33.7842301" lon="-70.2053938">
<ele>1810</ele><time>2026-09-27T18:25:09.722Z</time><extensions><gpxtpx:TrackPointExtension><gpxtpx:hr>118</gpxtpx:hr><gpxtpx:cad>21</gpxtpx:cad></gpxtpx:TrackPointExtension></extensions></trkpt>
<trkpt lat="-33.7842691" lon="-70.2054300">
<ele>1808</ele><time>2026-09-27T18:25:15.722Z</time><extensions><gpxtpx:TrackPointExtension><gpxtpx:hr>118</gpxtpx:hr><gpxtpx:cad>19</gpxtpx:cad></gpxtpx:TrackPointExtension></extensions></trkpt>
<trkpt lat="-33.7843037" lon="-70.2054737">
<ele>1806</ele><time>2026-09-27T18:25:46.722Z</time><extensions><gpxtpx:TrackPointExtension><gpxtpx:hr>109</gpxtpx:hr><gpxtpx:cad>16</gpxtpx:cad></gpxtpx:TrackPointExtension></extensions></trkpt>
<trkpt lat="-33.7843504" lon="-70.2054860">
<ele>1805</ele><time>2026-09-27T18:26:05.722Z</time><extensions><gpxtpx:TrackPointExtension><gpxtpx:hr>112</gpxtpx:hr><gpxtpx:cad>16</gpxtpx:cad></gpxtpx:TrackPointExtension></extensions></trkpt>
<trkpt lat="-33.7843821" lon="-70.2055272">
<ele>1803</ele><time>2026-09-27T18:26:16.721Z</time><extensions><gpxtpx:TrackPointExtension><gpxtpx:hr>106</gpxtpx:hr><gpxtpx:cad>16</gpxtpx:cad></gpxtpx:TrackPointExtension></extensions></trkpt>
<trkpt lat="-33.7844278" lon="-70.2055421">
<ele>1801</ele><time>2026-09-27T18:26:30.721Z</time><extensions><gpxtpx:TrackPointExtension><gpxtpx:hr>115</gpxtpx:hr><gpxtpx:cad>18</gpxtpx:cad></gpxtpx:TrackPointExtension></extensions></trkpt>
<trkpt lat="-33.7844591" lon="-70.2055018">
<ele>1799</ele><time>2026-09-27T18:26:45.721Z</time><extensions><gpxtpx:TrackPointExtension><gpxtpx:hr>107</gpxtpx:hr><gpxtpx:cad>19</gpxtpx:cad></gpxtpx:TrackPointExtension></extensions></trkpt>
<trkpt lat="-33.7845077" lon="-70.2055208">
<ele>1798</ele><time>2026-09-27T18:27:05.722Z</time><extensions><gpxtpx:TrackPointExtension><gpxtpx:hr>111</gpxtpx:hr><gpxtpx:cad>18</gpxtpx:cad></gpxtpx:TrackPointExtension></extensions></trkpt>
<trkpt lat="-33.7845209" lon="-70.2055779">
<ele>1796</ele><time>2026-09-27T18:27:14.722Z</time><extensions><gpxtpx:TrackPointExtension><gpxtpx:hr>110</gpxtpx:hr><gpxtpx:cad>19</gpxtpx:cad></gpxtpx:TrackPointExtension></extensions></trkpt>
<trkpt lat="-33.7845733" lon="-70.2055886">
<ele>1794</ele><time>2026-09-27T18:27:28.721Z</time><extensions><gpxtpx:TrackPointExtension><gpxtpx:hr>119</gpxtpx:hr><gpxtpx:cad>19</gpxtpx:cad></gpxtpx:TrackPointExtension></extensions></trkpt>
<trkpt lat="-33.7846145" lon="-70.2055550">
<ele>1792</ele><time>2026-09-27T18:28:15.721Z</time><extensions><gpxtpx:TrackPointExtension><gpxtpx:hr>106</gpxtpx:hr><gpxtpx:cad>18</gpxtpx:cad></gpxtpx:TrackPointExtension></extensions></trkpt>
<trkpt lat="-33.7846490" lon="-70.2055122">
<ele>1790</ele><time>2026-09-27T18:28:32.721Z</time><extensions><gpxtpx:TrackPointExtension><gpxtpx:hr>115</gpxtpx:hr><gpxtpx:cad>19</gpxtpx:cad></gpxtpx:TrackPointExtension></extensions></trkpt>
<trkpt lat="-33.7846600" lon="-70.2054594">
<ele>1788</ele><time>2026-09-27T18:28:46.721Z</time><extensions><gpxtpx:TrackPointExtension><gpxtpx:hr>115</gpxtpx:hr><gpxtpx:cad>19</gpxtpx:cad></gpxtpx:TrackPointExtension></extensions></trkpt>
<trkpt lat="-33.7846600" lon="-70.2054047">
<ele>1787</ele><time>2026-09-27T18:29:09.841Z</time><extensions><gpxtpx:TrackPointExtension><gpxtpx:hr>109</gpxtpx:hr><gpxtpx:cad>19</gpxtpx:cad></gpxtpx:TrackPointExtension></extensions></trkpt>
<trkpt lat="-33.7846517" lon="-70.2053510">
<ele>1786</ele><time>2026-09-27T18:29:13.841Z</time><extensions><gpxtpx:TrackPointExtension><gpxtpx:hr>108</gpxtpx:hr><gpxtpx:cad>18</gpxtpx:cad></gpxtpx:TrackPointExtension></extensions></trkpt>
<trkpt lat="-33.7846473" lon="-70.2052937">
<ele>1784</ele><time>2026-09-27T18:29:21.842Z</time><extensions><gpxtpx:TrackPointExtension><gpxtpx:hr>114</gpxtpx:hr><gpxtpx:cad>18</gpxtpx:cad></gpxtpx:TrackPointExtension></extensions></trkpt>
<trkpt lat="-33.7846970" lon="-70.2052739">
<ele>1783</ele><time>2026-09-27T18:29:27.842Z</time><extensions><gpxtpx:TrackPointExtension><gpxtpx:hr>120</gpxtpx:hr><gpxtpx:cad>19</gpxtpx:cad></gpxtpx:TrackPointExtension></extensions></trkpt>
<trkpt lat="-33.7847370" lon="-70.2053026">
<ele>1781</ele><time>2026-09-27T18:29:32.842Z</time><extensions><gpxtpx:TrackPointExtension><gpxtpx:hr>120</gpxtpx:hr><gpxtpx:cad>19</gpxtpx:cad></gpxtpx:TrackPointExtension></extensions></trkpt>
<trkpt lat="-33.7847862" lon="-70.2053069">
<ele>1780</ele><time>2026-09-27T18:29:59.843Z</time><extensions><gpxtpx:TrackPointExtension><gpxtpx:hr>113</gpxtpx:hr><gpxtpx:cad>25</gpxtpx:cad></gpxtpx:TrackPointExtension></extensions></trkpt>
<trkpt lat="-33.7848133" lon="-70.2052630">
<ele>1778</ele><time>2026-09-27T18:30:07.843Z</time><extensions><gpxtpx:TrackPointExtension><gpxtpx:hr>114</gpxtpx:hr><gpxtpx:cad>27</gpxtpx:cad></gpxtpx:TrackPointExtension></extensions></trkpt>
<trkpt lat="-33.7848618" lon="-70.2052684">
<ele>1777</ele><time>2026-09-27T18:30:14.843Z</time><extensions><gpxtpx:TrackPointExtension><gpxtpx:hr>115</gpxtpx:hr><gpxtpx:cad>27</gpxtpx:cad></gpxtpx:TrackPointExtension></extensions></trkpt>
<trkpt lat="-33.7849038" lon="-70.2052491">
<ele>1775</ele><time>2026-09-27T18:30:27.843Z</time><extensions><gpxtpx:TrackPointExtension><gpxtpx:hr>116</gpxtpx:hr><gpxtpx:cad>27</gpxtpx:cad></gpxtpx:TrackPointExtension></extensions></trkpt>
<trkpt lat="-33.7848954" lon="-70.2051884">
<ele>1773</ele><time>2026-09-27T18:30:34.843Z</time><extensions><gpxtpx:TrackPointExtension><gpxtpx:hr>111</gpxtpx:hr><gpxtpx:cad>26</gpxtpx:cad></gpxtpx:TrackPointExtension></extensions></trkpt>
<trkpt lat="-33.7849388" lon="-70.2051522">
<ele>1772</ele><time>2026-09-27T18:30:57.843Z</time><extensions><gpxtpx:TrackPointExtension><gpxtpx:hr>115</gpxtpx:hr><gpxtpx:cad>25</gpxtpx:cad></gpxtpx:TrackPointExtension></extensions></trkpt>
<trkpt lat="-33.7849097" lon="-70.2051070">
<ele>1770</ele><time>2026-09-27T18:31:05.844Z</time><extensions><gpxtpx:TrackPointExtension><gpxtpx:hr>116</gpxtpx:hr><gpxtpx:cad>25</gpxtpx:cad></gpxtpx:TrackPointExtension></extensions></trkpt>
<trkpt lat="-33.7849035" lon="-70.2050494">
<ele>1768</ele><time>2026-09-27T18:31:19.843Z</time><extensions><gpxtpx:TrackPointExtension><gpxtpx:hr>117</gpxtpx:hr><gpxtpx:cad>25</gpxtpx:cad></gpxtpx:TrackPointExtension></extensions></trkpt>
<trkpt lat="-33.7849346" lon="-70.2050087">
<ele>1766</ele><time>2026-09-27T18:31:26.843Z</time><extensions><gpxtpx:TrackPointExtension><gpxtpx:hr>117</gpxtpx:hr><gpxtpx:cad>27</gpxtpx:cad></gpxtpx:TrackPointExtension></extensions></trkpt>
<trkpt lat="-33.7849802" lon="-70.2050024">
<ele>1765</ele><time>2026-09-27T18:31:33.843Z</time><extensions><gpxtpx:TrackPointExtension><gpxtpx:hr>113</gpxtpx:hr><gpxtpx:cad>27</gpxtpx:cad></gpxtpx:TrackPointExtension></extensions></trkpt>
<trkpt lat="-33.7850269" lon="-70.2050141">
<ele>1763</ele><time>2026-09-27T18:31:49.843Z</time><extensions><gpxtpx:TrackPointExtension><gpxtpx:hr>114</gpxtpx:hr><gpxtpx:cad>27</gpxtpx:cad></gpxtpx:TrackPointExtension></extensions></trkpt>
<trkpt lat="-33.7850637" lon="-70.2049776">
<ele>1762</ele><time>2026-09-27T18:32:02.843Z</time><extensions><gpxtpx:TrackPointExtension><gpxtpx:hr>114</gpxtpx:hr><gpxtpx:cad>28</gpxtpx:cad></gpxtpx:TrackPointExtension></extensions></trkpt>
<trkpt lat="-33.7851063" lon="-70.2049567">
<ele>1760</ele><time>2026-09-27T18:32:18.843Z</time><extensions><gpxtpx:TrackPointExtension><gpxtpx:hr>117</gpxtpx:hr><gpxtpx:cad>28</gpxtpx:cad></gpxtpx:TrackPointExtension></extensions></trkpt>
<trkpt lat="-33.7851545" lon="-70.2049603">
<ele>1759</ele><time>2026-09-27T18:32:24.843Z</time><extensions><gpxtpx:TrackPointExtension><gpxtpx:hr>113</gpxtpx:hr><gpxtpx:cad>29</gpxtpx:cad></gpxtpx:TrackPointExtension></extensions></trkpt>
<trkpt lat="-33.7852046" lon="-70.2049903">
<ele>1757</ele><time>2026-09-27T18:32:32.843Z</time><extensions><gpxtpx:TrackPointExtension><gpxtpx:hr>108</gpxtpx:hr><gpxtpx:cad>28</gpxtpx:cad></gpxtpx:TrackPointExtension></extensions></trkpt>
<trkpt lat="-33.7852485" lon="-70.2050044">
<ele>1756</ele><time>2026-09-27T18:32:38.843Z</time><extensions><gpxtpx:TrackPointExtension><gpxtpx:hr>109</gpxtpx:hr><gpxtpx:cad>27</gpxtpx:cad></gpxtpx:TrackPointExtension></extensions></trkpt>
<trkpt lat="-33.7852863" lon="-70.2050392">
<ele>1754</ele><time>2026-09-27T18:32:43.843Z</time><extensions><gpxtpx:TrackPointExtension><gpxtpx:hr>111</gpxtpx:hr><gpxtpx:cad>26</gpxtpx:cad></gpxtpx:TrackPointExtension></extensions></trkpt>
<trkpt lat="-33.7853190" lon="-70.2050779">
<ele>1753</ele><time>2026-09-27T18:32:51.843Z</time><extensions><gpxtpx:TrackPointExtension><gpxtpx:hr>118</gpxtpx:hr><gpxtpx:cad>25</gpxtpx:cad></gpxtpx:TrackPointExtension></extensions></trkpt>
<trkpt lat="-33.7853687" lon="-70.2050507">
<ele>1752</ele><time>2026-09-27T18:33:02.844Z</time><extensions><gpxtpx:TrackPointExtension><gpxtpx:hr>116</gpxtpx:hr><gpxtpx:cad>24</gpxtpx:cad></gpxtpx:TrackPointExtension></extensions></trkpt>
<trkpt lat="-33.7853497" lon="-70.2050013">
<ele>1750</ele><time>2026-09-27T18:33:22.843Z</time><extensions><gpxtpx:TrackPointExtension><gpxtpx:hr>114</gpxtpx:hr><gpxtpx:cad>25</gpxtpx:cad></gpxtpx:TrackPointExtension></extensions></trkpt>
<trkpt lat="-33.7853832" lon="-70.2049614">
<ele>1749</ele><time>2026-09-27T18:33:28.843Z</time><extensions><gpxtpx:TrackPointExtension><gpxtpx:hr>115</gpxtpx:hr><gpxtpx:cad>24</gpxtpx:cad></gpxtpx:TrackPointExtension></extensions></trkpt>
<trkpt lat="-33.7853823" lon="-70.2049053">
<ele>1747</ele><time>2026-09-27T18:33:35.843Z</time><extensions><gpxtpx:TrackPointExtension><gpxtpx:hr>115</gpxtpx:hr><gpxtpx:cad>26</gpxtpx:cad></gpxtpx:TrackPointExtension></extensions></trkpt>
<trkpt lat="-33.7854309" lon="-70.2049382">
<ele>1746</ele><time>2026-09-27T18:33:49.843Z</time><extensions><gpxtpx:TrackPointExtension><gpxtpx:hr>112</gpxtpx:hr><gpxtpx:cad>26</gpxtpx:cad></gpxtpx:TrackPointExtension></extensions></trkpt>
<trkpt lat="-33.7854653" lon="-70.2049763">
<ele>1744</ele><time>2026-09-27T18:33:59.843Z</time><extensions><gpxtpx:TrackPointExtension><gpxtpx:hr>113</gpxtpx:hr><gpxtpx:cad>26</gpxtpx:cad></gpxtpx:TrackPointExtension></extensions></trkpt>
<trkpt lat="-33.7855034" lon="-70.2050079">
<ele>1742</ele><time>2026-09-27T18:34:11.843Z</time><extensions><gpxtpx:TrackPointExtension><gpxtpx:hr>113</gpxtpx:hr><gpxtpx:cad>26</gpxtpx:cad></gpxtpx:TrackPointExtension></extensions></trkpt>
<trkpt lat="-33.7855432" lon="-70.2050475">
<ele>1740</ele><time>2026-09-27T18:34:19.843Z</time><extensions><gpxtpx:TrackPointExtension><gpxtpx:hr>117</gpxtpx:hr><gpxtpx:cad>26</gpxtpx:cad></gpxtpx:TrackPointExtension></extensions></trkpt>
<trkpt lat="-33.7856013" lon="-70.2050314">
<ele>1738</ele><time>2026-09-27T18:34:33.843Z</time><extensions><gpxtpx:TrackPointExtension><gpxtpx:hr>113</gpxtpx:hr><gpxtpx:cad>28</gpxtpx:cad></gpxtpx:TrackPointExtension></extensions></trkpt>
<trkpt lat="-33.7856447" lon="-70.2050119">
<ele>1736</ele><time>2026-09-27T18:34:39.844Z</time><extensions><gpxtpx:TrackPointExtension><gpxtpx:hr>114</gpxtpx:hr><gpxtpx:cad>29</gpxtpx:cad></gpxtpx:TrackPointExtension></extensions></trkpt>
<trkpt lat="-33.7856872" lon="-70.2049860">
<ele>1734</ele><time>2026-09-27T18:35:03.844Z</time><extensions><gpxtpx:TrackPointExtension><gpxtpx:hr>114</gpxtpx:hr><gpxtpx:cad>29</gpxtpx:cad></gpxtpx:TrackPointExtension></extensions></trkpt>
<trkpt lat="-33.7856863" lon="-70.2049277">
<ele>1732</ele><time>2026-09-27T18:35:11.844Z</time><extensions><gpxtpx:TrackPointExtension><gpxtpx:hr>115</gpxtpx:hr><gpxtpx:cad>29</gpxtpx:cad></gpxtpx:TrackPointExtension></extensions></trkpt>
<trkpt lat="-33.7857316" lon="-70.2049261">
<ele>1730</ele><time>2026-09-27T18:35:21.843Z</time><extensions><gpxtpx:TrackPointExtension><gpxtpx:hr>118</gpxtpx:hr><gpxtpx:cad>29</gpxtpx:cad></gpxtpx:TrackPointExtension></extensions></trkpt>
<trkpt lat="-33.7857617" lon="-70.2048851">
<ele>1728</ele><time>2026-09-27T18:35:42.843Z</time><extensions><gpxtpx:TrackPointExtension><gpxtpx:hr>118</gpxtpx:hr><gpxtpx:cad>28</gpxtpx:cad></gpxtpx:TrackPointExtension></extensions></trkpt>
<trkpt lat="-33.7857568" lon="-70.2048293">
<ele>1726</ele><time>2026-09-27T18:35:50.843Z</time><extensions><gpxtpx:TrackPointExtension><gpxtpx:hr>119</gpxtpx:hr><gpxtpx:cad>28</gpxtpx:cad></gpxtpx:TrackPointExtension></extensions></trkpt>
<trkpt lat="-33.7858057" lon="-70.2048291">
<ele>1724</ele><time>2026-09-27T18:35:58.843Z</time><extensions><gpxtpx:TrackPointExtension><gpxtpx:hr>114</gpxtpx:hr><gpxtpx:cad>29</gpxtpx:cad></gpxtpx:TrackPointExtension></extensions></trkpt>
<trkpt lat="-33.7858499" lon="-70.2048556">
<ele>1722</ele><time>2026-09-27T18:36:04.843Z</time><extensions><gpxtpx:TrackPointExtension><gpxtpx:hr>116</gpxtpx:hr><gpxtpx:cad>30</gpxtpx:cad></gpxtpx:TrackPointExtension></extensions></trkpt>
<trkpt lat="-33.7858986" lon="-70.2048668">
<ele>1721</ele><time>2026-09-27T18:36:11.843Z</time><extensions><gpxtpx:TrackPointExtension><gpxtpx:hr>117</gpxtpx:hr><gpxtpx:cad>31</gpxtpx:cad></gpxtpx:TrackPointExtension></extensions></trkpt>
<trkpt lat="-33.7859379" lon="-70.2048964">
<ele>1719</ele><time>2026-09-27T18:36:16.843Z</time><extensions><gpxtpx:TrackPointExtension><gpxtpx:hr>118</gpxtpx:hr><gpxtpx:cad>29</gpxtpx:cad></gpxtpx:TrackPointExtension></extensions></trkpt>
<trkpt lat="-33.7859723" lon="-70.2048551">
<ele>1718</ele><time>2026-09-27T18:36:25.843Z</time><extensions><gpxtpx:TrackPointExtension><gpxtpx:hr>118</gpxtpx:hr><gpxtpx:cad>29</gpxtpx:cad></gpxtpx:TrackPointExtension></extensions></trkpt>
<trkpt lat="-33.7860151" lon="-70.2048331">
<ele>1716</ele><time>2026-09-27T18:36:38.843Z</time><extensions><gpxtpx:TrackPointExtension><gpxtpx:hr>117</gpxtpx:hr><gpxtpx:cad>28</gpxtpx:cad></gpxtpx:TrackPointExtension></extensions></trkpt>
<trkpt lat="-33.7860561" lon="-70.2048560">
<ele>1714</ele><time>2026-09-27T18:36:48.844Z</time><extensions><gpxtpx:TrackPointExtension><gpxtpx:hr>119</gpxtpx:hr><gpxtpx:cad>30</gpxtpx:cad></gpxtpx:TrackPointExtension></extensions></trkpt>
<trkpt lat="-33.7861021" lon="-70.2048305">
<ele>1712</ele><time>2026-09-27T18:37:13.844Z</time><extensions><gpxtpx:TrackPointExtension><gpxtpx:hr>120</gpxtpx:hr><gpxtpx:cad>30</gpxtpx:cad></gpxtpx:TrackPointExtension></extensions></trkpt>
<trkpt lat="-33.7861423" lon="-70.2047960">
<ele>1710</ele><time>2026-09-27T18:37:19.844Z</time><extensions><gpxtpx:TrackPointExtension><gpxtpx:hr>114</gpxtpx:hr><gpxtpx:cad>31</gpxtpx:cad></gpxtpx:TrackPointExtension></extensions></trkpt>
<trkpt lat="-33.7861316" lon="-70.2047416">
<ele>1708</ele><time>2026-09-27T18:37:26.845Z</time><extensions><gpxtpx:TrackPointExtension><gpxtpx:hr>117</gpxtpx:hr><gpxtpx:cad>31</gpxtpx:cad></gpxtpx:TrackPointExtension></extensions></trkpt>
<trkpt lat="-33.7861086" lon="-70.2046887">
<ele>1707</ele><time>2026-09-27T18:37:34.844Z</time><extensions><gpxtpx:TrackPointExtension><gpxtpx:hr>118</gpxtpx:hr><gpxtpx:cad>29</gpxtpx:cad></gpxtpx:TrackPointExtension></extensions></trkpt>
<trkpt lat="-33.7861554" lon="-70.2046669">
<ele>1705</ele><time>2026-09-27T18:38:16.845Z</time><extensions><gpxtpx:TrackPointExtension><gpxtpx:hr>116</gpxtpx:hr><gpxtpx:cad>29</gpxtpx:cad></gpxtpx:TrackPointExtension></extensions></trkpt>
<trkpt lat="-33.7862089" lon="-70.2046565">
<ele>1704</ele><time>2026-09-27T18:38:25.845Z</time><extensions><gpxtpx:TrackPointExtension><gpxtpx:hr>114</gpxtpx:hr><gpxtpx:cad>28</gpxtpx:cad></gpxtpx:TrackPointExtension></extensions></trkpt>
<trkpt lat="-33.7862532" lon="-70.2046382">
<ele>1702</ele><time>2026-09-27T18:38:36.845Z</time><extensions><gpxtpx:TrackPointExtension><gpxtpx:hr>119</gpxtpx:hr><gpxtpx:cad>27</gpxtpx:cad></gpxtpx:TrackPointExtension></extensions></trkpt>
<trkpt lat="-33.7862972" lon="-70.2046509">
<ele>1700</ele><time>2026-09-27T18:38:44.845Z</time><extensions><gpxtpx:TrackPointExtension><gpxtpx:hr>115</gpxtpx:hr><gpxtpx:cad>28</gpxtpx:cad></gpxtpx:TrackPointExtension></extensions></trkpt>
<trkpt lat="-33.7863290" lon="-70.2047028">
<ele>1698</ele><time>2026-09-27T18:38:50.845Z</time><extensions><gpxtpx:TrackPointExtension><gpxtpx:hr>117</gpxtpx:hr><gpxtpx:cad>28</gpxtpx:cad></gpxtpx:TrackPointExtension></extensions></trkpt>
<trkpt lat="-33.7863560" lon="-70.2046516">
<ele>1697</ele><time>2026-09-27T18:38:57.845Z</time><extensions><gpxtpx:TrackPointExtension><gpxtpx:hr>117</gpxtpx:hr><gpxtpx:cad>28</gpxtpx:cad></gpxtpx:TrackPointExtension></extensions></trkpt>
<trkpt lat="-33.7864023" lon="-70.2046337">
<ele>1695</ele><time>2026-09-27T18:39:11.845Z</time><extensions><gpxtpx:TrackPointExtension><gpxtpx:hr>121</gpxtpx:hr><gpxtpx:cad>27</gpxtpx:cad></gpxtpx:TrackPointExtension></extensions></trkpt>
<trkpt lat="-33.7864537" lon="-70.2046017">
<ele>1694</ele><time>2026-09-27T18:39:32.844Z</time><extensions><gpxtpx:TrackPointExtension><gpxtpx:hr>111</gpxtpx:hr><gpxtpx:cad>27</gpxtpx:cad></gpxtpx:TrackPointExtension></extensions></trkpt>
<trkpt lat="-33.7864380" lon="-70.2045484">
<ele>1692</ele><time>2026-09-27T18:39:38.844Z</time><extensions><gpxtpx:TrackPointExtension><gpxtpx:hr>113</gpxtpx:hr><gpxtpx:cad>31</gpxtpx:cad></gpxtpx:TrackPointExtension></extensions></trkpt>
<trkpt lat="-33.7864767" lon="-70.2045099">
<ele>1690</ele><time>2026-09-27T18:39:51.844Z</time><extensions><gpxtpx:TrackPointExtension><gpxtpx:hr>114</gpxtpx:hr><gpxtpx:cad>32</gpxtpx:cad></gpxtpx:TrackPointExtension></extensions></trkpt>
<trkpt lat="-33.7865313" lon="-70.2045112">
<ele>1688</ele><time>2026-09-27T18:40:06.844Z</time><extensions><gpxtpx:TrackPointExtension><gpxtpx:hr>115</gpxtpx:hr><gpxtpx:cad>33</gpxtpx:cad></gpxtpx:TrackPointExtension></extensions></trkpt>
<trkpt lat="-33.7865691" lon="-70.2044813">
<ele>1686</ele><time>2026-09-27T18:40:23.844Z</time><extensions><gpxtpx:TrackPointExtension><gpxtpx:hr>116</gpxtpx:hr><gpxtpx:cad>31</gpxtpx:cad></gpxtpx:TrackPointExtension></extensions></trkpt>
<trkpt lat="-33.7866194" lon="-70.2044926">
<ele>1684</ele><time>2026-09-27T18:40:29.844Z</time><extensions><gpxtpx:TrackPointExtension><gpxtpx:hr>114</gpxtpx:hr><gpxtpx:cad>30</gpxtpx:cad></gpxtpx:TrackPointExtension></extensions></trkpt>
<trkpt lat="-33.7866601" lon="-70.2045155">
<ele>1682</ele><time>2026-09-27T18:40:44.845Z</time><extensions><gpxtpx:TrackPointExtension><gpxtpx:hr>115</gpxtpx:hr><gpxtpx:cad>30</gpxtpx:cad></gpxtpx:TrackPointExtension></extensions></trkpt>
<trkpt lat="-33.7866981" lon="-70.2044752">
<ele>1681</ele><time>2026-09-27T18:40:55.845Z</time><extensions><gpxtpx:TrackPointExtension><gpxtpx:hr>114</gpxtpx:hr><gpxtpx:cad>27</gpxtpx:cad></gpxtpx:TrackPointExtension></extensions></trkpt>
<trkpt lat="-33.7867443" lon="-70.2044711">
<ele>1679</ele><time>2026-09-27T18:41:03.845Z</time><extensions><gpxtpx:TrackPointExtension><gpxtpx:hr>113</gpxtpx:hr><gpxtpx:cad>28</gpxtpx:cad></gpxtpx:TrackPointExtension></extensions></trkpt>
<trkpt lat="-33.7867552" lon="-70.2045343">
<ele>1677</ele><time>2026-09-27T18:41:13.845Z</time><extensions><gpxtpx:TrackPointExtension><gpxtpx:hr>114</gpxtpx:hr><gpxtpx:cad>29</gpxtpx:cad></gpxtpx:TrackPointExtension></extensions></trkpt>
<trkpt lat="-33.7868012" lon="-70.2045444">
<ele>1676</ele><time>2026-09-27T18:41:22.845Z</time><extensions><gpxtpx:TrackPointExtension><gpxtpx:hr>116</gpxtpx:hr><gpxtpx:cad>29</gpxtpx:cad></gpxtpx:TrackPointExtension></extensions></trkpt>
<trkpt lat="-33.7868424" lon="-70.2045112">
<ele>1674</ele><time>2026-09-27T18:41:33.844Z</time><extensions><gpxtpx:TrackPointExtension><gpxtpx:hr>116</gpxtpx:hr><gpxtpx:cad>29</gpxtpx:cad></gpxtpx:TrackPointExtension></extensions></trkpt>
<trkpt lat="-33.7868750" lon="-70.2044671">
<ele>1673</ele><time>2026-09-27T18:41:38.845Z</time><extensions><gpxtpx:TrackPointExtension><gpxtpx:hr>115</gpxtpx:hr><gpxtpx:cad>28</gpxtpx:cad></gpxtpx:TrackPointExtension></extensions></trkpt>
<trkpt lat="-33.7869165" lon="-70.2044387">
<ele>1671</ele><time>2026-09-27T18:41:45.844Z</time><extensions><gpxtpx:TrackPointExtension><gpxtpx:hr>113</gpxtpx:hr><gpxtpx:cad>29</gpxtpx:cad></gpxtpx:TrackPointExtension></extensions></trkpt>
<trkpt lat="-33.7869494" lon="-70.2043880">
<ele>1670</ele><time>2026-09-27T18:41:52.844Z</time><extensions><gpxtpx:TrackPointExtension><gpxtpx:hr>113</gpxtpx:hr><gpxtpx:cad>30</gpxtpx:cad></gpxtpx:TrackPointExtension></extensions></trkpt>
<trkpt lat="-33.7869260" lon="-70.2043405">
<ele>1668</ele><time>2026-09-27T18:42:15.844Z</time><extensions><gpxtpx:TrackPointExtension><gpxtpx:hr>113</gpxtpx:hr><gpxtpx:cad>29</gpxtpx:cad></gpxtpx:TrackPointExtension></extensions></trkpt>
<trkpt lat="-33.7869711" lon="-70.2043232">
<ele>1667</ele><time>2026-09-27T18:42:24.845Z</time><extensions><gpxtpx:TrackPointExtension><gpxtpx:hr>112</gpxtpx:hr><gpxtpx:cad>28</gpxtpx:cad></gpxtpx:TrackPointExtension></extensions></trkpt>
<trkpt lat="-33.7870093" lon="-70.2043663">
<ele>1665</ele><time>2026-09-27T18:42:39.844Z</time><extensions><gpxtpx:TrackPointExtension><gpxtpx:hr>113</gpxtpx:hr><gpxtpx:cad>30</gpxtpx:cad></gpxtpx:TrackPointExtension></extensions></trkpt>
<trkpt lat="-33.7870472" lon="-70.2043966">
<ele>1664</ele><time>2026-09-27T18:42:53.844Z</time><extensions><gpxtpx:TrackPointExtension><gpxtpx:hr>115</gpxtpx:hr><gpxtpx:cad>28</gpxtpx:cad></gpxtpx:TrackPointExtension></extensions></trkpt>
<trkpt lat="-33.7870554" lon="-70.2044550">
<ele>1662</ele><time>2026-09-27T18:43:06.844Z</time><extensions><gpxtpx:TrackPointExtension><gpxtpx:hr>107</gpxtpx:hr><gpxtpx:cad>29</gpxtpx:cad></gpxtpx:TrackPointExtension></extensions></trkpt>
<trkpt lat="-33.7870700" lon="-70.2045171">
<ele>1660</ele><time>2026-09-27T18:43:15.844Z</time><extensions><gpxtpx:TrackPointExtension><gpxtpx:hr>111</gpxtpx:hr><gpxtpx:cad>27</gpxtpx:cad></gpxtpx:TrackPointExtension></extensions></trkpt>
<trkpt lat="-33.7871212" lon="-70.2045343">
<ele>1658</ele><time>2026-09-27T18:43:27.844Z</time><extensions><gpxtpx:TrackPointExtension><gpxtpx:hr>115</gpxtpx:hr><gpxtpx:cad>28</gpxtpx:cad></gpxtpx:TrackPointExtension></extensions></trkpt>
<trkpt lat="-33.7871328" lon="-70.2044798">
<ele>1656</ele><time>2026-09-27T18:43:34.844Z</time><extensions><gpxtpx:TrackPointExtension><gpxtpx:hr>116</gpxtpx:hr><gpxtpx:cad>28</gpxtpx:cad></gpxtpx:TrackPointExtension></extensions></trkpt>
<trkpt lat="-33.7871777" lon="-70.2044964">
<ele>1654</ele><time>2026-09-27T18:43:48.844Z</time><extensions><gpxtpx:TrackPointExtension><gpxtpx:hr>117</gpxtpx:hr><gpxtpx:cad>31</gpxtpx:cad></gpxtpx:TrackPointExtension></extensions></trkpt>
<trkpt lat="-33.7872149" lon="-70.2044649">
<ele>1652</ele><time>2026-09-27T18:43:54.844Z</time><extensions><gpxtpx:TrackPointExtension><gpxtpx:hr>116</gpxtpx:hr><gpxtpx:cad>31</gpxtpx:cad></gpxtpx:TrackPointExtension></extensions></trkpt>
<trkpt lat="-33.7872564" lon="-70.2044441">
<ele>1651</ele><time>2026-09-27T18:44:01.844Z</time><extensions><gpxtpx:TrackPointExtension><gpxtpx:hr>116</gpxtpx:hr><gpxtpx:cad>33</gpxtpx:cad></gpxtpx:TrackPointExtension></extensions></trkpt>
<trkpt lat="-33.7872923" lon="-70.2044013">
<ele>1649</ele><time>2026-09-27T18:44:08.844Z</time><extensions><gpxtpx:TrackPointExtension><gpxtpx:hr>117</gpxtpx:hr><gpxtpx:cad>33</gpxtpx:cad></gpxtpx:TrackPointExtension></extensions></trkpt>
<trkpt lat="-33.7873181" lon="-70.2043531">
<ele>1648</ele><time>2026-09-27T18:44:14.844Z</time><extensions><gpxtpx:TrackPointExtension><gpxtpx:hr>117</gpxtpx:hr><gpxtpx:cad>8</gpxtpx:cad></gpxtpx:TrackPointExtension></extensions></trkpt>
<trkpt lat="-33.7873370" lon="-70.2043025">
<ele>1646</ele><time>2026-09-27T18:44:27.861Z</time><extensions><gpxtpx:TrackPointExtension><gpxtpx:hr>121</gpxtpx:hr><gpxtpx:cad>8</gpxtpx:cad></gpxtpx:TrackPointExtension></extensions></trkpt>
<trkpt lat="-33.7873707" lon="-70.2042641">
<ele>1644</ele><time>2026-09-27T18:44:33.868Z</time><extensions><gpxtpx:TrackPointExtension><gpxtpx:hr>122</gpxtpx:hr><gpxtpx:cad>8</gpxtpx:cad></gpxtpx:TrackPointExtension></extensions></trkpt>
<trkpt lat="-33.7874132" lon="-70.2042821">
<ele>1642</ele><time>2026-09-27T18:44:44.876Z</time><extensions><gpxtpx:TrackPointExtension><gpxtpx:hr>124</gpxtpx:hr><gpxtpx:cad>8</gpxtpx:cad></gpxtpx:TrackPointExtension></extensions></trkpt>
<trkpt lat="-33.7874182" lon="-70.2043407">
<ele>1641</ele><time>2026-09-27T18:44:54.880Z</time><extensions><gpxtpx:TrackPointExtension><gpxtpx:hr>118</gpxtpx:hr><gpxtpx:cad>7</gpxtpx:cad></gpxtpx:TrackPointExtension></extensions></trkpt>
<trkpt lat="-33.7874074" lon="-70.2044017">
<ele>1640</ele><time>2026-09-27T18:45:00.881Z</time><extensions><gpxtpx:TrackPointExtension><gpxtpx:hr>117</gpxtpx:hr><gpxtpx:cad>7</gpxtpx:cad></gpxtpx:TrackPointExtension></extensions></trkpt>
<trkpt lat="-33.7874136" lon="-70.2044600">
<ele>1639</ele><time>2026-09-27T18:45:10.882Z</time><extensions><gpxtpx:TrackPointExtension><gpxtpx:hr>114</gpxtpx:hr><gpxtpx:cad>7</gpxtpx:cad></gpxtpx:TrackPointExtension></extensions></trkpt>
<trkpt lat="-33.7873833" lon="-70.2045003">
<ele>1639</ele><time>2026-09-27T18:45:18.883Z</time><extensions><gpxtpx:TrackPointExtension><gpxtpx:hr>113</gpxtpx:hr><gpxtpx:cad>7</gpxtpx:cad></gpxtpx:TrackPointExtension></extensions></trkpt>
<trkpt lat="-33.7874062" lon="-70.2045480">
<ele>1638</ele><time>2026-09-27T18:56:28.887Z</time><extensions><gpxtpx:TrackPointExtension><gpxtpx:hr>97</gpxtpx:hr><gpxtpx:cad>7</gpxtpx:cad></gpxtpx:TrackPointExtension></extensions></trkpt>
<trkpt lat="-33.7874013" lon="-70.2046056">
<ele>1637</ele><time>2026-09-27T18:56:37.887Z</time><extensions><gpxtpx:TrackPointExtension><gpxtpx:hr>107</gpxtpx:hr><gpxtpx:cad>7</gpxtpx:cad></gpxtpx:TrackPointExtension></extensions></trkpt>
<trkpt lat="-33.7873855" lon="-70.2046579">
<ele>1636</ele><time>2026-09-27T18:56:46.888Z</time><extensions><gpxtpx:TrackPointExtension><gpxtpx:hr>114</gpxtpx:hr><gpxtpx:cad>7</gpxtpx:cad></gpxtpx:TrackPointExtension></extensions></trkpt>
<trkpt lat="-33.7873875" lon="-70.2047136">
<ele>1634</ele><time>2026-09-27T18:56:53.888Z</time><extensions><gpxtpx:TrackPointExtension><gpxtpx:hr>112</gpxtpx:hr><gpxtpx:cad>7</gpxtpx:cad></gpxtpx:TrackPointExtension></extensions></trkpt>
<trkpt lat="-33.7873879" lon="-70.2047697">
<ele>1633</ele><time>2026-09-27T18:57:06.888Z</time><extensions><gpxtpx:TrackPointExtension><gpxtpx:hr>113</gpxtpx:hr><gpxtpx:cad>7</gpxtpx:cad></gpxtpx:TrackPointExtension></extensions></trkpt>
<trkpt lat="-33.7874026" lon="-70.2048318">
<ele>1631</ele><time>2026-09-27T18:57:23.888Z</time><extensions><gpxtpx:TrackPointExtension><gpxtpx:hr>109</gpxtpx:hr><gpxtpx:cad>7</gpxtpx:cad></gpxtpx:TrackPointExtension></extensions></trkpt>
<trkpt lat="-33.7874062" lon="-70.2048870">
<ele>1629</ele><time>2026-09-27T18:57:37.888Z</time><extensions><gpxtpx:TrackPointExtension><gpxtpx:hr>113</gpxtpx:hr><gpxtpx:cad>7</gpxtpx:cad></gpxtpx:TrackPointExtension></extensions></trkpt>
<trkpt lat="-33.7874039" lon="-70.2049451">
<ele>1628</ele><time>2026-09-27T18:57:54.888Z</time><extensions><gpxtpx:TrackPointExtension><gpxtpx:hr>112</gpxtpx:hr><gpxtpx:cad>7</gpxtpx:cad></gpxtpx:TrackPointExtension></extensions></trkpt>
<trkpt lat="-33.7874104" lon="-70.2050036">
<ele>1626</ele><time>2026-09-27T18:58:08.888Z</time><extensions><gpxtpx:TrackPointExtension><gpxtpx:hr>117</gpxtpx:hr><gpxtpx:cad>26</gpxtpx:cad></gpxtpx:TrackPointExtension></extensions></trkpt>
<trkpt lat="-33.7874107" lon="-70.2050581">
<ele>1624</ele><time>2026-09-27T18:58:22.888Z</time><extensions><gpxtpx:TrackPointExtension><gpxtpx:hr>107</gpxtpx:hr><gpxtpx:cad>25</gpxtpx:cad></gpxtpx:TrackPointExtension></extensions></trkpt>
<trkpt lat="-33.7873924" lon="-70.2051126">
<ele>1622</ele><time>2026-09-27T18:58:32.888Z</time><extensions><gpxtpx:TrackPointExtension><gpxtpx:hr>113</gpxtpx:hr><gpxtpx:cad>24</gpxtpx:cad></gpxtpx:TrackPointExtension></extensions></trkpt>
<trkpt lat="-33.7873827" lon="-70.2051707">
<ele>1621</ele><time>2026-09-27T18:58:40.888Z</time><extensions><gpxtpx:TrackPointExtension><gpxtpx:hr>115</gpxtpx:hr><gpxtpx:cad>24</gpxtpx:cad></gpxtpx:TrackPointExtension></extensions></trkpt>
<trkpt lat="-33.7873715" lon="-70.2052257">
<ele>1620</ele><time>2026-09-27T18:58:51.888Z</time><extensions><gpxtpx:TrackPointExtension><gpxtpx:hr>114</gpxtpx:hr><gpxtpx:cad>24</gpxtpx:cad></gpxtpx:TrackPointExtension></extensions></trkpt>
<trkpt lat="-33.7873531" lon="-70.2052777">
<ele>1618</ele><time>2026-09-27T18:58:59.888Z</time><extensions><gpxtpx:TrackPointExtension><gpxtpx:hr>113</gpxtpx:hr><gpxtpx:cad>25</gpxtpx:cad></gpxtpx:TrackPointExtension></extensions></trkpt>
<trkpt lat="-33.7873407" lon="-70.2053303">
<ele>1617</ele><time>2026-09-27T18:59:11.888Z</time><extensions><gpxtpx:TrackPointExtension><gpxtpx:hr>110</gpxtpx:hr><gpxtpx:cad>27</gpxtpx:cad></gpxtpx:TrackPointExtension></extensions></trkpt>
<trkpt lat="-33.7873431" lon="-70.2053867">
<ele>1615</ele><time>2026-09-27T18:59:21.889Z</time><extensions><gpxtpx:TrackPointExtension><gpxtpx:hr>109</gpxtpx:hr><gpxtpx:cad>25</gpxtpx:cad></gpxtpx:TrackPointExtension></extensions></trkpt>
<trkpt lat="-33.7873253" lon="-70.2054433">
<ele>1614</ele><time>2026-09-27T18:59:34.889Z</time><extensions><gpxtpx:TrackPointExtension><gpxtpx:hr>112</gpxtpx:hr><gpxtpx:cad>26</gpxtpx:cad></gpxtpx:TrackPointExtension></extensions></trkpt>
<trkpt lat="-33.7873074" lon="-70.2054944">
<ele>1612</ele><time>2026-09-27T18:59:50.889Z</time><extensions><gpxtpx:TrackPointExtension><gpxtpx:hr>113</gpxtpx:hr><gpxtpx:cad>26</gpxtpx:cad></gpxtpx:TrackPointExtension></extensions></trkpt>
<trkpt lat="-33.7873303" lon="-70.2055518">
<ele>1610</ele><time>2026-09-27T19:00:11.902Z</time><extensions><gpxtpx:TrackPointExtension><gpxtpx:hr>110</gpxtpx:hr><gpxtpx:cad>26</gpxtpx:cad></gpxtpx:TrackPointExtension></extensions></trkpt>
<trkpt lat="-33.7873296" lon="-70.2056067">
<ele>1608</ele><time>2026-09-27T19:00:18.904Z</time><extensions><gpxtpx:TrackPointExtension><gpxtpx:hr>107</gpxtpx:hr><gpxtpx:cad>25</gpxtpx:cad></gpxtpx:TrackPointExtension></extensions></trkpt>
<trkpt lat="-33.7873313" lon="-70.2056636">
<ele>1606</ele><time>2026-09-27T19:00:30.905Z</time><extensions><gpxtpx:TrackPointExtension><gpxtpx:hr>112</gpxtpx:hr><gpxtpx:cad>25</gpxtpx:cad></gpxtpx:TrackPointExtension></extensions></trkpt>
<trkpt lat="-33.7873372" lon="-70.2057183">
<ele>1604</ele><time>2026-09-27T19:00:39.906Z</time><extensions><gpxtpx:TrackPointExtension><gpxtpx:hr>111</gpxtpx:hr><gpxtpx:cad>26</gpxtpx:cad></gpxtpx:TrackPointExtension></extensions></trkpt>
<trkpt lat="-33.7873466" lon="-70.2057748">
<ele>1602</ele><time>2026-09-27T19:00:49.907Z</time><extensions><gpxtpx:TrackPointExtension><gpxtpx:hr>114</gpxtpx:hr><gpxtpx:cad>26</gpxtpx:cad></gpxtpx:TrackPointExtension></extensions></trkpt>
<trkpt lat="-33.7873526" lon="-70.2058286">
<ele>1601</ele><time>2026-09-27T19:01:03.907Z</time><extensions><gpxtpx:TrackPointExtension><gpxtpx:hr>116</gpxtpx:hr><gpxtpx:cad>26</gpxtpx:cad></gpxtpx:TrackPointExtension></extensions></trkpt>
<trkpt lat="-33.7873400" lon="-70.2058858">
<ele>1599</ele><time>2026-09-27T19:01:12.907Z</time><extensions><gpxtpx:TrackPointExtension><gpxtpx:hr>114</gpxtpx:hr><gpxtpx:cad>26</gpxtpx:cad></gpxtpx:TrackPointExtension></extensions></trkpt>
<trkpt lat="-33.7873421" lon="-70.2059421">
<ele>1597</ele><time>2026-09-27T19:01:21.908Z</time><extensions><gpxtpx:TrackPointExtension><gpxtpx:hr>114</gpxtpx:hr><gpxtpx:cad>27</gpxtpx:cad></gpxtpx:TrackPointExtension></extensions></trkpt>
<trkpt lat="-33.7873456" lon="-70.2059981">
<ele>1595</ele><time>2026-09-27T19:01:28.908Z</time><extensions><gpxtpx:TrackPointExtension><gpxtpx:hr>112</gpxtpx:hr><gpxtpx:cad>30</gpxtpx:cad></gpxtpx:TrackPointExtension></extensions></trkpt>
<trkpt lat="-33.7873685" lon="-70.2060675">
<ele>1594</ele><time>2026-09-27T19:01:40.908Z</time><extensions><gpxtpx:TrackPointExtension><gpxtpx:hr>115</gpxtpx:hr><gpxtpx:cad>28</gpxtpx:cad></gpxtpx:TrackPointExtension></extensions></trkpt>
<trkpt lat="-33.7873712" lon="-70.2061218">
<ele>1592</ele><time>2026-09-27T19:01:50.908Z</time><extensions><gpxtpx:TrackPointExtension><gpxtpx:hr>114</gpxtpx:hr><gpxtpx:cad>32</gpxtpx:cad></gpxtpx:TrackPointExtension></extensions></trkpt>
<trkpt lat="-33.7873936" lon="-70.2061708">
<ele>1591</ele><time>2026-09-27T19:01:58.908Z</time><extensions><gpxtpx:TrackPointExtension><gpxtpx:hr>112</gpxtpx:hr><gpxtpx:cad>34</gpxtpx:cad></gpxtpx:TrackPointExtension></extensions></trkpt>
<trkpt lat="-33.7873975" lon="-70.2062324">
<ele>1590</ele><time>2026-09-27T19:02:05.908Z</time><extensions><gpxtpx:TrackPointExtension><gpxtpx:hr>112</gpxtpx:hr><gpxtpx:cad>36</gpxtpx:cad></gpxtpx:TrackPointExtension></extensions></trkpt>
<trkpt lat="-33.7873842" lon="-70.2062885">
<ele>1589</ele><time>2026-09-27T19:02:12.908Z</time><extensions><gpxtpx:TrackPointExtension><gpxtpx:hr>114</gpxtpx:hr><gpxtpx:cad>40</gpxtpx:cad></gpxtpx:TrackPointExtension></extensions></trkpt>
<trkpt lat="-33.7873748" lon="-70.2063447">
<ele>1588</ele><time>2026-09-27T19:02:21.908Z</time><extensions><gpxtpx:TrackPointExtension><gpxtpx:hr>110</gpxtpx:hr><gpxtpx:cad>36</gpxtpx:cad></gpxtpx:TrackPointExtension></extensions></trkpt>
<trkpt lat="-33.7873780" lon="-70.2064021">
<ele>1586</ele><time>2026-09-27T19:02:28.908Z</time><extensions><gpxtpx:TrackPointExtension><gpxtpx:hr>112</gpxtpx:hr><gpxtpx:cad>36</gpxtpx:cad></gpxtpx:TrackPointExtension></extensions></trkpt>
<trkpt lat="-33.7873807" lon="-70.2064619">
<ele>1585</ele><time>2026-09-27T19:02:34.908Z</time><extensions><gpxtpx:TrackPointExtension><gpxtpx:hr>112</gpxtpx:hr><gpxtpx:cad>37</gpxtpx:cad></gpxtpx:TrackPointExtension></extensions></trkpt>
<trkpt lat="-33.7873617" lon="-70.2065117">
<ele>1584</ele><time>2026-09-27T19:02:41.909Z</time><extensions><gpxtpx:TrackPointExtension><gpxtpx:hr>108</gpxtpx:hr><gpxtpx:cad>38</gpxtpx:cad></gpxtpx:TrackPointExtension></extensions></trkpt>
<trkpt lat="-33.7873527" lon="-70.2065661">
<ele>1582</ele><time>2026-09-27T19:02:50.909Z</time><extensions><gpxtpx:TrackPointExtension><gpxtpx:hr>110</gpxtpx:hr><gpxtpx:cad>37</gpxtpx:cad></gpxtpx:TrackPointExtension></extensions></trkpt>
<trkpt lat="-33.7873556" lon="-70.2066250">
<ele>1581</ele><time>2026-09-27T19:02:57.909Z</time><extensions><gpxtpx:TrackPointExtension><gpxtpx:hr>109</gpxtpx:hr><gpxtpx:cad>36</gpxtpx:cad></gpxtpx:TrackPointExtension></extensions></trkpt>
<trkpt lat="-33.7873401" lon="-70.2066775">
<ele>1580</ele><time>2026-09-27T19:03:07.909Z</time><extensions><gpxtpx:TrackPointExtension><gpxtpx:hr>109</gpxtpx:hr><gpxtpx:cad>37</gpxtpx:cad></gpxtpx:TrackPointExtension></extensions></trkpt>
<trkpt lat="-33.7873399" lon="-70.2067346">
<ele>1579</ele><time>2026-09-27T19:03:17.909Z</time><extensions><gpxtpx:TrackPointExtension><gpxtpx:hr>104</gpxtpx:hr><gpxtpx:cad>37</gpxtpx:cad></gpxtpx:TrackPointExtension></extensions></trkpt>
<trkpt lat="-33.7873389" lon="-70.2067887">
<ele>1577</ele><time>2026-09-27T19:03:26.909Z</time><extensions><gpxtpx:TrackPointExtension><gpxtpx:hr>106</gpxtpx:hr><gpxtpx:cad>37</gpxtpx:cad></gpxtpx:TrackPointExtension></extensions></trkpt>
<trkpt lat="-33.7873307" lon="-70.2068424">
<ele>1576</ele><time>2026-09-27T19:03:35.909Z</time><extensions><gpxtpx:TrackPointExtension><gpxtpx:hr>105</gpxtpx:hr><gpxtpx:cad>39</gpxtpx:cad></gpxtpx:TrackPointExtension></extensions></trkpt>
<trkpt lat="-33.7873278" lon="-70.2068971">
<ele>1575</ele><time>2026-09-27T19:03:45.909Z</time><extensions><gpxtpx:TrackPointExtension><gpxtpx:hr>107</gpxtpx:hr><gpxtpx:cad>37</gpxtpx:cad></gpxtpx:TrackPointExtension></extensions></trkpt>
<trkpt lat="-33.7873353" lon="-70.2069734">
<ele>1574</ele><time>2026-09-27T19:03:57.910Z</time><extensions><gpxtpx:TrackPointExtension><gpxtpx:hr>111</gpxtpx:hr><gpxtpx:cad>36</gpxtpx:cad></gpxtpx:TrackPointExtension></extensions></trkpt>
<trkpt lat="-33.7873453" lon="-70.2070310">
<ele>1573</ele><time>2026-09-27T19:04:05.910Z</time><extensions><gpxtpx:TrackPointExtension><gpxtpx:hr>109</gpxtpx:hr><gpxtpx:cad>35</gpxtpx:cad></gpxtpx:TrackPointExtension></extensions></trkpt>
<trkpt lat="-33.7873349" lon="-70.2070915">
<ele>1572</ele><time>2026-09-27T19:04:15.910Z</time><extensions><gpxtpx:TrackPointExtension><gpxtpx:hr>110</gpxtpx:hr><gpxtpx:cad>34</gpxtpx:cad></gpxtpx:TrackPointExtension></extensions></trkpt>
<trkpt lat="-33.7873283" lon="-70.2071548">
<ele>1570</ele><time>2026-09-27T19:04:21.910Z</time><extensions><gpxtpx:TrackPointExtension><gpxtpx:hr>114</gpxtpx:hr><gpxtpx:cad>33</gpxtpx:cad></gpxtpx:TrackPointExtension></extensions></trkpt>
<trkpt lat="-33.7873271" lon="-70.2072164">
<ele>1569</ele><time>2026-09-27T19:04:29.910Z</time><extensions><gpxtpx:TrackPointExtension><gpxtpx:hr>113</gpxtpx:hr><gpxtpx:cad>31</gpxtpx:cad></gpxtpx:TrackPointExtension></extensions></trkpt>
<trkpt lat="-33.7873242" lon="-70.2072759">
<ele>1568</ele><time>2026-09-27T19:04:34.909Z</time><extensions><gpxtpx:TrackPointExtension><gpxtpx:hr>114</gpxtpx:hr><gpxtpx:cad>30</gpxtpx:cad></gpxtpx:TrackPointExtension></extensions></trkpt>
<trkpt lat="-33.7873227" lon="-70.2073350">
<ele>1567</ele><time>2026-09-27T19:04:41.909Z</time><extensions><gpxtpx:TrackPointExtension><gpxtpx:hr>112</gpxtpx:hr><gpxtpx:cad>30</gpxtpx:cad></gpxtpx:TrackPointExtension></extensions></trkpt>
<trkpt lat="-33.7873332" lon="-70.2073972">
<ele>1566</ele><time>2026-09-27T19:04:47.909Z</time><extensions><gpxtpx:TrackPointExtension><gpxtpx:hr>112</gpxtpx:hr><gpxtpx:cad>30</gpxtpx:cad></gpxtpx:TrackPointExtension></extensions></trkpt>
<trkpt lat="-33.7873399" lon="-70.2074555">
<ele>1565</ele><time>2026-09-27T19:04:54.910Z</time><extensions><gpxtpx:TrackPointExtension><gpxtpx:hr>114</gpxtpx:hr><gpxtpx:cad>31</gpxtpx:cad></gpxtpx:TrackPointExtension></extensions></trkpt>
<trkpt lat="-33.7873426" lon="-70.2075138">
<ele>1564</ele><time>2026-09-27T19:05:04.910Z</time><extensions><gpxtpx:TrackPointExtension><gpxtpx:hr>109</gpxtpx:hr><gpxtpx:cad>31</gpxtpx:cad></gpxtpx:TrackPointExtension></extensions></trkpt>
<trkpt lat="-33.7873542" lon="-70.2075678">
<ele>1562</ele><time>2026-09-27T19:05:12.910Z</time><extensions><gpxtpx:TrackPointExtension><gpxtpx:hr>110</gpxtpx:hr><gpxtpx:cad>31</gpxtpx:cad></gpxtpx:TrackPointExtension></extensions></trkpt>
<trkpt lat="-33.7873704" lon="-70.2076188">
<ele>1561</ele><time>2026-09-27T19:05:22.910Z</time><extensions><gpxtpx:TrackPointExtension><gpxtpx:hr>107</gpxtpx:hr><gpxtpx:cad>32</gpxtpx:cad></gpxtpx:TrackPointExtension></extensions></trkpt>
<trkpt lat="-33.7874080" lon="-70.2076564">
<ele>1559</ele><time>2026-09-27T19:05:39.910Z</time><extensions><gpxtpx:TrackPointExtension><gpxtpx:hr>109</gpxtpx:hr><gpxtpx:cad>30</gpxtpx:cad></gpxtpx:TrackPointExtension></extensions></trkpt>
<trkpt lat="-33.7874364" lon="-70.2077022">
<ele>1558</ele><time>2026-09-27T19:05:51.910Z</time><extensions><gpxtpx:TrackPointExtension><gpxtpx:hr>110</gpxtpx:hr><gpxtpx:cad>29</gpxtpx:cad></gpxtpx:TrackPointExtension></extensions></trkpt>
<trkpt lat="-33.7874669" lon="-70.2076572">
<ele>1556</ele><time>2026-09-27T19:05:58.910Z</time><extensions><gpxtpx:TrackPointExtension><gpxtpx:hr>115</gpxtpx:hr><gpxtpx:cad>27</gpxtpx:cad></gpxtpx:TrackPointExtension></extensions></trkpt>
<trkpt lat="-33.7874766" lon="-70.2075994">
<ele>1554</ele><time>2026-09-27T19:06:08.911Z</time><extensions><gpxtpx:TrackPointExtension><gpxtpx:hr>116</gpxtpx:hr><gpxtpx:cad>26</gpxtpx:cad></gpxtpx:TrackPointExtension></extensions></trkpt>
<trkpt lat="-33.7875180" lon="-70.2075780">
<ele>1552</ele><time>2026-09-27T19:06:17.911Z</time><extensions><gpxtpx:TrackPointExtension><gpxtpx:hr>121</gpxtpx:hr><gpxtpx:cad>25</gpxtpx:cad></gpxtpx:TrackPointExtension></extensions></trkpt>
<trkpt lat="-33.7875162" lon="-70.2075175">
<ele>1550</ele><time>2026-09-27T19:06:27.911Z</time><extensions><gpxtpx:TrackPointExtension><gpxtpx:hr>112</gpxtpx:hr><gpxtpx:cad>24</gpxtpx:cad></gpxtpx:TrackPointExtension></extensions></trkpt>
<trkpt lat="-33.7875622" lon="-70.2074995">
<ele>1548</ele><time>2026-09-27T19:06:41.911Z</time><extensions><gpxtpx:TrackPointExtension><gpxtpx:hr>110</gpxtpx:hr><gpxtpx:cad>24</gpxtpx:cad></gpxtpx:TrackPointExtension></extensions></trkpt>
<trkpt lat="-33.7876140" lon="-70.2075081">
<ele>1547</ele><time>2026-09-27T19:06:57.911Z</time><extensions><gpxtpx:TrackPointExtension><gpxtpx:hr>115</gpxtpx:hr><gpxtpx:cad>25</gpxtpx:cad></gpxtpx:TrackPointExtension></extensions></trkpt>
<trkpt lat="-33.7876475" lon="-70.2074639">
<ele>1545</ele><time>2026-09-27T19:07:10.911Z</time><extensions><gpxtpx:TrackPointExtension><gpxtpx:hr>113</gpxtpx:hr><gpxtpx:cad>26</gpxtpx:cad></gpxtpx:TrackPointExtension></extensions></trkpt>
<trkpt lat="-33.7876858" lon="-70.2074281">
<ele>1543</ele><time>2026-09-27T19:07:19.911Z</time><extensions><gpxtpx:TrackPointExtension><gpxtpx:hr>114</gpxtpx:hr><gpxtpx:cad>27</gpxtpx:cad></gpxtpx:TrackPointExtension></extensions></trkpt>
<trkpt lat="-33.7877075" lon="-70.2073774">
<ele>1541</ele><time>2026-09-27T19:07:29.912Z</time><extensions><gpxtpx:TrackPointExtension><gpxtpx:hr>116</gpxtpx:hr><gpxtpx:cad>27</gpxtpx:cad></gpxtpx:TrackPointExtension></extensions></trkpt>
<trkpt lat="-33.7877643" lon="-70.2073495">
<ele>1540</ele><time>2026-09-27T19:07:41.912Z</time><extensions><gpxtpx:TrackPointExtension><gpxtpx:hr>107</gpxtpx:hr><gpxtpx:cad>26</gpxtpx:cad></gpxtpx:TrackPointExtension></extensions></trkpt>
<trkpt lat="-33.7877937" lon="-70.2073927">
<ele>1538</ele><time>2026-09-27T19:07:58.912Z</time><extensions><gpxtpx:TrackPointExtension><gpxtpx:hr>108</gpxtpx:hr><gpxtpx:cad>25</gpxtpx:cad></gpxtpx:TrackPointExtension></extensions></trkpt>
<trkpt lat="-33.7877779" lon="-70.2074438">
<ele>1536</ele><time>2026-09-27T19:08:06.912Z</time><extensions><gpxtpx:TrackPointExtension><gpxtpx:hr>113</gpxtpx:hr><gpxtpx:cad>24</gpxtpx:cad></gpxtpx:TrackPointExtension></extensions></trkpt>
<trkpt lat="-33.7878127" lon="-70.2074824">
<ele>1534</ele><time>2026-09-27T19:08:19.912Z</time><extensions><gpxtpx:TrackPointExtension><gpxtpx:hr>113</gpxtpx:hr><gpxtpx:cad>23</gpxtpx:cad></gpxtpx:TrackPointExtension></extensions></trkpt>
<trkpt lat="-33.7878370" lon="-70.2075292">
<ele>1532</ele><time>2026-09-27T19:08:30.912Z</time><extensions><gpxtpx:TrackPointExtension><gpxtpx:hr>113</gpxtpx:hr><gpxtpx:cad>21</gpxtpx:cad></gpxtpx:TrackPointExtension></extensions></trkpt>
<trkpt lat="-33.7878572" lon="-70.2075779">
<ele>1531</ele><time>2026-09-27T19:08:41.913Z</time><extensions><gpxtpx:TrackPointExtension><gpxtpx:hr>112</gpxtpx:hr><gpxtpx:cad>22</gpxtpx:cad></gpxtpx:TrackPointExtension></extensions></trkpt>
<trkpt lat="-33.7878777" lon="-70.2076315">
<ele>1529</ele><time>2026-09-27T19:08:52.912Z</time><extensions><gpxtpx:TrackPointExtension><gpxtpx:hr>114</gpxtpx:hr><gpxtpx:cad>21</gpxtpx:cad></gpxtpx:TrackPointExtension></extensions></trkpt>
<trkpt lat="-33.7878922" lon="-70.2076833">
<ele>1528</ele><time>2026-09-27T19:09:01.912Z</time><extensions><gpxtpx:TrackPointExtension><gpxtpx:hr>119</gpxtpx:hr><gpxtpx:cad>22</gpxtpx:cad></gpxtpx:TrackPointExtension></extensions></trkpt>
<trkpt lat="-33.7879220" lon="-70.2077252">
<ele>1526</ele><time>2026-09-27T19:09:11.913Z</time><extensions><gpxtpx:TrackPointExtension><gpxtpx:hr>117</gpxtpx:hr><gpxtpx:cad>23</gpxtpx:cad></gpxtpx:TrackPointExtension></extensions></trkpt>
<trkpt lat="-33.7879407" lon="-70.2077761">
<ele>1525</ele><time>2026-09-27T19:09:28.913Z</time><extensions><gpxtpx:TrackPointExtension><gpxtpx:hr>112</gpxtpx:hr><gpxtpx:cad>23</gpxtpx:cad></gpxtpx:TrackPointExtension></extensions></trkpt>
<trkpt lat="-33.7879546" lon="-70.2078277">
<ele>1524</ele><time>2026-09-27T19:09:39.913Z</time><extensions><gpxtpx:TrackPointExtension><gpxtpx:hr>114</gpxtpx:hr><gpxtpx:cad>23</gpxtpx:cad></gpxtpx:TrackPointExtension></extensions></trkpt>
<trkpt lat="-33.7879421" lon="-70.2078834">
<ele>1523</ele><time>2026-09-27T19:09:50.913Z</time><extensions><gpxtpx:TrackPointExtension><gpxtpx:hr>111</gpxtpx:hr><gpxtpx:cad>25</gpxtpx:cad></gpxtpx:TrackPointExtension></extensions></trkpt>
<trkpt lat="-33.7879176" lon="-70.2079314">
<ele>1521</ele><time>2026-09-27T19:10:00.913Z</time><extensions><gpxtpx:TrackPointExtension><gpxtpx:hr>108</gpxtpx:hr><gpxtpx:cad>24</gpxtpx:cad></gpxtpx:TrackPointExtension></extensions></trkpt>
<trkpt lat="-33.7879137" lon="-70.2079883">
<ele>1520</ele><time>2026-09-27T19:10:09.913Z</time><extensions><gpxtpx:TrackPointExtension><gpxtpx:hr>110</gpxtpx:hr><gpxtpx:cad>24</gpxtpx:cad></gpxtpx:TrackPointExtension></extensions></trkpt>
<trkpt lat="-33.7878717" lon="-70.2080260">
<ele>1518</ele><time>2026-09-27T19:10:22.914Z</time><extensions><gpxtpx:TrackPointExtension><gpxtpx:hr>108</gpxtpx:hr><gpxtpx:cad>24</gpxtpx:cad></gpxtpx:TrackPointExtension></extensions></trkpt>
<trkpt lat="-33.7878784" lon="-70.2080865">
<ele>1517</ele><time>2026-09-27T19:10:34.914Z</time><extensions><gpxtpx:TrackPointExtension><gpxtpx:hr>105</gpxtpx:hr><gpxtpx:cad>24</gpxtpx:cad></gpxtpx:TrackPointExtension></extensions></trkpt>
<trkpt lat="-33.7878778" lon="-70.2081441">
<ele>1515</ele><time>2026-09-27T19:10:50.913Z</time><extensions><gpxtpx:TrackPointExtension><gpxtpx:hr>109</gpxtpx:hr><gpxtpx:cad>25</gpxtpx:cad></gpxtpx:TrackPointExtension></extensions></trkpt>
<trkpt lat="-33.7878695" lon="-70.2081982">
<ele>1514</ele><time>2026-09-27T19:10:56.914Z</time><extensions><gpxtpx:TrackPointExtension><gpxtpx:hr>112</gpxtpx:hr><gpxtpx:cad>27</gpxtpx:cad></gpxtpx:TrackPointExtension></extensions></trkpt>
<trkpt lat="-33.7878942" lon="-70.2082485">
<ele>1512</ele><time>2026-09-27T19:11:01.914Z</time><extensions><gpxtpx:TrackPointExtension><gpxtpx:hr>111</gpxtpx:hr><gpxtpx:cad>28</gpxtpx:cad></gpxtpx:TrackPointExtension></extensions></trkpt>
<trkpt lat="-33.7878852" lon="-70.2083020">
<ele>1510</ele><time>2026-09-27T19:11:09.914Z</time><extensions><gpxtpx:TrackPointExtension><gpxtpx:hr>123</gpxtpx:hr><gpxtpx:cad>28</gpxtpx:cad></gpxtpx:TrackPointExtension></extensions></trkpt>
<trkpt lat="-33.7879347" lon="-70.2082930">
<ele>1508</ele><time>2026-09-27T19:11:16.914Z</time><extensions><gpxtpx:TrackPointExtension><gpxtpx:hr>124</gpxtpx:hr><gpxtpx:cad>27</gpxtpx:cad></gpxtpx:TrackPointExtension></extensions></trkpt>
<trkpt lat="-33.7879643" lon="-70.2082478">
<ele>1507</ele><time>2026-09-27T19:11:23.914Z</time><extensions><gpxtpx:TrackPointExtension><gpxtpx:hr>123</gpxtpx:hr><gpxtpx:cad>26</gpxtpx:cad></gpxtpx:TrackPointExtension></extensions></trkpt>
<trkpt lat="-33.7880119" lon="-70.2082648">
<ele>1505</ele><time>2026-09-27T19:11:37.915Z</time><extensions><gpxtpx:TrackPointExtension><gpxtpx:hr>120</gpxtpx:hr><gpxtpx:cad>27</gpxtpx:cad></gpxtpx:TrackPointExtension></extensions></trkpt>
<trkpt lat="-33.7880563" lon="-70.2082436">
<ele>1503</ele><time>2026-09-27T19:11:46.915Z</time><extensions><gpxtpx:TrackPointExtension><gpxtpx:hr>119</gpxtpx:hr><gpxtpx:cad>25</gpxtpx:cad></gpxtpx:TrackPointExtension></extensions></trkpt>
<trkpt lat="-33.7880965" lon="-70.2082083">
<ele>1501</ele><time>2026-09-27T19:11:57.915Z</time><extensions><gpxtpx:TrackPointExtension><gpxtpx:hr>120</gpxtpx:hr><gpxtpx:cad>26</gpxtpx:cad></gpxtpx:TrackPointExtension></extensions></trkpt>
<trkpt lat="-33.7881396" lon="-70.2081741">
<ele>1499</ele><time>2026-09-27T19:12:08.915Z</time><extensions><gpxtpx:TrackPointExtension><gpxtpx:hr>114</gpxtpx:hr><gpxtpx:cad>27</gpxtpx:cad></gpxtpx:TrackPointExtension></extensions></trkpt>
<trkpt lat="-33.7881874" lon="-70.2081525">
<ele>1498</ele><time>2026-09-27T19:12:15.915Z</time><extensions><gpxtpx:TrackPointExtension><gpxtpx:hr>116</gpxtpx:hr><gpxtpx:cad>26</gpxtpx:cad></gpxtpx:TrackPointExtension></extensions></trkpt>
<trkpt lat="-33.7882323" lon="-70.2081361">
<ele>1496</ele><time>2026-09-27T19:12:27.915Z</time><extensions><gpxtpx:TrackPointExtension><gpxtpx:hr>115</gpxtpx:hr><gpxtpx:cad>26</gpxtpx:cad></gpxtpx:TrackPointExtension></extensions></trkpt>
<trkpt lat="-33.7882755" lon="-70.2081103">
<ele>1494</ele><time>2026-09-27T19:12:37.915Z</time><extensions><gpxtpx:TrackPointExtension><gpxtpx:hr>110</gpxtpx:hr><gpxtpx:cad>24</gpxtpx:cad></gpxtpx:TrackPointExtension></extensions></trkpt>
<trkpt lat="-33.7883196" lon="-70.2080971">
<ele>1493</ele><time>2026-09-27T19:12:45.916Z</time><extensions><gpxtpx:TrackPointExtension><gpxtpx:hr>114</gpxtpx:hr><gpxtpx:cad>23</gpxtpx:cad></gpxtpx:TrackPointExtension></extensions></trkpt>
<trkpt lat="-33.7883581" lon="-70.2080600">
<ele>1492</ele><time>2026-09-27T19:12:53.916Z</time><extensions><gpxtpx:TrackPointExtension><gpxtpx:hr>113</gpxtpx:hr><gpxtpx:cad>23</gpxtpx:cad></gpxtpx:TrackPointExtension></extensions></trkpt>
<trkpt lat="-33.7883939" lon="-70.2080247">
<ele>1490</ele><time>2026-09-27T19:13:02.915Z</time><extensions><gpxtpx:TrackPointExtension><gpxtpx:hr>114</gpxtpx:hr><gpxtpx:cad>25</gpxtpx:cad></gpxtpx:TrackPointExtension></extensions></trkpt>
<trkpt lat="-33.7884302" lon="-70.2079813">
<ele>1489</ele><time>2026-09-27T19:13:12.914Z</time><extensions><gpxtpx:TrackPointExtension><gpxtpx:hr>115</gpxtpx:hr><gpxtpx:cad>25</gpxtpx:cad></gpxtpx:TrackPointExtension></extensions></trkpt>
<trkpt lat="-33.7884737" lon="-70.2079664">
<ele>1487</ele><time>2026-09-27T19:13:22.914Z</time><extensions><gpxtpx:TrackPointExtension><gpxtpx:hr>110</gpxtpx:hr><gpxtpx:cad>28</gpxtpx:cad></gpxtpx:TrackPointExtension></extensions></trkpt>
<trkpt lat="-33.7885212" lon="-70.2079377">
<ele>1486</ele><time>2026-09-27T19:13:35.915Z</time><extensions><gpxtpx:TrackPointExtension><gpxtpx:hr>109</gpxtpx:hr><gpxtpx:cad>28</gpxtpx:cad></gpxtpx:TrackPointExtension></extensions></trkpt>
<trkpt lat="-33.7885426" lon="-70.2078898">
<ele>1484</ele><time>2026-09-27T19:13:44.915Z</time><extensions><gpxtpx:TrackPointExtension><gpxtpx:hr>116</gpxtpx:hr><gpxtpx:cad>28</gpxtpx:cad></gpxtpx:TrackPointExtension></extensions></trkpt>
<trkpt lat="-33.7885887" lon="-70.2078888">
<ele>1482</ele><time>2026-09-27T19:14:03.915Z</time><extensions><gpxtpx:TrackPointExtension><gpxtpx:hr>112</gpxtpx:hr><gpxtpx:cad>30</gpxtpx:cad></gpxtpx:TrackPointExtension></extensions></trkpt>
<trkpt lat="-33.7886101" lon="-70.2079381">
<ele>1480</ele><time>2026-09-27T19:14:11.915Z</time><extensions><gpxtpx:TrackPointExtension><gpxtpx:hr>112</gpxtpx:hr><gpxtpx:cad>30</gpxtpx:cad></gpxtpx:TrackPointExtension></extensions></trkpt>
<trkpt lat="-33.7886262" lon="-70.2079974">
<ele>1478</ele><time>2026-09-27T19:14:22.915Z</time><extensions><gpxtpx:TrackPointExtension><gpxtpx:hr>115</gpxtpx:hr><gpxtpx:cad>29</gpxtpx:cad></gpxtpx:TrackPointExtension></extensions></trkpt>
<trkpt lat="-33.7886732" lon="-70.2079817">
<ele>1476</ele><time>2026-09-27T19:14:29.915Z</time><extensions><gpxtpx:TrackPointExtension><gpxtpx:hr>116</gpxtpx:hr><gpxtpx:cad>31</gpxtpx:cad></gpxtpx:TrackPointExtension></extensions></trkpt>
<trkpt lat="-33.7886735" lon="-70.2080371">
<ele>1475</ele><time>2026-09-27T19:14:39.915Z</time><extensions><gpxtpx:TrackPointExtension><gpxtpx:hr>115</gpxtpx:hr><gpxtpx:cad>32</gpxtpx:cad></gpxtpx:TrackPointExtension></extensions></trkpt>
<trkpt lat="-33.7886725" lon="-70.2081000">
<ele>1473</ele><time>2026-09-27T19:14:50.916Z</time><extensions><gpxtpx:TrackPointExtension><gpxtpx:hr>118</gpxtpx:hr><gpxtpx:cad>31</gpxtpx:cad></gpxtpx:TrackPointExtension></extensions></trkpt>
<trkpt lat="-33.7886546" lon="-70.2081503">
<ele>1472</ele><time>2026-09-27T19:14:57.916Z</time><extensions><gpxtpx:TrackPointExtension><gpxtpx:hr>120</gpxtpx:hr><gpxtpx:cad>32</gpxtpx:cad></gpxtpx:TrackPointExtension></extensions></trkpt>
<trkpt lat="-33.7886288" lon="-70.2081971">
<ele>1471</ele><time>2026-09-27T19:15:04.907Z</time><extensions><gpxtpx:TrackPointExtension><gpxtpx:hr>120</gpxtpx:hr><gpxtpx:cad>30</gpxtpx:cad></gpxtpx:TrackPointExtension></extensions></trkpt>
<trkpt lat="-33.7886069" lon="-70.2082462">
<ele>1470</ele><time>2026-09-27T19:15:11.899Z</time><extensions><gpxtpx:TrackPointExtension><gpxtpx:hr>121</gpxtpx:hr><gpxtpx:cad>30</gpxtpx:cad></gpxtpx:TrackPointExtension></extensions></trkpt>
<trkpt lat="-33.7885994" lon="-70.2083065">
<ele>1469</ele><time>2026-09-27T19:15:22.892Z</time><extensions><gpxtpx:TrackPointExtension><gpxtpx:hr>117</gpxtpx:hr><gpxtpx:cad>31</gpxtpx:cad></gpxtpx:TrackPointExtension></extensions></trkpt>
<trkpt lat="-33.7885828" lon="-70.2083587">
<ele>1467</ele><time>2026-09-27T19:15:33.889Z</time><extensions><gpxtpx:TrackPointExtension><gpxtpx:hr>113</gpxtpx:hr><gpxtpx:cad>30</gpxtpx:cad></gpxtpx:TrackPointExtension></extensions></trkpt>
<trkpt lat="-33.7885841" lon="-70.2084129">
<ele>1466</ele><time>2026-09-27T19:15:41.888Z</time><extensions><gpxtpx:TrackPointExtension><gpxtpx:hr>112</gpxtpx:hr><gpxtpx:cad>30</gpxtpx:cad></gpxtpx:TrackPointExtension></extensions></trkpt>
<trkpt lat="-33.7886170" lon="-70.2084501">
<ele>1464</ele><time>2026-09-27T19:15:53.887Z</time><extensions><gpxtpx:TrackPointExtension><gpxtpx:hr>113</gpxtpx:hr><gpxtpx:cad>27</gpxtpx:cad></gpxtpx:TrackPointExtension></extensions></trkpt>
<trkpt lat="-33.7886539" lon="-70.2084864">
<ele>1463</ele><time>2026-09-27T19:16:03.886Z</time><extensions><gpxtpx:TrackPointExtension><gpxtpx:hr>111</gpxtpx:hr><gpxtpx:cad>24</gpxtpx:cad></gpxtpx:TrackPointExtension></extensions></trkpt>
<trkpt lat="-33.7886886" lon="-70.2085227">
<ele>1461</ele><time>2026-09-27T19:16:27.886Z</time><extensions><gpxtpx:TrackPointExtension><gpxtpx:hr>114</gpxtpx:hr><gpxtpx:cad>25</gpxtpx:cad></gpxtpx:TrackPointExtension></extensions></trkpt>
<trkpt lat="-33.7887008" lon="-70.2085884">
<ele>1459</ele><time>2026-09-27T19:16:37.886Z</time><extensions><gpxtpx:TrackPointExtension><gpxtpx:hr>114</gpxtpx:hr><gpxtpx:cad>27</gpxtpx:cad></gpxtpx:TrackPointExtension></extensions></trkpt>
<trkpt lat="-33.7887230" lon="-70.2086422">
<ele>1457</ele><time>2026-09-27T19:16:45.886Z</time><extensions><gpxtpx:TrackPointExtension><gpxtpx:hr>114</gpxtpx:hr><gpxtpx:cad>26</gpxtpx:cad></gpxtpx:TrackPointExtension></extensions></trkpt>
<trkpt lat="-33.7887419" lon="-70.2086935">
<ele>1456</ele><time>2026-09-27T19:16:52.886Z</time><extensions><gpxtpx:TrackPointExtension><gpxtpx:hr>115</gpxtpx:hr><gpxtpx:cad>27</gpxtpx:cad></gpxtpx:TrackPointExtension></extensions></trkpt>
<trkpt lat="-33.7887744" lon="-70.2087322">
<ele>1454</ele><time>2026-09-27T19:17:00.886Z</time><extensions><gpxtpx:TrackPointExtension><gpxtpx:hr>115</gpxtpx:hr><gpxtpx:cad>30</gpxtpx:cad></gpxtpx:TrackPointExtension></extensions></trkpt>
<trkpt lat="-33.7888054" lon="-70.2087772">
<ele>1453</ele><time>2026-09-27T19:17:10.885Z</time><extensions><gpxtpx:TrackPointExtension><gpxtpx:hr>117</gpxtpx:hr><gpxtpx:cad>28</gpxtpx:cad></gpxtpx:TrackPointExtension></extensions></trkpt>
<trkpt lat="-33.7888414" lon="-70.2088154">
<ele>1451</ele><time>2026-09-27T19:17:20.885Z</time><extensions><gpxtpx:TrackPointExtension><gpxtpx:hr>116</gpxtpx:hr><gpxtpx:cad>29</gpxtpx:cad></gpxtpx:TrackPointExtension></extensions></trkpt>
<trkpt lat="-33.7888642" lon="-70.2088656">
<ele>1450</ele><time>2026-09-27T19:17:35.886Z</time><extensions><gpxtpx:TrackPointExtension><gpxtpx:hr>119</gpxtpx:hr><gpxtpx:cad>31</gpxtpx:cad></gpxtpx:TrackPointExtension></extensions></trkpt>
<trkpt lat="-33.7889027" lon="-70.2088947">
<ele>1448</ele><time>2026-09-27T19:17:41.886Z</time><extensions><gpxtpx:TrackPointExtension><gpxtpx:hr>118</gpxtpx:hr><gpxtpx:cad>33</gpxtpx:cad></gpxtpx:TrackPointExtension></extensions></trkpt>
<trkpt lat="-33.7889277" lon="-70.2089427">
<ele>1447</ele><time>2026-09-27T19:17:47.886Z</time><extensions><gpxtpx:TrackPointExtension><gpxtpx:hr>118</gpxtpx:hr><gpxtpx:cad>37</gpxtpx:cad></gpxtpx:TrackPointExtension></extensions></trkpt>
<trkpt lat="-33.7889646" lon="-70.2089773">
<ele>1445</ele><time>2026-09-27T19:17:54.886Z</time><extensions><gpxtpx:TrackPointExtension><gpxtpx:hr>114</gpxtpx:hr><gpxtpx:cad>39</gpxtpx:cad></gpxtpx:TrackPointExtension></extensions></trkpt>
<trkpt lat="-33.7890063" lon="-70.2090185">
<ele>1444</ele><time>2026-09-27T19:18:01.886Z</time><extensions><gpxtpx:TrackPointExtension><gpxtpx:hr>113</gpxtpx:hr><gpxtpx:cad>38</gpxtpx:cad></gpxtpx:TrackPointExtension></extensions></trkpt>
<trkpt lat="-33.7890414" lon="-70.2090538">
<ele>1442</ele><time>2026-09-27T19:18:10.886Z</time><extensions><gpxtpx:TrackPointExtension><gpxtpx:hr>115</gpxtpx:hr><gpxtpx:cad>39</gpxtpx:cad></gpxtpx:TrackPointExtension></extensions></trkpt>
<trkpt lat="-33.7890571" lon="-70.2091047">
<ele>1441</ele><time>2026-09-27T19:18:17.887Z</time><extensions><gpxtpx:TrackPointExtension><gpxtpx:hr>117</gpxtpx:hr><gpxtpx:cad>39</gpxtpx:cad></gpxtpx:TrackPointExtension></extensions></trkpt>
<trkpt lat="-33.7890696" lon="-70.2091610">
<ele>1439</ele><time>2026-09-27T19:18:24.887Z</time><extensions><gpxtpx:TrackPointExtension><gpxtpx:hr>117</gpxtpx:hr><gpxtpx:cad>41</gpxtpx:cad></gpxtpx:TrackPointExtension></extensions></trkpt>
<trkpt lat="-33.7891029" lon="-70.2091098">
<ele>1438</ele><time>2026-09-27T19:18:38.887Z</time><extensions><gpxtpx:TrackPointExtension><gpxtpx:hr>112</gpxtpx:hr><gpxtpx:cad>43</gpxtpx:cad></gpxtpx:TrackPointExtension></extensions></trkpt>
<trkpt lat="-33.7891342" lon="-70.2090671">
<ele>1436</ele><time>2026-09-27T19:18:54.887Z</time><extensions><gpxtpx:TrackPointExtension><gpxtpx:hr>115</gpxtpx:hr><gpxtpx:cad>44</gpxtpx:cad></gpxtpx:TrackPointExtension></extensions></trkpt>
<trkpt lat="-33.7891815" lon="-70.2090689">
<ele>1434</ele><time>2026-09-27T19:19:03.887Z</time><extensions><gpxtpx:TrackPointExtension><gpxtpx:hr>114</gpxtpx:hr><gpxtpx:cad>43</gpxtpx:cad></gpxtpx:TrackPointExtension></extensions></trkpt>
<trkpt lat="-33.7891989" lon="-70.2091279">
<ele>1432</ele><time>2026-09-27T19:19:10.887Z</time><extensions><gpxtpx:TrackPointExtension><gpxtpx:hr>116</gpxtpx:hr><gpxtpx:cad>43</gpxtpx:cad></gpxtpx:TrackPointExtension></extensions></trkpt>
<trkpt lat="-33.7892216" lon="-70.2091781">
<ele>1430</ele><time>2026-09-27T19:19:18.886Z</time><extensions><gpxtpx:TrackPointExtension><gpxtpx:hr>115</gpxtpx:hr><gpxtpx:cad>42</gpxtpx:cad></gpxtpx:TrackPointExtension></extensions></trkpt>
<trkpt lat="-33.7892645" lon="-70.2091569">
<ele>1428</ele><time>2026-09-27T19:19:36.886Z</time><extensions><gpxtpx:TrackPointExtension><gpxtpx:hr>118</gpxtpx:hr><gpxtpx:cad>41</gpxtpx:cad></gpxtpx:TrackPointExtension></extensions></trkpt>
<trkpt lat="-33.7892956" lon="-70.2091136">
<ele>1426</ele><time>2026-09-27T19:19:47.886Z</time><extensions><gpxtpx:TrackPointExtension><gpxtpx:hr>116</gpxtpx:hr><gpxtpx:cad>41</gpxtpx:cad></gpxtpx:TrackPointExtension></extensions></trkpt>
<trkpt lat="-33.7893306" lon="-70.2090661">
<ele>1424</ele><time>2026-09-27T19:19:57.886Z</time><extensions><gpxtpx:TrackPointExtension><gpxtpx:hr>117</gpxtpx:hr><gpxtpx:cad>40</gpxtpx:cad></gpxtpx:TrackPointExtension></extensions></trkpt>
<trkpt lat="-33.7893717" lon="-70.2090998">
<ele>1422</ele><time>2026-09-27T19:20:04.886Z</time><extensions><gpxtpx:TrackPointExtension><gpxtpx:hr>116</gpxtpx:hr><gpxtpx:cad>39</gpxtpx:cad></gpxtpx:TrackPointExtension></extensions></trkpt>
<trkpt lat="-33.7894103" lon="-70.2091289">
<ele>1420</ele><time>2026-09-27T19:20:19.886Z</time><extensions><gpxtpx:TrackPointExtension><gpxtpx:hr>112</gpxtpx:hr><gpxtpx:cad>39</gpxtpx:cad></gpxtpx:TrackPointExtension></extensions></trkpt>
<trkpt lat="-33.7894548" lon="-70.2091026">
<ele>1418</ele><time>2026-09-27T19:20:25.887Z</time><extensions><gpxtpx:TrackPointExtension><gpxtpx:hr>112</gpxtpx:hr><gpxtpx:cad>37</gpxtpx:cad></gpxtpx:TrackPointExtension></extensions></trkpt>
<trkpt lat="-33.7895027" lon="-70.2091289">
<ele>1416</ele><time>2026-09-27T19:20:31.887Z</time><extensions><gpxtpx:TrackPointExtension><gpxtpx:hr>116</gpxtpx:hr><gpxtpx:cad>37</gpxtpx:cad></gpxtpx:TrackPointExtension></extensions></trkpt>
<trkpt lat="-33.7895110" lon="-70.2091852">
<ele>1414</ele><time>2026-09-27T19:20:39.887Z</time><extensions><gpxtpx:TrackPointExtension><gpxtpx:hr>121</gpxtpx:hr><gpxtpx:cad>39</gpxtpx:cad></gpxtpx:TrackPointExtension></extensions></trkpt>
<trkpt lat="-33.7895019" lon="-70.2092433">
<ele>1411</ele><time>2026-09-27T19:20:47.887Z</time><extensions><gpxtpx:TrackPointExtension><gpxtpx:hr>121</gpxtpx:hr><gpxtpx:cad>39</gpxtpx:cad></gpxtpx:TrackPointExtension></extensions></trkpt>
<trkpt lat="-33.7895408" lon="-70.2092809">
<ele>1409</ele><time>2026-09-27T19:20:59.887Z</time><extensions><gpxtpx:TrackPointExtension><gpxtpx:hr>118</gpxtpx:hr><gpxtpx:cad>38</gpxtpx:cad></gpxtpx:TrackPointExtension></extensions></trkpt>
<trkpt lat="-33.7895890" lon="-70.2092725">
<ele>1407</ele><time>2026-09-27T19:21:03.887Z</time><extensions><gpxtpx:TrackPointExtension><gpxtpx:hr>120</gpxtpx:hr><gpxtpx:cad>40</gpxtpx:cad></gpxtpx:TrackPointExtension></extensions></trkpt>
<trkpt lat="-33.7896061" lon="-70.2093460">
<ele>1405</ele><time>2026-09-27T19:21:09.887Z</time><extensions><gpxtpx:TrackPointExtension><gpxtpx:hr>125</gpxtpx:hr><gpxtpx:cad>39</gpxtpx:cad></gpxtpx:TrackPointExtension></extensions></trkpt>
<trkpt lat="-33.7896548" lon="-70.2093231">
<ele>1403</ele><time>2026-09-27T19:21:12.887Z</time><extensions><gpxtpx:TrackPointExtension><gpxtpx:hr>134</gpxtpx:hr><gpxtpx:cad>40</gpxtpx:cad></gpxtpx:TrackPointExtension></extensions></trkpt>
<trkpt lat="-33.7896955" lon="-70.2093740">
<ele>1402</ele><time>2026-09-27T19:21:19.887Z</time><extensions><gpxtpx:TrackPointExtension><gpxtpx:hr>133</gpxtpx:hr><gpxtpx:cad>40</gpxtpx:cad></gpxtpx:TrackPointExtension></extensions></trkpt>
<trkpt lat="-33.7897014" lon="-70.2094390">
<ele>1401</ele><time>2026-09-27T19:21:23.887Z</time><extensions><gpxtpx:TrackPointExtension><gpxtpx:hr>132</gpxtpx:hr><gpxtpx:cad>42</gpxtpx:cad></gpxtpx:TrackPointExtension></extensions></trkpt>
<trkpt lat="-33.7897175" lon="-70.2095013">
<ele>1400</ele><time>2026-09-27T19:21:27.888Z</time><extensions><gpxtpx:TrackPointExtension><gpxtpx:hr>127</gpxtpx:hr><gpxtpx:cad>42</gpxtpx:cad></gpxtpx:TrackPointExtension></extensions></trkpt>
<trkpt lat="-33.7897317" lon="-70.2095542">
<ele>1399</ele><time>2026-09-27T19:21:30.887Z</time><extensions><gpxtpx:TrackPointExtension><gpxtpx:hr>127</gpxtpx:hr><gpxtpx:cad>46</gpxtpx:cad></gpxtpx:TrackPointExtension></extensions></trkpt>
<trkpt lat="-33.7897597" lon="-70.2096138">
<ele>1399</ele><time>2026-09-27T19:21:34.888Z</time><extensions><gpxtpx:TrackPointExtension><gpxtpx:hr>130</gpxtpx:hr><gpxtpx:cad>48</gpxtpx:cad></gpxtpx:TrackPointExtension></extensions></trkpt>
<trkpt lat="-33.7897709" lon="-70.2096685">
<ele>1399</ele><time>2026-09-27T19:21:37.888Z</time><extensions><gpxtpx:TrackPointExtension><gpxtpx:hr>125</gpxtpx:hr><gpxtpx:cad>49</gpxtpx:cad></gpxtpx:TrackPointExtension></extensions></trkpt>
<trkpt lat="-33.7897923" lon="-70.2097185">
<ele>1399</ele><time>2026-09-27T19:21:42.888Z</time><extensions><gpxtpx:TrackPointExtension><gpxtpx:hr>123</gpxtpx:hr><gpxtpx:cad>49</gpxtpx:cad></gpxtpx:TrackPointExtension></extensions></trkpt>
<trkpt lat="-33.7897696" lon="-70.2097763">
<ele>1399</ele><time>2026-09-27T19:21:51.888Z</time><extensions><gpxtpx:TrackPointExtension><gpxtpx:hr>120</gpxtpx:hr><gpxtpx:cad>47</gpxtpx:cad></gpxtpx:TrackPointExtension></extensions></trkpt>
</trkseg></trk>
</gpx>
